Unnamed: 0,Santali,English,Hindi
38525842,ᱤ ᱯᱤ ᱮᱯᱷ ᱳ (EPFO) ᱴᱟᱠᱟ ᱚᱰᱚᱠ ᱨᱮᱭᱟᱜ ᱦᱚᱨᱟ ᱩᱱᱟᱹᱜ ᱟᱸᱴᱟ ᱡᱮ ᱱᱤᱛᱚᱜ ᱤᱧ ᱵᱤᱰᱟᱹᱣᱟ ᱾,The EPFO amount withdrawal process is so painstaking that I am just not going to try it anymore.,ईपीएफओ राशि निकालने की प्रक्रिया इतनी कष्टदायी है कि अब मैं इसे और आजमाने ही नहीं जा रहा हूँ।
38535842,ᱤᱧ ᱤᱧᱟᱜ ᱢᱮᱸᱫ ᱜᱮ ᱵᱟᱹᱧ ᱯᱟᱹᱛᱭᱟᱹᱣ ᱫᱟᱲᱮᱭᱟᱜ ᱠᱟᱱ ᱛᱟᱦᱮᱸ ᱡᱚᱠᱷᱮᱡ ᱵᱟᱰᱟᱭ ᱠᱤᱫᱟᱹᱧ ᱱᱤᱭᱟᱹ ᱥᱮᱨᱢᱟ ᱫᱚ ᱤᱧ ᱡᱟᱦᱟᱱ ᱟᱭᱠᱚᱨ ᱮᱢ ᱵᱟᱝ ᱦᱩᱭᱩᱜ ᱛᱤᱧᱟ ᱾,I could not believe my eyes when I found out that I did not have to pay any income tax this year!,जब मुझे पता चला कि मुझे इस साल कोई आयकर नहीं देना है तो मुझे अपनी आँखों पर विश्वास ही नहीं हुआ!
38545842,ᱫᱚᱠᱟᱱᱫᱟᱨ ᱫᱚ ᱤᱧ ᱢᱟᱭᱠᱨᱳᱣᱮᱵᱷ ᱳᱵᱷᱮᱱ ᱨᱮᱭᱟᱜ ᱚᱡᱩᱠᱛᱤ ᱜᱚᱱᱚᱝ ᱞᱟᱹᱭᱠᱟᱛᱮ ᱤᱧᱮ ᱩᱥᱠᱟᱹᱣ ᱠᱤᱫᱤᱧᱟ ᱾,The shopkeeper provoked me by quoting an unreasonable price for the microwave oven.,दुकानदार ने माइक्रोवेव ओवन की अनुचित कीमत बताकर मुझे उकसाया।
38555842,ᱞᱟᱭᱤᱯᱷᱥᱴᱟᱭᱤᱞ ᱫᱳᱠᱟᱱ ᱨᱮ ᱠᱤᱪᱨᱤᱡ ᱠᱷᱟᱱᱰᱩᱣᱟᱹᱜ ᱨᱮᱭᱟᱜ ᱵᱷᱮᱱᱮᱜᱟᱨ ᱤᱧᱟᱜ ᱵᱚᱦᱚᱜ ᱜᱮᱭ ᱟᱹᱪᱩᱨ ᱠᱮᱫᱟ ᱾,The variety of clothes at the Lifestyle store just blew my mind!,लाइफस्टाइल स्टोर में कपड़ों की विविधता ने तो मुझे हैरान ही कर दिया!
38565842,"ᱟᱢᱟᱜ ᱫᱳᱠᱟᱱ ᱨᱤᱱᱤᱡ ᱠᱞᱟᱨᱠ ᱤᱧᱮ ᱢᱮᱛᱟᱫᱤᱧ ᱛᱟᱦᱮᱸᱜ ᱡᱮ ᱢᱤᱫᱴᱟᱝ ᱮᱠᱥᱪᱮᱧᱡ ᱯᱚᱞᱤᱥᱤ ᱢᱮᱱᱟᱜ, ᱚᱱᱟ ᱞᱟᱹᱜᱤᱫ ᱡᱩᱫᱤ ᱟᱢ ᱤᱧᱟᱜ ᱠᱟᱛᱷᱟ ᱨᱮ ᱦᱤᱫᱤᱡ ᱢᱮᱱᱟᱜ ᱛᱟᱢᱟ, ᱮᱱ ᱠᱷᱟᱱ ᱤᱧ ᱱᱤᱛᱜᱮ ᱮᱥᱴᱳᱨ ᱢᱮᱱᱮᱡᱟᱨ ᱥᱟᱞᱟᱜ ᱧᱟᱯᱟᱢ ᱤᱧ ᱠᱷᱚᱡᱚᱜ ᱠᱟᱱᱟ ᱾ (ᱤᱧ)","Your shop clerk assured me that there was an exchange policy so if you doubt my word, I WANT TO to SEE the store manager RIGHT NOW. (Me)","आपकी दुकान के क्लर्क ने मुझे आश्वासन दिया था कि एक एक्सचेंज नीति है, इसलिए यदि आपको मेरी बात पर संदेह है, तो मैं अभी स्टोर मैनेजर से मिलना चाहता हूँ।"
38575842,"ᱤᱧ ᱞᱟᱹᱜᱤᱫ ᱯᱷᱤᱞᱤᱢ  ᱴᱤᱠᱤᱴ ᱠᱤᱨᱤᱧ  ᱟᱢ ᱪᱮᱛᱟᱱ ᱴᱮᱦᱟᱴ ᱫᱚ ᱵᱮᱨᱛᱷᱟ ᱜᱮᱭᱟ, ᱚᱱᱟᱛᱮ ᱤᱧ ᱮᱠᱞᱟ ᱜᱮ ᱱᱚᱶᱟ ᱯᱷᱤᱞᱤᱢ ᱧᱮᱧᱮᱞᱤᱧ ᱥᱮᱱᱚᱜ ᱠᱟᱱᱟ ᱾","It is futile to depend on you to buy movie tickets for me, so I am going to go to this movie all alone.","मेरे लिए मूवी टिकट खरीदने के लिए आप पर निर्भर रहना व्यर्थ है, इसलिए मैं यह फिल्म देखने बिल्कुल अकेले जा रहा हूँ।"
38585842,ᱤᱧ ᱥᱤᱱᱛᱷᱮᱴᱤᱠ ᱞᱩᱜᱽᱲᱤ ᱛᱤᱧ ᱵᱚᱛᱚᱨᱟᱜᱼᱟ  ᱡᱟᱦᱟᱸ ᱫᱚ ᱜᱟᱹᱦᱤᱨ ᱮᱞᱟᱨᱡᱤ ᱨᱮᱭᱟᱜ ᱚᱡᱮ ᱦᱩᱭᱩᱜᱼᱟ ᱾,I am afraid of synthetic clothes that cause severe allergic reactions.,मुझे सिंथेटिक कपड़ों से डर लगता है जो गंभीर एलर्जी प्रतिक्रियाओं का कारण बनते हैं।
38595842,"ᱡᱚᱠᱷᱚᱱ ᱤᱧ ᱢᱤᱫ ᱨᱮᱸᱜᱮᱡᱽ ᱠᱚᱠᱚᱭᱤᱡ ᱞᱟᱹᱜᱤᱫ ᱡᱚᱢᱟᱜ ᱤᱧ ᱠᱤᱨᱤᱧ ᱞᱮᱫᱟ ᱩᱱᱤᱫᱚ ᱚᱱᱟ ᱵᱤᱱ ᱟᱹᱱᱤᱼᱵᱷᱟᱹᱵᱤ ᱠᱟᱛᱮ ᱡᱚᱵᱽᱨᱟ ᱵᱮᱫᱮ ᱨᱮᱭ ᱜᱤᱰᱤ ᱠᱟᱫᱼᱟ, ᱮᱱ ᱠᱷᱟᱱ ᱤᱧ ᱫᱩᱧ ᱟᱹᱰᱤ ᱟᱸᱴ ᱤᱧ ᱨᱟᱹᱜᱤᱭᱮᱱᱟᱟ ᱾ (ᱨᱟᱹᱜᱤ ᱮᱱᱟᱹᱧ) ᱾",I saw red (was furious) when the food I had bought for a hungry beggar was thrown callously into a dustbin by him.,मुझे बहुत गुस्सा आया जब एक भूखे भिखारी के लिए मेरे द्वारा खरीदा गया खाना उसके द्वारा बेरहमी से कूड़ेदान में फेंक दिया गया।
38605842,"ᱤᱧ ᱟᱭᱢᱟ ᱠᱟᱹᱣᱰᱤᱧ ᱪᱩᱠᱟᱹᱣ ᱟᱠᱟᱫᱼᱟ ᱟᱨ ᱥᱴᱮᱰᱤᱭᱟᱢ ᱦᱟᱹᱵᱤᱡ ᱥᱮᱴᱮᱨ ᱞᱟᱹᱜᱤᱫ ᱤᱧ ᱢᱤᱱᱦᱟᱹᱛ ᱠᱮᱫᱟ, ᱚᱱᱟᱛᱮ ᱡᱚᱠᱷᱚᱱ ᱥᱤ ᱮᱥ ᱠᱮ (CSK) ᱫᱚᱞ ᱫᱚ ᱵᱷᱟᱹᱜᱤ ᱵᱟᱝ ᱠᱷᱮᱞ ᱠᱟᱛᱮᱜ ᱢᱮᱪ ᱠᱚ ᱜᱤᱰᱤ ᱠᱮᱫ ᱠᱷᱟᱱ ᱤᱧᱤᱧ ᱨᱟᱹᱜᱤᱭᱮᱱᱟ ᱾","I paid a lot of money and struggled to get to the stadium, so I was furious when the CSK team threw the match away by playing badly.","मैंने बहुत सारे पैसे दिए और स्टेडियम तक पहुँचने के लिए संघर्ष किया, इसलिए मुझे बहुत गुस्सा आया जब सीएसके की टीम ने खराब खेलकर मैच गंवा दिया।"
38615842,ᱤᱧ ᱱᱚᱶᱟ ᱵᱟᱰᱟᱭ ᱠᱟᱛᱮᱧ ᱦᱟᱦᱟᱲᱟ ᱮᱱᱟ ᱡᱮ ᱜᱮᱥ ᱮᱡᱮᱱᱥᱤ ᱨᱮᱸᱜᱮᱡᱽ ᱦᱚᱲᱠᱚ ᱜᱮᱥ ᱥᱤᱞᱤᱱᱰᱟᱨ ᱞᱟᱹᱜᱤᱫ ᱯᱨᱤᱢᱤᱭᱟᱢ ᱦᱟᱛᱟᱣ ᱠᱟᱛᱮ ᱩᱱᱠᱩ ᱠᱚ ᱮᱲᱮᱭᱮᱫ ᱠᱚ ᱛᱟᱦᱮᱸᱜᱼᱟ ᱾,I was appalled to learn that the gas agency was cheating poor people by charging them a premium for the gas cylinder.,यह जानकर मुझे बहुत धक्का लगा कि गैस एजेंसी गैस सिलेंडर के लिए अधिक पैसे वसूल कर गरीब लोगों को धोखा दे रही थी।
38625842,ᱤᱧᱟᱜ ᱡᱟᱸᱜᱟ ᱨᱮᱭᱟᱜ ᱤᱞᱟᱡᱽ ᱵᱟᱭ ᱠᱟᱹᱢᱤᱭᱮᱫ ᱠᱟᱱ ᱛᱟᱦᱮᱸᱜᱼᱟ ᱟᱨ ᱤᱧᱟᱜ ᱵᱚᱛᱚᱨ ᱛᱟᱦᱮᱸ ᱠᱟᱱᱟ ᱡᱮ ᱑ᱼ᱒ ᱪᱟᱸᱫᱚ ᱢᱩᱫᱽ ᱨᱮᱦᱚᱸ ᱯᱟᱞᱮᱱ ᱵᱟᱹᱧ ᱛᱟᱲᱟᱢ ᱫᱟᱲᱮᱭᱟᱜᱼᱟ ᱾,The treatment for my leg did not seem to work and I was afraid that I would be unable to walk within 1-2 months.,मेरे पैर का इलाज काम करता नहीं दिख रहा था और मुझे डर था कि मैं 1-2 महीने के भीतर चलने में असमर्थ हो जाऊँगा।
38635842,ᱧᱤᱫᱟᱹ ᱵᱷᱟᱹᱜᱤ ᱡᱟᱹᱯᱤᱫ ᱵᱟᱝ ᱠᱷᱟᱹᱛᱤᱨ ᱛᱮ ᱟᱢ ᱥᱟᱨᱟᱫᱤᱱ ᱜᱮ  ᱠᱷᱤᱴᱠᱷᱤᱴᱮᱢ ᱛᱟᱦᱮᱱᱟ ᱾,You are irritable all day because you do not get a good night's sleep.,आप पूरे दिन चिड़चिड़े रहते हैं क्योंकि आपको रात में अच्छी नींद नहीं आती।
38645842,ᱤᱥᱨᱳ (ISRO) ᱨᱤᱱ ᱛᱤᱨᱞᱟᱹ ᱜᱟᱫᱮᱞ ᱠᱚ ᱢᱚᱝᱜᱚᱞ ᱮᱸᱜᱮᱞ ᱨᱮ ᱥᱤᱜᱤᱞᱛᱮ ᱥᱮᱴᱮᱨ ᱠᱟᱛᱮ ᱫᱷᱟᱹᱨᱛᱤᱭ ᱪᱚᱢᱠᱟᱣ ᱟᱠᱟᱫᱮᱭᱟ ᱾,The all-women team of ISRO startled the world by reaching Mars successfully.,इसरो की महिला टीम ने मंगल ग्रह पर सफलतापूर्वक पहुँचकर दुनिया को चौंका दिया।
38655842,ᱱᱚᱶᱟ ᱧᱮᱞ ᱫᱚ ᱟᱹᱰᱤ ᱦᱤᱨᱠᱷᱟᱣᱟᱱ ᱜᱮᱭᱟ ᱡᱮ ᱠᱤᱪᱷᱤ ᱯᱤ ᱮᱪ ᱰᱤ (PhD) ᱜᱟᱭᱤᱰ ᱠᱚ ᱟᱠᱚᱨᱤᱱ ᱯᱟᱹᱴᱷᱣᱟᱹ ᱜᱤᱫᱽᱨᱟᱹ ᱠᱚ ᱥᱟᱶ ᱪᱮᱫ ᱞᱮᱠᱟ ᱠᱚ  ᱵᱮᱵᱚᱦᱟᱨᱟ ᱟᱨ ᱩᱱᱠᱩ ᱱᱤᱡᱮᱨᱟᱜ ᱠᱷᱚᱸᱫᱽᱨᱚᱱ ᱥᱟᱠᱟᱢ ᱥᱟᱛᱟᱢ ᱵᱟᱪᱷᱟᱣ ᱞᱟᱹᱜᱤᱫ ᱪᱟᱹᱲ ᱵᱟᱠᱚ ᱮᱢᱟ ᱠᱚᱣᱟ ᱾,It is repulsive to see how certain PhD guides treat their students and don't allow them to choose their own dissertation topics.,यह देखना घृणास्पद है कि कुछ पीएचडी गाइड अपने छात्रों के साथ कैसा व्यवहार करते हैं और उन्हें अपने शोध प्रबंध के विषय चुनने की अनुमति नहीं देते हैं।
38665842,"ᱟᱢ ᱡᱩᱫᱤ ᱢᱟᱲᱟᱝ ᱨᱮᱜᱮ ᱠᱟᱹᱭᱫᱷᱤ ᱠᱚᱢ ᱥᱟᱵ ᱟᱠᱟᱫ ᱠᱚ ᱛᱟᱦᱮᱸᱜᱼᱟ,  ᱮᱱᱠᱷᱟᱱ ᱟᱢ ᱪᱮᱫ ᱞᱟᱹᱜᱤᱫ ᱟᱫᱷᱟ ᱴᱟᱲᱟᱝ ᱦᱟᱹᱵᱤᱡ ᱤᱧ ᱥᱤ ᱥᱤ ᱴᱤᱵᱷᱤ ᱠᱮᱢᱮᱨᱟ ᱤᱫᱤ ᱠᱟᱛᱮᱜ ᱠᱩᱠᱞᱤ ᱠᱟᱛᱮᱢ ᱦᱚᱨᱚᱵᱚᱨᱚ ᱠᱤᱫᱤᱧᱟ ? (ᱱᱟᱜᱟᱨᱤᱭᱟ)",Why did you torture me with questions about the CCTV camera for the last half an hour if you had already caught the perpetrators? (Citizen),यदि आपने अपराधियों को पहले ही पकड़ लिया था तो आपने पिछले आधे घंटे से सीसीटीवी कैमरे के बारे में मुझसे पूछताछ करके मुझे क्यों प्रताड़ित किया? (नागरिक)
38675842,ᱤᱧ ᱱᱚᱣᱟ ᱟᱸᱡᱚᱢ ᱠᱟᱛᱮ ᱡᱷᱟᱴᱠᱟᱧ ᱧᱟᱢ ᱠᱮᱫᱟ ᱡᱮ ᱤᱧᱟᱜ ᱯᱷᱳᱱ ᱨᱮ ᱥᱟᱭᱵᱚᱨ ᱨᱩᱠᱷᱤᱭᱟᱹ ᱨᱮᱭᱟᱜ ᱩᱞᱚᱝᱜᱷᱚᱱ ᱫᱚ ᱵᱩᱞᱜᱮᱨᱤᱭᱟᱱ ᱵᱮᱥᱢᱮᱱᱴ ᱨᱮ ᱫᱩᱲᱩᱵ ᱟᱠᱟᱱ ᱢᱤᱫ ᱦᱸᱠᱟᱨ  ᱫᱟᱨᱟᱭ ᱛᱮ ᱠᱚᱨᱟᱣ ᱦᱩᱭᱞᱮᱱᱟ ᱾,I was jolted to hear that the cybersecurity breach in my phone was caused by a hacker sitting somewhere in a Bulgarian basement.,यह सुनकर मुझे झटका लगा कि मेरे फोन में साइबर सुरक्षा उल्लंघन बुल्गारिया के एक तहखाने में बैठे हैकर के कारण हुआ था।
38685842,ᱤᱧ ᱩᱱ ᱚᱠᱛᱚᱧ ᱛᱷᱤᱨ ᱩᱛᱟᱹᱨ ᱮᱱᱟ ᱡᱚᱠᱷᱮᱡ ᱤᱧ ᱤᱧᱟᱹᱜ ᱮᱛᱚᱦᱚᱵ ᱵᱤᱰᱟᱹᱣ ᱨᱮ ᱥᱤᱜᱤᱞ ᱧᱟᱢ ᱛᱟᱭᱚᱢ ᱢᱟᱥᱴᱟᱨᱥ ᱢᱩᱪᱟᱹᱫ ᱵᱤᱰᱟᱹᱣ ᱨᱮ ᱤᱧᱟᱹᱜ ᱯᱳᱭᱞᱳ ᱴᱷᱟᱣ ᱮᱴᱟᱜ ᱢᱤᱫ ᱜᱤᱫᱽᱨᱟᱹ ᱦᱚᱛᱮᱛᱮ ᱛᱮᱧ ᱟᱫ ᱞᱮᱫᱟ ᱾,I was left stupefied when I lost my first place in the Masters final examination to another student after I aced my preliminaries.,शुरुआती दौर में अव्वल रहने के बाद मास्टर्स अंतिम परीक्षा में दूसरे छात्र से अपना पहला स्थान गंवाने पर मैं स्तब्ध रह गया।
38695842,ᱤᱧ ᱟᱹᱰᱤᱧ ᱠᱩᱥᱤ ᱜᱮᱭᱟ ᱪᱮᱫᱟᱜ ᱥᱮ ᱤᱧ ᱤᱧᱨᱮᱱ ᱠᱟᱹᱢᱤᱭᱟᱹ ᱜᱟᱛᱮ ᱠᱚ ᱥᱟᱶ ᱥᱟᱶᱛᱮ ᱟᱹᱭᱩᱨᱤᱭᱟᱹ ᱴᱷᱮᱱ ᱠᱷᱚᱱ ᱜᱚᱴᱟ ᱥᱮᱢᱞᱮᱫ ᱨᱮ ᱤᱧᱟᱹᱜ ᱠᱟᱹᱢᱤ ᱞᱟᱹᱜᱤᱫ ᱥᱟᱹᱠᱭᱟᱹᱛ ᱤᱧ ᱧᱟᱢ ᱟᱠᱟᱫᱟ ᱾,I am elated because I got recognition for my work across the organization from my peers as well as leadership.,मैं उत्साहित हूँ क्योंकि मुझे अपने काम के लिए संगठन भर में अपने साथियों और नेतृत्व दोनों से पहचान मिली।
38705842,"ᱞᱚᱱᱰᱚᱱ ᱨᱮ ᱫᱚᱠᱟᱱ ᱨᱮᱱ ᱢᱟᱹᱞᱤᱠ ᱡᱚᱠᱷᱚᱱ ᱤᱧᱮ ᱞᱟᱹᱭ ᱟᱹᱫᱤᱧᱟ ᱡᱮ, ᱦᱟᱯᱛᱟ ᱢᱩᱪᱟᱹᱫᱨᱮ ᱚᱱᱟ ᱵᱚᱱᱫ ᱛᱟᱦᱮᱱᱟ ᱛᱚᱠᱷᱚᱱ ᱤᱧᱤᱧ ᱦᱚᱭᱨᱟᱱ ᱩᱛᱟᱹᱨᱮᱱᱟ ᱪᱮᱫᱟᱜ ᱥᱮ ᱵᱟᱡᱟᱨᱚᱜ ᱞᱟᱹᱜᱤᱫ ᱤᱧ ᱴᱷᱮᱱ ᱮᱴᱟᱜ ᱚᱠᱛᱚ ᱵᱟᱝ ᱛᱟᱦᱮᱸᱠᱟᱱᱟ ᱾",I was shell-shocked when the shop owner in London told me that he was closed on weekends because I did not have any other time for shopping.,"लंदन में दुकान के मालिक द्वारा यह बताए जाने पर कि सप्ताहांत में दुकान बंद रहती है, मैं स्तब्ध रह गया क्योंकि मेरे पास खरीदारी के लिए कोई अन्य समय नहीं था।"
38715842,ᱤᱧ ᱡᱚᱠᱷᱚᱱ ᱦᱮᱢᱞᱤᱭᱟᱜ ᱠᱷᱮᱞᱱᱟ ᱫᱳᱠᱟᱱᱤᱧ ᱥᱮᱱᱚᱜᱼᱟ ᱩᱱ ᱚᱠᱛᱚ ᱤᱧ ᱡᱩᱣᱟᱹᱱ ᱟᱨ ᱯᱷᱩᱨᱛᱤ ᱜᱤᱧ ᱟᱹᱭᱠᱟᱣᱟ  ᱾,I feel young and invigorated every time I walk into Hamley's toy store!,जब भी मैं हैमली के खिलौनों के स्टोर में जाता हूँ तो मुझे युवा और तरोताजा महसूस होता है!
38725842,ᱡᱚᱠᱷᱚᱱ ᱢᱤᱫ ᱦᱚᱲ ᱠᱤᱨᱤᱧᱤᱭᱟᱹ ᱞᱟᱭᱤᱱ ᱨᱮᱭᱟᱜ ᱠᱟᱛᱷᱟ ᱵᱟᱝ ᱩᱭᱦᱟᱹᱨ ᱠᱟᱛᱮ ᱠᱟᱹᱣᱰᱤ ᱮᱢ ᱞᱟᱹᱜᱤᱫ ᱟᱡᱟᱜ ᱡᱤᱱᱤᱥ ᱠᱚᱭ ᱞᱟᱦᱟ ᱤᱫᱤᱞᱮᱫᱛᱮ ᱤᱧ ᱫᱚ ᱟᱹᱲᱤᱥᱤᱧ ᱵᱩᱡᱷᱦᱟᱹᱣ ᱞᱮᱫᱟ ᱾,I was piqued when a customer put his items forward for paying without bothering about the line.,मुझे तब गुस्सा आया जब एक ग्राहक ने कतार की परवाह किए बिना भुगतान के लिए अपनी चीजें आगे रख दीं।
38735842,"ᱤᱧ ᱵᱷᱟᱹᱵᱤᱛ ᱟᱠᱟᱫ ᱛᱟᱦᱮᱸᱠᱟᱱᱟ ᱟᱢ ᱫᱚ ᱤᱧ ᱵᱟᱢ ᱯᱟᱹᱛᱭᱟᱹᱣ ᱟᱠᱟᱫᱤᱧᱟ ᱢᱮᱱᱠᱷᱟᱱ ᱱᱤᱛᱚᱜ ᱟᱢ ᱡᱚᱠᱷᱚᱱ ᱤᱧᱨᱮ ᱠᱳᱢᱯᱟᱱᱤ ᱨᱮᱭᱟᱜ ᱪᱮᱞᱮᱧᱡ ᱠᱚ ᱨᱮᱭᱟᱜ ᱵᱷᱚᱨᱥᱟᱢ ᱵᱩᱡ ᱟᱪᱚ ᱟᱠᱟᱫᱤᱧ ᱛᱮ, ᱤᱧᱟᱹᱜ ᱢᱚᱱᱮ ᱥᱟᱹᱱᱛᱤᱭ ᱧᱟᱢ ᱠᱮᱫᱟ ᱾","I thought you didn't trust me but now that you have confided the company challenges in me, my mind is at rest.","मुझे लगा कि आप मुझ पर भरोसा नहीं करते, लेकिन अब जब आपने कंपनी की चुनौतियों के बारे में मुझे विश्वास में लिया है, तो मेरा मन शांत है।"
38745842,ᱤᱧ ᱫᱚ ᱩᱱᱤ ᱦᱚᱲ ᱞᱚᱲᱫᱚᱢᱟ ᱠᱷᱚᱱ ᱚᱡᱨᱟ ᱥᱟᱯᱷᱟᱭ ᱛᱩᱞᱩᱡ ᱤᱧ ᱧᱮᱞ ᱠᱮᱫᱮᱭᱟ ᱟᱨ ᱩᱱᱤᱞᱟᱹᱜᱤᱫ ᱫᱩᱠᱤᱧ ᱟᱴᱠᱟᱨ ᱠᱮᱫᱟ ᱾,I looked at the man cleaning the muck from the drain and felt sorry for him.,मैंने नाले से कीचड़ साफ करते हुए उस आदमी को देखा और मुझे उस पर तरस आ गया।
38755842,ᱟᱢᱟᱜ ᱠᱟᱛᱷᱟᱛᱮ ᱤᱧᱤᱧ ᱵᱟᱰᱟᱭ ᱧᱟᱢ ᱠᱮᱫᱟ ᱡᱮ ᱤᱧ ᱵᱟᱰᱟᱭᱼᱟ ᱤᱧ ᱫᱚ ᱦᱤᱱᱫᱤ ᱵᱤᱰᱟᱹᱣ ᱨᱮᱧ ᱯᱷᱮᱞ ᱟᱠᱟᱱᱟ ᱟᱨ ᱤᱧ ᱫᱚ ᱟᱹᱰᱤ ᱩᱫᱟᱹᱥᱤᱧ ᱟᱴᱠᱟᱨᱮᱫ ᱠᱟᱱᱟ ᱾(ᱥᱮᱪᱮᱫᱤᱭᱟᱹ),"From your words, I know I failed the Hindi exam and I am feeling so low. (Student)",आपकी बातों से मुझे पता है कि मैं हिंदी परीक्षा में फेल हो गया और मुझे बहुत बुरा लग रहा है। (छात्र)
38765842,ᱤᱧ ᱠᱷᱚᱵᱚᱨ ᱠᱟᱜᱚᱡ ᱨᱮ ᱵᱟᱹᱧ ᱯᱟᱲᱦᱟᱣ ᱟᱠᱟᱫᱟ ᱡᱮ ᱥᱤ ᱤ ᱳ ᱟᱭᱢᱟ ᱠᱟᱹᱣᱰᱤ ᱟᱛᱮᱭ ᱧᱤᱨ ᱟᱠᱟᱱᱟ ᱾ ᱱᱚᱝᱠᱟ ᱚᱠᱟᱨᱮ ᱨᱮ ᱞᱟᱹᱭ ᱟᱠᱟᱱᱟ? (ᱜᱟᱛᱮ ᱑),I did not read in the newspapers that the CEO had absconded with a lot of money. Where does it say that? (Friend 1),मैंने अखबारों में नहीं पढ़ा कि सीईओ बहुत सारा पैसा लेकर फरार हो गया था। यह कहाँ लिखा है? (दोस्त 1)
38775842,ᱤᱧ ᱪᱟᱞᱟᱣᱮᱱ ᱕ ᱥᱮᱨᱢᱟ ᱨᱮ ᱟᱢᱟᱜ ᱞᱮᱛᱟᱲᱜᱮ ᱚᱠᱛᱟ ᱟᱨ  ᱵᱟᱝ ᱠᱩᱥᱤᱭᱟᱜ ᱢᱳᱠᱟᱵᱤᱞᱟᱹ ᱛᱮᱧ ᱞᱟᱸᱜᱟ ᱟᱠᱟᱱᱟ ᱾,I'm tired of dealing with your constant criticism and dissatisfaction over the past 5 years.,मैं पिछले 5 वर्षों से आपकी लगातार आलोचना और असंतोष से निपटने से थक गया हूँ।
38785842,ᱰᱟᱦᱟᱨ ᱵᱮᱱᱟᱣ ᱨᱮᱭᱟᱜ ᱠᱟᱹᱢᱤ ᱚᱠᱛᱚ ᱠᱟᱹᱢᱤᱭᱟᱹ ᱠᱚ ᱢᱤᱫ ᱨᱟᱦᱟᱛᱮᱠᱚ  ᱥᱮᱨᱮᱧ ᱞᱮᱫᱟ ᱾,The workers sang in unison as they worked on building the road.,सड़क बनाने का काम करते हुए मजदूरों ने एक सुर में गाना गाया।
38795842,ᱟᱞᱮᱭᱟᱜ ᱢᱟᱦᱟ ᱵᱤᱨᱫᱟᱹᱜᱟᱲ ᱨᱮᱭᱟᱜ ᱠᱳᱨᱥ ᱮᱦᱚᱵ ᱨᱮ ᱵᱤᱞᱚᱢ ᱨᱮᱭᱟᱜ ᱚᱨᱡᱚ ᱞᱮᱠᱟᱛᱮ ᱟᱞᱮ ᱢᱩᱪᱟᱹᱫ ᱠᱟᱛᱮᱜ ᱞᱚᱜᱚᱱ ᱜᱮ ᱪᱟᱹᱠᱨᱤ ᱞᱟᱹᱜᱤᱫ ᱦᱟᱨᱠᱮᱛᱟᱱ ᱛᱟᱸᱜᱤ ᱦᱩᱭᱩᱜ ᱛᱟᱞᱮᱭᱟ᱾,The delay in our college course starting will result in an agonizing wait for a job soon after we finish.,हमारे कॉलेज पाठ्यक्रम के शुरू होने में देरी के परिणामस्वरूप पढ़ाई पूरी होने के तुरंत बाद नौकरी के लिए एक कष्टदायी इंतजार करना पड़ेगा।
38805842,ᱡᱚᱠᱷᱚᱱ ᱠᱟᱨᱞ ᱞᱩᱭᱤᱥ ᱟᱜ ᱟᱹᱭᱩᱨᱛᱮ ᱩᱱᱤᱭᱟᱜ ᱔x᱑00 ᱠᱳᱣᱟᱴᱟᱨ ᱚᱞᱚᱢᱯᱤᱠ ᱨᱮᱠᱚ ᱡᱤᱛᱠᱟᱹᱨ ᱮᱱᱠᱷᱟᱱ ᱟᱢᱨᱤᱠᱟ ᱨᱮᱱ ᱦᱚᱲ ᱠᱚᱣᱟᱜ ᱠᱟᱞᱠᱟᱞᱟᱣ  ᱥᱴᱮᱰᱤᱭᱟᱢ ᱨᱮ ᱟᱸᱡᱚᱢ ᱮᱱᱟ ᱾,The American crowd's sound hit a crescendo in the stadium as their 4x100 quartet led by Carl Lewis stormed to victory in the Olympics.,स्टेडियम में अमेरिकी भीड़ की आवाज चरम पर पहुँच गई जब कार्ल लुईस के नेतृत्व में उनकी 4x100 चौकड़ी ने ओलंपिक में जीत दर्ज की।
38815842,"ᱤᱧ ᱵᱟᱹᱦᱩ ᱡᱚᱠᱷᱚᱱ ᱯᱟᱨᱴᱤ ᱞᱟᱹᱜᱤᱫ ᱮ ᱥᱟᱯᱲᱟᱣ ᱮᱱᱟ ᱟᱨ ᱵᱷᱤᱛᱨᱤᱭ ᱵᱚᱞᱚᱭᱮᱱᱟ, ᱩᱱᱤ ᱟᱡᱟᱜ ᱪᱮᱦᱨᱟᱛᱮ ᱥᱟᱹᱨᱤ ᱤᱧᱟᱜ ᱢᱚᱱᱮᱭ ᱢᱩᱦᱤᱛ ᱠᱮᱫᱟ ᱾","When my wife dressed for the party and walked in, she literally took my breath away with her beauty.","जब मेरी पत्नी पार्टी के लिए तैयार होकर अंदर आई, तो उसकी सुंदरता ने सचमुच मेरी सांसें थाम दीं।"
38825842,ᱡᱩᱫᱤ ᱢᱮᱱᱮᱡᱽᱢᱮᱱᱴ ᱵᱮᱜᱚᱨ ᱚᱡᱮᱛᱮ ᱤᱧ ᱪᱟᱞᱟᱣ ᱟᱪᱚ ᱟᱹᱧ ᱨᱮᱭᱟᱜ ᱮ ᱨᱤᱠᱟᱹᱭᱟ ᱮᱱᱠᱷᱟᱱ ᱩᱱᱠᱩ ᱛᱟᱞᱟᱨᱮ ᱠᱷᱟᱹᱯᱟᱹᱨᱤ ᱦᱩᱭᱩᱜᱼᱟ ᱾,The management is going to have a fight on their hands if they try to let me go for no reason at all.,यदि प्रबंधन मुझे बिना किसी कारण के निकालने की कोशिश करेगा तो उन्हें कड़े विरोध का सामना करना पड़ेगा।
38835842,ᱤᱧᱤᱧ ᱪᱚᱢᱠᱟᱣ ᱮᱱᱟ ᱡᱮ ᱟᱢ ᱩᱱᱠᱩ ᱥᱟᱯᱞᱟᱭᱟᱨᱥ ᱠᱚ ᱥᱟᱶ ᱠᱟᱹᱢᱤ ᱞᱟᱹᱜᱤᱫ ᱴᱮᱦᱚᱢ ᱵᱷᱟᱹᱵᱤᱭᱟ ᱥᱟᱹᱨᱤ ᱠᱚ ᱟᱲᱟᱜ ᱟᱠᱟᱫᱟ ᱟᱨ ᱰᱩᱵᱞᱤᱠᱮᱴ ᱠᱷᱤᱞᱚᱱᱟ ᱠᱚ ᱟᱹᱠᱷᱨᱤᱧᱟ ᱾,I am appalled that you would even think of working with suppliers who are without integrity and sell duplicate toys.,मुझे यह देखकर आश्चर्य होता है कि आप उन आपूर्तिकर्ताओं के साथ काम करने के बारे में भी सोचेंगे जो बिना किसी ईमानदारी के काम करते हैं और नकली खिलौने बेचते हैं।
38845842,ᱡᱚᱠᱷᱮᱡ ᱟᱭᱩᱨᱵᱮᱫᱤᱠ ᱰᱟᱠᱛᱟᱨ ᱚᱯᱟᱨᱮᱥᱚᱱ ᱞᱟᱹᱠᱛᱤ ᱵᱮᱜᱚᱨ ᱜᱮ ᱤᱧᱟᱜ ᱥᱟᱨᱵᱷᱤᱠᱟᱞ ᱰᱤᱠᱥ ᱨᱮᱭᱟᱜ ᱯᱨᱚᱞᱮᱹᱯᱥ ᱵᱮᱥ ᱞᱮᱫᱟ  ᱩᱱᱫᱚ ᱤᱧ ᱟᱹᱰᱤ ᱵᱟᱹᱲᱛᱤᱧ ᱨᱟᱹᱥᱠᱟᱹ ᱞᱮᱱᱟ ᱾,I was as happy as a clam when the ayurvedic doctor cured my cervical disc prolapse without the need for surgery.,जब आयुर्वेदिक डॉक्टर ने बिना सर्जरी के मेरे सर्वाइकल डिस्क प्रोलैप्स को ठीक कर दिया तो मैं बहुत खुश हुआ।
38855842,ᱤᱧ ᱟᱢ ᱟᱭᱳᱣᱟᱜ ᱥᱟᱶᱟᱨ ᱮᱴᱠᱮᱴᱚᱲᱮ ᱠᱟᱛᱷᱟ ᱵᱟᱰᱟᱭ ᱠᱟᱛᱮ ᱟᱹᱰᱤᱧ ᱫᱚᱠᱷ ᱮᱱᱟ ᱾ ᱱᱤᱛᱚᱜ ᱤᱧᱤᱧ ᱵᱟᱰᱟᱭ ᱠᱮᱫᱼᱟ ᱪᱮᱫᱟᱜ ᱟᱢ ᱠᱤᱪᱷᱤ ᱫᱤᱱ ᱠᱷᱚᱱ ᱱᱩᱱᱟᱹᱜ ᱮᱢ ᱫᱩᱠᱷ ᱞᱮᱱᱟ  ᱾,I am so sorry to hear about your mother's health problems. Now I know why you have been so unhappy over the last few days.,आपकी माँ की स्वास्थ्य समस्याओं के बारे में सुनकर मुझे बहुत दुख हुआ। अब मुझे पता चला कि आप पिछले कुछ दिनों से इतने दुखी क्यों थे।
38865842,"ᱟᱢᱟᱜ ᱢᱮᱱᱫᱚ ᱱᱚᱣᱟ ᱠᱟᱱᱟ ᱡᱮ, ᱟᱢ ᱵᱮᱣᱨᱟ ᱮᱢ ᱞᱟᱹᱜᱤᱫ ᱦᱚᱞᱟ ᱯᱮ ᱫᱷᱟᱣ ᱚᱲᱟᱜ ᱮᱢ ᱦᱮᱡ ᱞᱮᱱᱟ , ᱤᱧᱮᱢ ᱵᱚᱛᱚᱨ ᱦᱚᱪᱚᱭᱤᱧ ᱠᱟᱱᱟ, ᱪᱮᱫᱟᱜ ᱥᱮ ᱤᱧ ᱯᱟᱨᱚᱢᱮᱱ ᱒ ᱥᱤᱧ ᱠᱷᱚᱱ ᱥᱟᱨᱟᱫᱤᱱ ᱚᱲᱟᱜ ᱨᱤᱧ ᱛᱟᱦᱮᱸ ᱠᱟᱱᱟ ᱟᱨ ᱤᱧ ᱵᱟᱹᱧ ᱠᱷᱚᱡᱚᱜ ᱠᱟᱱᱟ ᱡᱮ ᱱᱚᱶᱟ ᱰᱚᱠᱩᱢᱮᱱᱴ ᱟᱫᱚᱜ ᱢᱟ ᱾","You telling me that you came home thrice yesterday to deliver the letter is scaring me, because I was home all day for the last 2 days and I don't want this document to be lost. (Customer)","आपका यह कहना कि आप पत्र देने के लिए कल तीन बार घर आए थे, मुझे डरा रहा है, क्योंकि मैं पिछले 2 दिनों से पूरे दिन घर पर था और मैं नहीं चाहता कि यह दस्तावेज खो जाए। (ग्राहक)"
38875842,"ᱳᱦᱚ ᱵᱟᱝᱼᱟ! ᱤᱧ ᱫᱚ ᱡᱩᱫᱤ ""ᱟᱫᱤᱯᱩᱨᱩᱥ"" ᱧᱮᱞ ᱞᱟᱹᱜᱤᱫ ᱤᱧᱟᱜ ᱜᱷᱟᱨᱚᱸᱡ ᱞᱟᱹᱜᱤᱫ ᱴᱤᱠᱤᱴ ᱠᱤᱨᱤᱧ ᱞᱟᱦᱟᱨᱮ ᱟᱢᱤᱧ ᱠᱩᱞᱤ ᱞᱮᱢᱠᱷᱟᱱ ᱾ ᱤᱧᱟᱜ ᱜᱷᱟᱨᱚᱸᱡ ᱤᱧ ᱵᱟᱝᱠᱚ ᱢᱟᱱᱟᱣ ᱤᱧᱟᱹ ᱵᱤᱥᱟᱹᱥ ᱠᱟᱭᱛᱮ ᱤᱧᱨᱮᱱ ᱮᱨᱟ ᱾","Oh no! I wish I had asked you before buying tickets for my family to watch ""Adipurush"". My family may end up disowning me, especially my wife.","अरे नहीं! काश मैंने अपने परिवार के लिए 'आदिपुरुष' देखने के टिकट खरीदने से पहले आपसे पूछा होता। मेरा परिवार शायद मुझसे नाता तोड़ ले, खासकर मेरी पत्नी।"
38885842,ᱤᱧ ᱟᱢ ᱱᱚᱣᱟ ᱞᱟᱹᱭ ᱠᱟᱛᱮᱫ ᱨᱟᱹᱥᱠᱟᱹᱧ ᱵᱩᱡᱷᱮᱫᱟ ᱡᱮ ᱟᱢ ᱫᱚ ᱵᱤᱡᱱᱮᱥ ᱠᱞᱟᱥ ᱛᱮᱢ ᱪᱟᱞᱟᱜᱼᱟ ᱟᱨ ᱱᱚᱣᱟ ᱩᱰᱟᱹᱱᱜᱟᱹᱰᱤ ᱫᱚ ᱟᱢᱟᱜ ᱞᱟᱦᱟ ᱵᱩᱠᱤᱝ ᱳᱵᱷᱟᱨᱵᱩᱠᱰ ᱩᱰᱟᱹᱜ ᱜᱟᱹᱰᱤ ᱠᱷᱚᱱ ᱑᱕ ᱴᱤᱲᱤᱡ ᱛᱟᱭᱚᱢᱛᱮ ᱛᱤᱭᱟᱹᱜᱟ ᱾ (ᱮᱭᱟᱨ ᱞᱟᱭᱤᱱ ᱠᱟᱹᱢᱤᱭᱟᱹ),I am pleased to inform you that you will be traveling business class and this flight will reach only 15 minutes after the overbooked flight on which you had your previous booking. (Airline staff),मुझे आपको यह सूचित करते हुए खुशी हो रही है कि आप बिजनेस क्लास में यात्रा करेंगे और यह उड़ान उस ओवरबुक फ्लाइट के केवल 15 मिनट बाद पहुंचेगी जिस पर आपकी पिछली बुकिंग थी। (एयरलाइन कर्मचारी)
38895842,ᱤᱧ ᱛᱤᱥᱦᱚᱸ ᱟᱢᱟᱜ ᱮᱭᱟᱨᱞᱟᱭᱤᱱ ᱨᱮ ᱵᱩᱠᱤᱝ ᱠᱮᱭᱟ ᱡᱩᱫᱤ ᱤᱧᱤᱧ  ᱵᱟᱰᱟᱭ ᱠᱟᱜ ᱠᱮᱭᱟ ᱡᱮ ᱟᱢ ᱤᱧ ᱵᱟᱹᱲᱛᱤ ᱵᱩᱠ ᱟᱠᱟᱱ ᱯᱷᱞᱟᱭᱤᱴ ᱨᱮᱢ ᱥᱟᱸᱵᱟᱣ ᱤᱧᱟᱹ ᱟᱨ ᱤᱧᱮᱢ ᱵᱤᱞᱟᱹᱢ ᱠᱟᱹᱧᱟᱹ ᱾ (ᱜᱟᱦᱟᱠ),I would never have booked on your airline if I had known that you would put me on an overbooked flight and delay me. (Client),अगर मुझे पता होता कि आप मुझे एक ओवरबुक फ्लाइट में डालेंगे और मुझे देरी कराएंगे तो मैं आपकी एयरलाइन पर कभी बुकिंग नहीं करता। (ग्राहक)
38905842,ᱩᱭᱤᱢᱵᱚᱞᱰᱚᱱ ᱯᱷᱟᱭᱱᱟᱞ ᱨᱮ ᱟᱭᱟᱜ ᱡᱤᱛᱠᱟᱹᱨ ᱥᱚᱴ ᱛᱮ ᱩᱢᱴᱟᱹᱣ ᱨᱟᱡᱟᱨ ᱯᱷᱮᱰᱮᱨᱟᱨ ᱫᱚ ᱟᱡᱨᱮᱱ ᱚᱲᱟᱜ ᱦᱚᱲᱠᱚ ᱦᱟᱹᱲᱩᱵ ᱞᱟᱹᱜᱤᱫ ᱥᱴᱮᱱᱰ ᱛᱮᱭ ᱥᱮᱱ ᱮᱱᱟ ᱾,"Energized by his winning shot in the Wimbledon finals, Roger Federer bounded into the stands to embrace his family.",विंबलडन फाइनल में अपने विजयी शॉट से उत्साहित होकर रोजर फेडरर अपने परिवार को गले लगाने के लिए स्टैंड में कूद पड़े।
38915842,ᱤᱧᱤᱡ ᱜᱟᱛᱮ ᱯᱨᱚᱠᱨᱤᱛᱤ ᱛᱟᱞᱟᱛᱮ ᱫᱟᱹᱲ ᱨᱮᱭᱟᱜ ᱨᱟᱹᱥᱠᱟᱹᱭ ᱟᱹᱭᱠᱟᱹᱣ ᱞᱟᱹᱜᱤᱫ ᱙᱐ ᱠᱤᱞᱳᱢᱤᱴᱟᱨ ᱨᱮᱭᱟᱜ ᱟᱞᱴᱨᱟᱼᱢᱟᱨᱟᱛᱷᱚᱱ ᱨᱮᱭ ᱥᱮᱞᱮᱫ ᱟᱠᱟᱱᱟ ᱾,My friend participated in a 90 k.m ultra-marathon just to experience the sheer joy of running in the midst of nature.,मेरे दोस्त ने प्रकृति के बीच दौड़ने के शुद्ध आनंद का अनुभव करने के लिए 90 किमी के अल्ट्रा-मैराथन में भाग लिया।
38925842,"ᱤᱧ ᱱᱚᱣᱟ ᱥᱚᱦᱟᱨ ᱫᱚ ᱟᱹᱰᱤ ᱵᱮᱥᱛᱮᱧ ᱵᱟᱰᱟᱭᱟ, ᱚᱱᱟᱛᱮ ᱟᱞᱚᱢ ᱪᱤᱱᱛᱟᱹᱭᱟ ᱪᱮᱫᱟᱜ ᱥᱮ ᱛᱮᱦᱮᱧ ᱟᱢ ᱟᱢᱟᱜ ᱡᱤᱭᱚᱱ ᱨᱮᱭᱟᱜ ᱚᱠᱛᱚᱧ ᱮᱢᱟᱢ ᱞᱟᱹᱜᱤᱫ (ᱯᱩᱲᱥᱤ)᱾","I know this city like the back of my hand, so don't worry because I am going to give you the time of your life today. (Local)","मैं इस शहर को अपने हाथ की हथेली की तरह जानता हूँ, इसलिए चिंता न करें क्योंकि आज मैं आपको बेहतरीन अनुभव कराने जा रहा हूँ। (स्थानीय निवासी)"
38935842,"ᱠᱚᱢ ᱚᱵᱥᱚᱨ ᱨᱮ, ᱠᱤᱪᱷᱩᱠ ᱠᱩᱨᱤᱭᱟᱨ ᱠᱚᱲᱟᱠᱚ ᱫᱚ ᱟᱭᱴᱮᱢ ᱰᱮᱞᱤᱵᱷᱟᱨᱤ ᱨᱮᱭᱟᱜ ᱨᱤᱠᱟᱹ ᱵᱟᱝ ᱠᱟᱛᱮ ᱜᱮ ᱴᱨᱮᱠᱤᱝ ᱥᱤᱥᱴᱮᱢ ᱠᱚ ᱟᱯᱰᱮᱴᱼᱟ ᱾ ᱤᱧ ᱟᱢ ᱦᱟᱹᱵᱤᱡ ᱡᱤᱱᱤᱥ ᱵᱟᱝ ᱥᱮᱴᱮᱨ ᱨᱮᱭᱟᱜ ᱨᱤᱠᱟᱹ ᱞᱟᱹᱜᱤᱫ ᱩᱱᱠᱩᱭᱟᱜ ᱠᱟᱹᱢᱤ ᱛᱮᱧ ᱫᱩᱞ ᱟᱠᱟᱱᱟ, ᱚᱱᱟᱛᱮ ᱫᱟᱭᱟ ᱠᱟᱛᱮ ᱤᱧᱟᱹᱜ ᱤᱠᱟᱹ ᱟᱛᱟᱝ ᱢᱮ, ᱢᱟᱦᱟᱥᱚᱭ ᱾ (ᱠᱩᱨᱤᱭᱟᱨ)","On rare occasions, some courier boys update the tracking system without attempting delivery of the item. I am sickened by their action of not trying to deliver to you so please accept my apologies, Sir. (Courier)","दुर्लभ अवसरों पर, कुछ कूरियर लड़के सामान पहुंचाने का प्रयास किए बिना ही ट्रैकिंग सिस्टम को अपडेट कर देते हैं। आपको सामान न पहुंचाने की उनकी हरकत से मुझे घिन आती है, इसलिए कृपया मेरी माफी स्वीकार करें, सर। (कूरियर)"
38945842,"ᱱᱚᱣᱟ ᱠᱳᱢᱯᱟᱱᱤᱠᱚ ᱢᱩᱫᱰᱨᱮ ᱟᱭᱢᱟᱜᱟᱱ ᱵᱟᱦᱟᱞ ᱚᱠᱛᱚ ᱩᱢᱮᱨ ᱵᱟᱝ ᱵᱟᱪᱷᱟᱣ ᱵᱟᱵᱚᱫᱛᱮ ᱟᱹᱰᱤ ᱢᱟᱨᱟᱝ ᱢᱟᱨᱟᱝ ᱠᱚ ᱠᱟᱛᱷᱟᱭᱟ ᱟᱨ ᱮᱱᱛᱮᱦᱚᱸ ᱥᱟᱹᱨᱤᱭᱟᱜ ᱨᱮ, ᱩᱝᱠᱩ ᱫᱚ ᱔᱕ ᱥᱮᱨᱢᱟ ᱠᱷᱚᱱ ᱵᱟᱹᱲᱛᱤ ᱩᱢᱮᱨᱟᱱ ᱡᱟᱦᱟᱭ ᱦᱚᱲ ᱜᱮᱠᱚ ᱚᱥᱤᱠᱟᱹᱨ ᱠᱟᱛᱮᱜ ᱟᱠᱚᱣᱟᱜ ᱠᱟᱛᱷᱟ ᱵᱤᱨᱩᱫᱷ ᱨᱮᱠᱚ ᱪᱟᱞᱟᱜᱼᱟ ᱾","Many of these companies make grandiose claims about not considering age when recruiting and yet in reality, they go against their own messaging to reject anyone over 45 years of age.","इनमें से कई कंपनियां भर्ती करते समय उम्र पर विचार न करने के बड़े-बड़े दावे करती हैं और फिर भी वास्तविकता में, वे 45 वर्ष से अधिक आयु के किसी भी व्यक्ति को अस्वीकार करने के लिए अपने ही संदेश के खिलाफ जाती हैं।"
38955842,ᱛᱮᱦᱮᱧ ᱜᱟᱯᱟ ᱠᱤᱨᱛᱤᱢ ᱯᱤᱪ ᱨᱮ ᱯᱷᱩᱴᱥᱟᱞ ᱨᱮᱭᱟᱜ ᱥᱮᱛᱟᱜ ᱨᱮᱭᱟᱜ ᱠᱷᱮᱞ ᱠᱷᱚᱱ ᱵᱟᱹᱲᱛᱤ ᱤᱧ ᱪᱮᱫ ᱦᱚᱸ ᱵᱟᱹᱧ ᱠᱩᱥᱤᱭᱟᱜᱼᱟ ᱾,Nothing pleases me more than a morning game of futsal on an artificial pitch nowadays.,आजकल कृत्रिम पिच पर सुबह के फुटसल खेल से ज्यादा मुझे कोई और चीज खुश नहीं करती।
38965842,ᱢᱩᱢᱵᱟᱭ ᱢᱮᱨᱟᱛᱷᱚᱱ ᱨᱮ ᱰᱟᱦᱟᱨ ᱫᱷᱟᱨᱮ ᱨᱮ ᱛᱟᱦᱮᱸᱠᱟᱱ ᱵᱷᱤᱲ ᱫᱚ ᱢᱩᱪᱟᱹᱫ ᱞᱟᱭᱤᱱ ᱦᱟᱹᱵᱤᱡ ᱫᱟᱹᱫᱟᱹᱲ ᱠᱚᱠᱚ ᱩᱢᱴᱟᱹᱣ ᱞᱮᱫ ᱠᱚᱣᱟ ᱾,The crowd on the roadside cheered the runners in the Mumbai marathon all the way to the finish line.,सड़क किनारे की भीड़ ने मुंबई मैराथन में धावकों का फिनिश लाइन तक पूरे रास्ते उत्साह बढ़ाया।
38975842,ᱡᱚᱠᱷᱚᱱ ᱤᱧ ᱵᱟᱵᱟ ᱠᱚᱲᱟᱭ  ᱛᱟᱦᱮᱸ ᱠᱟᱱᱟ ᱩᱱ ᱚᱠᱛᱚ  ᱯᱷᱩᱴᱵᱚᱞ ᱟᱨ ᱠᱨᱤᱠᱮᱴ ᱨᱮ ᱩᱱᱤᱭᱟᱜ ᱠᱟᱹᱨᱫᱷᱟᱹᱱᱤ ᱨᱮᱭᱟᱜ ᱠᱟᱹᱦᱱᱤ ᱟᱸᱡᱚᱢ ᱨᱮ ᱤᱧ ᱟᱹᱰᱤ ᱨᱟᱹᱥᱠᱟᱹᱧ ᱵᱩᱡᱷᱟᱹᱣᱮᱫ ᱛᱟᱦᱮᱸᱜᱼᱟ ᱾,I revelled in listening to the stories of my father's exploits in Football and Cricket when he was a young man.,"जब मेरे पिता एक युवा व्यक्ति थे, तब फुटबॉल और क्रिकेट में उनके कारनामों की कहानियाँ सुनने में मुझे बहुत मज़ा आता था।"
38985842,ᱤᱧ ᱫᱚᱧ  ᱵᱚᱛᱚᱨᱚᱜ ᱠᱟᱱᱟ ᱡᱮ ᱤᱧᱟᱜ ᱵᱤᱡᱞᱤ ᱡᱚᱱᱛᱚᱯᱟᱹᱛᱤ ᱫᱚ ᱱᱚᱥᱴᱚᱜ ᱛᱤᱧᱟ ᱡᱩᱫᱤ ᱜᱚᱴᱟ ᱧᱤᱫᱟᱹ ᱵᱤᱡᱞᱤ ᱱᱚᱝᱠᱟᱜᱮ ᱦᱤᱡᱩᱜᱼᱟ ᱪᱟᱞᱟᱜᱼᱟ ᱿(ᱠᱤᱨᱤᱧᱤᱭᱟᱹ),I am scared that my electrical appliances will get spoilt if the power keeps fluctuating throughout the night. (Customer),मुझे डर है कि रात भर बिजली के उतार-चढ़ाव से मेरे बिजली के उपकरण खराब हो जाएंगे। (ग्राहक)
38995842,ᱤᱧ ᱢᱟᱭᱤᱠ ᱴᱟᱭᱥᱚᱱ ᱦᱚᱛᱮᱛᱮ ᱤᱵᱷᱟᱱᱰᱟᱨ ᱦᱚᱞᱤᱯᱷᱤᱱᱰ ᱞᱟᱜ ᱞᱩᱛᱩᱨ ᱜᱮᱫ ᱠᱮᱪᱟᱜ ᱨᱮᱭᱟᱜ ᱥᱤᱱ ᱦᱤᱨᱠᱟᱹᱧ ᱵᱩᱡᱷᱟᱹᱣ ᱠᱮᱫᱟ ᱾,I found it repulsive to watch the scene of Mike Tyson biting off a piece of Evander Holyfield's ear.,माइक टायसन द्वारा इवांडर होलीफील्ड के कान का एक हिस्सा चबाने का दृश्य देखना मुझे घिनौना लगा।
39005842,"ᱤᱧᱟᱜ ᱢᱮᱫᱦᱟ ᱨᱮ ᱞᱟᱸᱫᱟ ᱦᱮᱡ ᱮᱱᱟ ᱡᱚᱠᱷᱚᱱ ᱤᱧᱤᱧ ᱧᱮᱞ ᱠᱮᱜᱼᱟ ᱮᱥᱯᱮᱱᱤᱭᱟᱨ ᱤᱵᱟᱱ ᱯᱷᱚᱨᱱᱟᱰᱤᱡᱽ ᱚᱱᱟᱭᱟ ᱫᱚ ᱠᱮᱱᱭᱟ ᱨᱮᱥ ᱞᱤᱰᱚᱨ ᱮᱵᱮᱞ ᱢᱩᱛᱟᱭᱟ ᱠᱨᱚᱥᱼᱠᱟᱱᱴᱨᱤ ᱨᱮᱥ ᱯᱩᱨᱟᱹᱣ ᱞᱟᱹᱜᱤᱫ ᱛᱮᱭ ᱩᱢᱴᱟᱹᱣ ᱠᱮᱫᱮᱭᱟ, ᱡᱚᱠᱷᱚᱱ ᱮᱵᱮᱞ ᱱᱚᱶᱟ ᱩᱭᱦᱟᱹᱨ ᱠᱟᱛᱮᱜ ᱢᱩᱪᱟᱹᱫ ᱞᱟᱭᱤᱱ ᱠᱷᱚᱱ ᱑᱐ ᱢᱤᱴᱟᱨ ᱞᱟᱦᱟ ᱨᱮᱭ ᱛᱤᱸᱜᱩ ᱞᱮᱱᱟ ᱫᱟᱹᱲ ᱮ ᱯᱩᱨᱟᱹᱣ ᱠᱮᱜᱼᱟ ᱢᱮᱱᱛᱮ ᱾",A smile came on my face when I saw the Spaniard Ivan Fernandez Anaya encourage Kenyan race leader Abel Mutaya to finish in a cross-country race when Abel stopped 10m short off the finish line thinking he was done.,"मेरे चेहरे पर एक मुस्कान आ गई जब मैंने स्पैनियार्ड इवान फर्नांडीज अनाया को केन्याई दौड़ के नेता हाबिल मुताया को क्रॉस-कंट्री दौड़ पूरी करने के लिए प्रोत्साहित करते देखा, जब हाबिल यह सोचकर फिनिश लाइन से 10 मीटर पहले रुक गया था कि दौड़ पूरी हो गई है।"
39015842,ᱟᱡᱟᱜ ᱰᱷᱚᱸᱜᱟ ᱛᱮ ᱫᱩᱱᱤᱭᱟᱹ ᱫᱟᱸᱲᱟ ᱛᱟᱭᱚᱢ ᱚᱵᱷᱤᱞᱟᱥ ᱴᱟᱢᱤ ᱫᱚ ᱮᱭᱟᱜ ᱥᱮᱨᱢᱟ ᱨᱮᱭ ᱛᱟᱦᱮᱸ ᱠᱟᱱᱟ ᱾,Abhilash Tomy was in seventh heaven after circumnavigating the globe on his yacht.,अपनी नौका पर दुनिया का चक्कर लगाने के बाद अभिलाष टॉमी सातवें आसमान पर थे।
39025842,"ᱟᱞᱮᱭᱟᱜ ᱛᱮᱛᱮᱫ ᱠᱚ ᱥᱚᱛ ᱛᱮ ᱥᱟᱯᱲᱟᱣ ᱠᱟᱛᱮᱫ ᱨᱮᱦᱚᱸ, ᱵᱤᱪᱟᱹᱨᱤᱭᱟᱹ ᱫᱚ ᱟᱭᱢᱟ ᱯᱚᱭᱮᱱᱴ ᱠᱚᱭ ᱠᱷᱟᱨᱤᱡ ᱠᱮᱫᱟ ᱾ ᱱᱚᱣᱟ ᱫᱚ ᱟᱵᱚᱭᱟᱜ ᱱᱚᱞᱚᱝ ᱜᱮ ᱠᱟᱱᱟ ᱡᱮ ᱟᱵᱚ ᱱᱚᱝᱠᱟᱱ ᱡᱟᱦᱟᱱ ᱦᱚᱲᱴᱮ ᱵᱚᱱ ᱛᱚᱞ ᱟᱠᱟᱱᱟ ᱡᱟᱦᱟᱸᱭᱟᱜ  ᱛᱟᱨᱮᱱ ᱨᱮ ᱟᱵᱚᱣᱟᱜ ᱠᱟᱛᱷᱟ ᱦᱤᱡᱩᱜᱼᱟ ᱾ (ᱩᱠᱤᱞ)","Despite presenting our facts honestly, the judge has shot many of the points down. It is just our luck to be saddled with someone who has a chip on his shoulder when it comes to us. (Advocate)","हमारे तथ्यों को ईमानदारी से पेश करने के बावजूद, न्यायाधीश ने कई बिंदुओं को खारिज कर दिया है। हमारी ही किस्मत खराब है कि हमारे मामले में एक ऐसा व्यक्ति मिल गया जो हमारे प्रति पहले से ही पूर्वाग्रह रखता है। (अधिवक्ता)"
39035842,"ᱵᱮᱝᱠ ᱠᱷᱟᱛᱟ ᱡᱷᱤᱡ ᱞᱟᱹᱜᱤᱫ ᱛᱮ ᱟᱢ ᱠᱚᱞ ᱛᱟᱭᱚᱢ, ᱤᱧ ᱱᱚᱶᱟ ᱵᱟᱰᱟᱭ ᱠᱟᱛᱮ ᱟᱹᱰᱤᱧ ᱦᱟᱦᱟᱲᱟ ᱮᱱᱟ ᱡᱮ ᱟᱢᱫᱚ ᱵᱮᱝᱠ ᱨᱮ ᱢᱮᱱᱟᱢ ᱜᱟᱦᱟᱠ ᱠᱟᱱᱟᱢ ᱾ (ᱵᱮᱝᱠ ᱟᱹᱠᱷᱨᱤᱧᱤᱭᱟᱹ)",I am startled to find out that you are an existing customer of the bank after calling you to open a bank account. (Bank salesperson),बैंक खाता खोलने के लिए आपको फोन करने के बाद मुझे यह जानकर हैरानी हुई कि आप बैंक के मौजूदा ग्राहक हैं। (बैंक विक्रेता)
39045842,"ᱥᱟᱨᱟ ᱜᱷᱟᱹᱲᱤ ᱜᱮ ᱡᱚᱠᱷᱚᱱ ᱟᱢᱟᱜ ᱜᱟᱦᱟᱠ ᱥᱮᱵᱟ ᱤᱧᱠᱚ ᱠᱚᱞ ᱟᱹᱧᱟ, ᱮᱱᱠᱷᱟᱱ ᱤᱧᱟᱜ ᱢᱟᱭᱟᱝ ᱪᱟᱯ ᱵᱟᱹᱲᱛᱤᱜ ᱛᱤᱧᱟᱹ ᱡᱚᱠᱷᱚᱱ ᱩᱱᱤ ᱤᱧᱟᱜ ᱵᱮᱝᱠ ᱠᱷᱟᱛᱟ ᱨᱮᱭᱟᱜ ᱨᱩᱠᱷᱤᱭᱟ ᱤᱥᱩ ᱨᱮ ᱜᱚᱲᱚ ᱵᱟᱝ ᱠᱟᱛᱮᱜ ᱢᱤᱫ ᱱᱟᱶᱟ ᱯᱚᱱᱛᱷᱟ ᱫᱮᱠᱷᱟᱣ ᱨᱮᱭᱟᱜᱼᱮ ᱨᱤᱠᱟᱹᱭᱟᱹ ᱾ (ᱜᱟᱦᱟᱠ)","Every time your customer service called me, my blood pressure would go up when they tried to hawk a new scheme without helping with the security issues of my bank account. (Customer)","हर बार जब आपकी ग्राहक सेवा ने मुझे फोन किया, तो मेरा रक्तचाप बढ़ जाता था जब वे मेरे बैंक खाते के सुरक्षा मुद्दों में मदद किए बिना एक नई योजना बेचने की कोशिश करते थे। (ग्राहक)"
39055842,ᱟᱢᱟᱜ ᱦᱩᱭ ᱟᱠᱟᱱ ᱚᱥᱩᱵᱤᱫᱷᱟ ᱞᱟᱹᱜᱤᱫ ᱤᱧ ᱥᱟᱹᱨᱤ ᱜᱮᱧ ᱫᱩᱠ ᱟᱠᱟᱱᱟ ᱪᱮᱫᱟᱜ ᱥᱮ ᱤᱧ ᱟᱢᱟᱜ ᱠᱷᱟᱛᱟ ᱥᱟᱣ ᱡᱚᱯᱲᱟᱣ ᱨᱩᱠᱷᱤᱭᱟᱹ ᱮᱴᱠᱮᱴᱚᱲᱮ ᱨᱮ ᱱᱚᱡᱚᱨ ᱵᱟᱹᱧ ᱮᱢ ᱟᱠᱟᱫᱟ᱾ ᱤᱧ ᱤᱥᱩ ᱠᱚ ᱥᱩᱞᱡᱷᱟᱹᱣ ᱨᱮ ᱟᱢ ᱜᱚᱲᱚᱣᱟᱢ ᱤᱧ ᱠᱷᱚᱡᱚᱜᱼᱟ ᱾ (ᱵᱮᱝᱠ ᱠᱞᱟᱨᱠ),I am truly sorry for the inconvenience you have had to face because we did not take note of the security issues you were facing with your account. I would like to help you resolve the issues. (Bank Clerk),"आपके खाते से जुड़ी सुरक्षा समस्याओं पर ध्यान न देने के कारण आपको जो असुविधा हुई है, उसके लिए मुझे सचमुच खेद है। मैं इन समस्याओं को हल करने में आपकी मदद करना चाहूँगा। (बैंक क्लर्क)"
39065842,"ᱤᱧᱟᱜ ᱢᱚᱱᱮ ᱦᱩᱭᱮᱱᱟ ᱡᱮ ᱟᱢ ᱟᱞᱮᱭᱟᱜ ᱥᱮᱵᱟ ᱛᱮᱢ ᱠᱩᱥᱤ ᱜᱮᱭᱟ᱾  ᱤᱧ ᱱᱚᱶᱟ ᱵᱟᱰᱟᱭ ᱠᱟᱛᱮᱧ ᱫᱩᱠ ᱮᱱᱟ  ᱡᱮ, ᱟᱢ ᱥᱟᱢᱟᱝᱨᱮ ᱨᱩᱠᱷᱟᱹᱭᱤ ᱤᱫᱤ ᱠᱟᱛᱮᱜ ᱤᱥᱩ ᱛᱟᱦᱮᱸᱠᱟᱱᱟ ᱡᱟᱦᱟᱸ ᱨᱮᱭᱟᱜ ᱥᱟᱢᱟᱫᱷᱟᱱ ᱟᱢᱟᱜ ᱠᱩᱥᱤ ᱞᱮᱠᱟ ᱵᱟᱝ ᱠᱚᱨᱟᱣ ᱦᱩᱭ ᱟᱠᱟᱱᱟ ᱾ (ᱵᱮᱝᱠ ᱠᱞᱟᱨᱠ)",I thought you were happy with our service. I am sorry to hear that you have had security issues which were not handled to your satisfaction. (Bank Clerk),मुझे लगा कि आप हमारी सेवा से खुश हैं। मुझे यह सुनकर दुख हुआ कि आपको सुरक्षा संबंधी समस्याएं थीं जो आपकी संतुष्टि के अनुसार नहीं सुलझाई गईं। (बैंक क्लर्क)
39075842,"ᱵᱩᱜᱤ ᱜᱮ ᱤᱧ ᱟᱢ ᱢᱤᱫ ᱥᱮᱯᱷ ᱞᱮᱠᱟᱛᱮ ᱟᱢᱤᱧ ᱠᱩᱥᱤ ᱟᱢᱟ, ᱢᱮᱱᱠᱷᱟᱱ ᱤᱧ ᱟᱹᱰᱤ ᱵᱟᱹᱲᱤᱡ ᱤᱧ ᱟᱹᱭᱠᱟᱹᱣ ᱮᱫᱟ ᱡᱮ ᱤᱧ ᱯᱷᱟᱨᱪᱟᱼᱯᱷᱟᱹᱨᱪᱤ ᱨᱮᱭᱟᱜ ᱚᱵᱷᱟᱵ ᱞᱟᱹᱜᱤᱫ ᱡᱚᱢᱡᱤᱨᱟᱹᱣ ᱚᱲᱟᱜ ᱵᱟᱵᱚᱫ ᱢᱤᱫ ᱵᱟᱹᱲᱤᱡ ᱨᱤᱵᱷᱤᱣᱩ ᱤᱧ ᱚᱞᱟ ᱾ (ᱡᱚᱢᱟᱜ ᱟᱞᱚᱪᱚᱠ)","Even though I like you as a Chef, I feel terrible that I will be writing a bad review about the restaurant for its lack of hygiene. (Food critic)","भले ही मैं एक शेफ के रूप में आपको पसंद करता हूँ, लेकिन मुझे बहुत बुरा लग रहा है कि मैं स्वच्छता की कमी के लिए रेस्टोरेंट के बारे में एक खराब समीक्षा लिखूँगा। (खाद्य समीक्षक)"
39085842,"ᱟᱯᱮ ᱟᱹᱠᱷᱨᱤᱧ ᱚᱠᱛᱚ ᱞᱮᱛᱟᱲ ᱯᱮ ᱧᱮᱞᱟ, ᱢᱮᱱᱠᱷᱟᱱ ᱡᱚᱠᱷᱚᱱ ᱥᱮᱵᱟ ᱨᱮᱭᱟᱜ ᱠᱟᱛᱷᱟ ᱦᱤᱡᱩᱜᱼᱟ ᱮᱱᱠᱷᱟᱱ ᱟᱞᱮᱭᱟᱜ ᱮᱴᱠᱮᱴᱚᱲᱮ ᱠᱚ ᱟᱞᱜᱟ ᱛᱮ ᱱᱚᱡᱚᱨ ᱮᱲᱟᱣ ᱨᱮᱭᱟᱜ ᱟᱯᱮᱭᱟᱜ ᱵᱮᱣᱦᱟᱨ ᱫᱚ ᱟᱹᱰᱤ ᱵᱚᱛᱚᱨᱟᱱ ᱜᱮᱭᱟ ᱾ (ᱜᱟᱦᱟᱠ)","You people follow up constantly when selling but when it comes to service, your attitude of conveniently ignoring our problems is appalling. (Customer)","आप लोग बेचते समय लगातार संपर्क करते हैं लेकिन जब सेवा की बात आती है, तो हमारी समस्याओं को आसानी से अनदेखा करने का आपका रवैया भयावह होता है। (ग्राहक)"
39095842,ᱵᱟᱹᱲᱤᱡ ᱦᱚᱨᱟ ᱛᱮ ᱠᱟᱹᱢᱤ ᱟᱠᱟᱱ ᱠᱟᱹᱢᱤ ᱪᱮᱛᱟᱱ ᱮᱠᱥᱮᱱ ᱥᱚᱫᱚᱨ ᱞᱟᱹᱜᱤᱫ ᱤᱧ ᱟᱢᱟᱜ ᱥᱟᱨᱵᱷᱤᱥ ᱥᱮᱱᱴᱟᱨ ᱠᱷᱚᱱ ᱤᱧᱟᱹᱜ ᱜᱟᱹᱰᱤ ᱨᱮᱡ ᱨᱮᱭᱟᱜ ᱦᱩᱢᱠᱤ ᱪᱮᱫᱟᱜ ᱮᱢ ᱦᱩᱭᱩᱜᱼᱟ ? (ᱜᱟᱦᱟᱠ),Why do I have to threaten to take my car away from your service center for you to offer to take action on a job badly done? (Customer),खराब काम पर कार्रवाई की पेशकश करने के लिए मुझे आपकी सर्विस सेंटर से अपनी कार हटाने की धमकी क्यों देनी पड़ती है? (ग्राहक)
39105842,ᱱᱚᱶᱟ ᱵᱩᱡᱷᱟᱹᱣ ᱟᱪᱚ ᱱᱩᱱᱟᱜ ᱪᱮᱫᱟᱜ ᱢᱩᱥᱠᱤᱞᱟ ᱡᱮ ᱤᱧ ᱟᱢᱨᱮᱱ ᱜᱤᱫᱽᱨᱟᱹᱼᱟᱜ ᱮᱱᱮᱡ ᱟᱥᱲᱟ ᱨᱮ ᱪᱮᱫᱚᱜ ᱥᱟᱞᱟᱜ ᱡᱚᱯᱲᱟᱣ ᱠᱟᱹᱣᱰᱤ ᱮᱢᱚᱜ ᱵᱟᱹᱧ ᱫᱟᱲᱮᱭᱟᱜᱼᱟ ?  ᱱᱚᱝᱠᱟ ᱵᱩᱡᱷᱟᱹᱜᱼᱟ ᱡᱮ ᱵᱤᱨᱫᱟᱹᱜᱟᱲ ᱮᱱᱮᱡ ᱠᱟᱹᱨᱤ ᱨᱮᱭᱟᱜ ᱠᱚ ᱵᱮᱵᱥᱟ ᱟᱠᱟᱫᱟ ᱾ (ᱠᱷᱟᱹᱢᱤᱡ),Why is it so difficult to understand that I am unable to afford the costs associated with my child learning at your dance school? The school seems to have commercialized the art of dance. (Parent),यह समझना इतना कठिन क्यों है कि मैं आपके नृत्य विद्यालय में अपने बच्चे के सीखने से जुड़े खर्चों को वहन करने में असमर्थ हूँ? ऐसा लगता है कि स्कूल ने नृत्य की कला का व्यवसायीकरण कर दिया है। (अभिभावक)
39115842,"ᱮᱱᱮᱡ ᱟᱥᱲᱟᱨᱮ, ᱟᱞᱮ ᱟᱢ ᱴᱷᱮᱱ ᱱᱚᱣᱟᱫᱚ ᱵᱟᱝᱞᱮ ᱟᱸᱥ ᱟᱠᱟᱱ ᱛᱟᱦᱮᱸᱜ ᱡᱮ ᱟᱢ ᱱᱮᱜᱮᱴᱤᱵᱷ ᱯᱨᱚᱛᱛᱤᱠᱨᱤᱭᱟᱢ ᱮᱢᱟ, ᱱᱚᱶᱟ ᱧᱮᱞ ᱠᱟᱛᱮ ᱡᱮ ᱟᱞᱮ ᱮᱱᱮᱡ ᱦᱮᱯᱨᱟᱣ ᱨᱮ ᱟᱹᱢᱤᱡ ᱜᱤᱫᱽᱨᱟᱹ ᱦᱟᱜ ᱥᱮᱞᱮᱫᱚᱜ ᱢᱟᱱᱟᱣ ᱨᱮᱭᱟᱜ ᱞᱮ ᱞᱟᱹᱭ ᱥᱚᱫᱚᱨ ᱮᱫᱟ ᱾ (ᱮᱱᱮᱡ ᱢᱟᱪᱮᱛ)","At the dance school, we did not expect you to react negatively considering that we are offering to support your child's participation in the dance competition.  (Dance Tutor)","नृत्य विद्यालय में, हमें उम्मीद नहीं थी कि आप नकारात्मक प्रतिक्रिया देंगे, यह देखते हुए कि हम नृत्य प्रतियोगिता में आपके बच्चे की भागीदारी का समर्थन करने की पेशकश कर रहे हैं। (नृत्य शिक्षक)"
39125842,"ᱤᱧ ᱞᱟᱹᱠᱛᱤᱭᱟᱱ ᱡᱤᱱᱤᱥ ᱠᱤᱨᱤᱧ ᱨᱮ ᱜᱚᱲᱚ ᱞᱟᱹᱜᱤᱫ ᱠᱷᱩᱛᱤ ᱯᱩᱨᱩᱱ  ᱥᱟᱶᱛᱮ ᱟᱢᱟᱜ ᱥᱟᱢᱟᱱ ᱛᱮᱦᱮᱧ ᱫᱚᱥᱟᱨ ᱩᱰᱟᱹᱜ ᱜᱟᱹᱰᱤ ᱨᱮ ᱱᱤᱡᱤ ᱨᱩᱯᱛᱮ ᱟᱢᱤᱧ ᱥᱮᱴᱮᱨᱟᱢᱟ, ᱡᱩᱫᱤ ᱟᱢ ᱮᱭᱟᱨᱞᱟᱭᱤᱱ ᱨᱮᱢ ᱢᱟᱢᱞᱟᱭᱟ  ᱮᱫᱟᱠᱚ, ᱮᱱᱠᱷᱟᱱ ᱤᱧᱟᱜ ᱱᱳᱠᱨᱤ ᱟᱫᱚᱜ ᱨᱮᱱᱟᱜ ᱠᱷᱟᱛᱨᱟ ᱢᱮᱱᱟᱜᱼᱟ ᱾ (ᱮᱭᱟᱨᱞᱟᱭᱤᱱ ᱨᱟᱹᱥᱭᱟᱹ)","I will get your baggage delivered to you personally today on the next flight with a compensation to help buy essentials. If you sue the airline, I find myself at the risk of losing my job. (Airline Staff)","मैं आज आवश्यक सामान खरीदने में मदद के लिए मुआवजे के साथ अगली उड़ान पर आपका सामान व्यक्तिगत रूप से आप तक पहुँचाऊँगा। यदि आप एयरलाइन पर मुकदमा करते हैं, तो मुझे अपनी नौकरी खोने का खतरा है। (एयरलाइन कर्मचारी)"
39135842,"ᱨᱳᱞᱚᱨᱠᱳᱥᱴᱟᱨ ᱟᱨ ᱫᱟᱜ ᱨᱮ ᱯᱟᱭᱨᱟᱜ ᱢᱩᱫᱽᱨᱮ ᱵᱟᱪᱷᱱᱟᱣ ᱞᱟᱹᱜᱤᱫ ᱤᱧ ᱮᱠᱞᱟ ᱜᱮ ᱟᱲᱟᱜ ᱠᱟᱹᱧ ᱢᱮ, ᱟᱢ ᱤᱧ ᱞᱟᱹᱜᱤᱫ  ᱴᱷᱟᱲᱚᱜᱚᱴᱟ ᱨᱮᱭᱟᱜ ᱟᱹᱭᱫᱟᱹᱨ ᱵᱟᱹᱱᱩᱜ ᱛᱟᱢᱟ ᱾ (ᱢᱟᱨᱟᱝ ᱵᱮᱴᱟ )","LEAVE ME ALONE to choose between the rollercoaster and the water ride, You DON'T get to decide for me. (Elder son)","मुझे रोलरकोस्टर और वाटर राइड के बीच चयन करने के लिए अकेला छोड़ दो, तुम्हें मेरे लिए फैसला करने का अधिकार नहीं है। (बड़ा बेटा)"
39145842,"ᱤᱧ ᱪᱮᱫᱚᱜ ᱥᱟᱶᱼᱥᱟᱶ ᱛᱮ ᱠᱷᱮᱞᱚᱸᱰ ᱞᱟᱹᱜᱤᱫ ᱦᱚᱸ ᱢᱳᱵᱟᱭᱤᱞ ᱤᱧ ᱵᱮᱣᱦᱟᱨᱼᱟ ᱟᱨ ᱱᱚᱶᱟ ᱵᱮᱜᱚᱨ ᱤᱧᱟᱜ ᱢᱚᱱᱮ ᱟᱫ ᱩᱛᱟᱹᱨᱚᱜᱼᱟ, ᱵᱟᱵᱟ ᱾ ᱫᱟᱭᱟᱠᱟᱛᱮ ᱱᱚᱶᱟ ᱥᱟᱹᱜᱤᱧ ᱟᱞᱚᱢ ᱤᱫᱤᱭᱟ ᱾ (ᱜᱤᱫᱽᱨᱟᱹ)","I use the mobile for learning as well as playing and would be lost without it, Dad. Please don't take it away. (Child)","मैं सीखने के साथ-साथ खेलने के लिए भी मोबाइल का उपयोग करता हूँ और इसके बिना खो जाऊँगा, पिताजी। कृपया इसे मत छीनिए। (बच्चा)"
39155842,"ᱟᱢᱟᱜ ᱫᱤᱱᱟᱹᱢ ᱢᱳᱵᱟᱭᱤᱞ ᱯᱷᱳᱱ  ᱟᱹᱰᱤ ᱰᱷᱮᱨ ᱵᱮᱵᱦᱟᱨ ᱤᱧᱮ ᱵᱚᱛᱚᱨ ᱟᱪᱚᱧᱟ ᱾ ᱯᱚᱲᱦᱚᱱᱛᱮ ᱵᱟᱰᱟᱭ ᱧᱟᱢ ᱟᱠᱟᱱᱟ ᱡᱮ, ᱟᱢ ᱡᱟᱦᱟᱸ ᱛᱤᱱ ᱜᱷᱟᱹᱲᱤ ᱯᱷᱚᱱ ᱮᱢ ᱵᱮᱵᱚᱦᱟᱨ ᱮᱫᱟ, ᱚᱱᱟ ᱠᱷᱚᱱ ᱟᱫᱷᱟ ᱚᱠᱛᱚᱢ ᱯᱷᱚᱱᱮᱢ  ᱵᱮᱵᱚᱦᱟᱨ ᱫᱟᱲᱮᱭᱟᱜᱼᱟ ᱮᱱᱠᱷᱟᱱ  ᱢᱚᱱᱮ ᱨᱮᱭᱟᱜ ᱫᱟᱲᱮ ᱠᱚᱢᱛᱤ ᱦᱤᱡᱩᱜᱼᱟ ᱾(ᱵᱟᱵᱟ) ᱾",Your excessive use of the mobile phone daily scares me. Studies have shown a decrease in mental capacity if the phone is used for half the time you are using. (Father),आपके द्वारा रोजाना मोबाइल फोन का अत्यधिक उपयोग मुझे डराता है। अध्ययनों से पता चला है कि जितने समय आप फोन का उपयोग कर रहे हैं उसके आधे समय भी उपयोग करने पर मानसिक क्षमता में कमी आती है। (पिता)
39165842,"ᱡᱚᱠᱷᱚᱱ ᱤᱧ ᱪᱮᱠᱼᱤᱱ ᱞᱟᱹᱜᱤᱫ ᱠᱟᱣᱩᱱᱴᱟᱨ ᱨᱤᱧ ᱥᱮᱴᱮᱨ ᱮᱱᱟ ᱩᱱ ᱚᱠᱛᱚ ᱮᱠᱳᱱᱳᱱᱤ ᱥᱤᱴ ᱠᱚ ᱟᱹᱰᱤ ᱳᱵᱷᱟᱨᱵᱩᱠ ᱟᱠᱟᱱ ᱛᱟᱦᱮᱸ, ᱚᱱᱟᱛᱮ ᱡᱚᱠᱷᱚᱱ ᱮᱭᱟᱨᱞᱟᱭᱤᱱ ᱥᱴᱟᱯᱷ ᱤᱧ ᱟᱸᱲᱜᱚ ᱵᱚᱫᱚᱞᱛᱮ ᱵᱤᱡᱱᱮᱥ ᱠᱮᱞᱟᱥ ᱨᱮ ᱯᱦᱨᱤ ᱟᱯᱜᱨᱮᱰ ᱨᱮᱭᱟᱜ ᱮ ᱞᱟᱹᱭ ᱟᱹᱫᱤᱧ ᱠᱷᱟᱱ ᱤᱧᱤᱧ ᱚᱵᱟᱠ ᱩᱛᱟᱹᱨᱮᱱᱟ ᱾","The economy seats were overbooked when I approached the counter for check-in, so I was stunned when the airline staff offered me a free upgrade to business class rather than offloading me.","जब मैं चेक-इन के लिए काउंटर पर गया तो इकोनॉमी सीटें ओवरबुक थीं, इसलिए मैं स्तब्ध रह गया जब एयरलाइन कर्मचारियों ने मुझे उतारने के बजाय बिजनेस क्लास में मुफ्त अपग्रेड की पेशकश की।"
39175842,ᱤᱧ ᱥᱤᱞᱯᱤᱧ ᱵᱟᱹᱧ ᱡᱷᱤᱡ ᱫᱟᱲᱮᱭᱟᱠᱟᱫ ᱠᱷᱟᱹᱛᱤᱨᱛᱮ ᱤᱧᱟᱹᱜ ᱦᱳᱴᱮᱞ ᱠᱟᱸᱫᱷᱟ ᱨᱮᱭᱟᱜ ᱵᱟᱦᱚᱨᱮ ᱨᱤᱧ ᱟᱴᱚᱠ ᱟᱠᱟᱱᱟ ᱟᱨ ᱤᱧ ᱫᱷᱟᱫᱚᱥ ᱨᱮ ᱢᱤᱱᱟᱹᱧᱟ ᱾,I've been stuck outside my hotel room unable to open the door and I am in despair.,मैं अपने होटल के कमरे के बाहर दरवाजा खोलने में असमर्थ होकर फंसा हुआ हूँ और निराशा में हूँ।
39185842,᱒᱐᱑᱑ ᱥᱟᱞ ᱨᱮᱭᱟᱜ ᱡᱮᱜᱮᱫ ᱠᱟᱯ ᱥᱮᱢᱤᱯᱷᱟᱭᱱᱮᱞ ᱨᱮ ᱵᱷᱟᱨᱚᱛᱤᱭᱚ ᱜᱟᱫᱮᱞ ᱦᱟᱨᱟᱣ ᱛᱟᱭᱚᱢ ᱤᱧᱤᱧ ᱵᱷᱟᱵᱽᱱᱟ ᱞᱮᱱᱟ ᱾,I was devastated when the Indian team lost in the semi-finals of the 2011 Cricket World Cup.,2011 क्रिकेट विश्व कप के सेमीफाइनल में जब भारतीय टीम हार गई तो मैं बहुत आहत हुआ था।
39195842,ᱤᱧᱫᱚ ᱱᱚᱶᱟ ᱵᱟᱹᱧ ᱠᱩᱥᱤᱭᱟᱜᱼᱟ ᱡᱮ ᱰᱤᱰᱴᱨᱤᱵᱩᱴᱟᱨ ᱠᱚ ᱟᱥᱚᱜᱼᱟ ᱡᱮ ᱟᱞᱮᱫᱚ ᱱᱚᱶᱟ ᱥᱚᱨᱯᱷᱟᱛᱮ ᱵᱮᱱᱟᱣᱟᱜ ᱫᱩᱨᱤᱵ ᱞᱮ ᱟᱹᱠᱷᱨᱤᱧᱟ ᱾,I don't like it that the distributors expect us to sell this cheaply made merchandise.,मुझे यह पसंद नहीं है कि वितरक हमसे यह सस्ते में बना सामान बेचने की उम्मीद करते हैं।
39205842,ᱩᱱᱤᱭᱟᱜ ᱠᱟᱹᱢᱤ ᱛᱟᱹᱨᱤ ᱟᱨ ᱜᱚᱨᱚᱡ ᱤᱧ ᱯᱟᱨᱚᱢᱮᱱ ᱠᱤᱪᱷᱤ ᱥᱮᱨᱢᱟ ᱨᱮᱭ ᱪᱚᱢᱠᱟᱣ ᱟᱠᱟᱫᱤᱧ ᱛᱟᱦᱮᱸᱜ; ᱱᱚᱶᱟ ᱯᱟᱹᱛᱭᱟᱹᱣ ᱫᱚ ᱟᱡᱷᱟᱴᱟ ᱜᱮᱭᱟ ᱡᱮ ᱩᱱᱤ ᱞᱟᱦᱟ ᱪᱟᱞᱟᱜ ᱨᱮᱭᱟᱜ ᱠᱟᱛᱷᱟᱭ ᱩᱭᱦᱟᱹᱨᱮᱫ ᱛᱟᱦᱮᱸᱜᱼᱟ᱾,Her work ethics and dedication had truly amazed me over the years; it's hard to believe she was thinking about moving on.,उनकी कार्य नैतिकता और समर्पण ने पिछले कुछ वर्षों में मुझे वास्तव में चकित कर दिया था; यह विश्वास करना कठिन है कि वह आगे बढ़ने के बारे में सोच रही थीं।
39215842,ᱤᱧ ᱡᱚᱠᱷᱚᱱ ᱫᱚᱲᱦᱟ ᱛᱮ ᱵᱮᱱᱟᱣ ᱠᱟᱹᱢᱤ ᱨᱮᱭᱟᱜ ᱫᱟᱣ ᱤᱫᱤ ᱠᱟᱛᱤᱧ ᱩᱭᱦᱟᱹᱨᱟ  ᱵᱟᱛᱷᱨᱩᱢ ᱠᱷᱚᱱ ᱮᱦᱚᱵ ᱠᱟᱛᱮ ᱠᱚᱢᱯᱟᱣᱩᱱᱰ ᱠᱟᱸᱛ ᱟᱨ ᱤᱥᱤᱱ ᱚᱲᱟᱜ ᱩᱱᱫᱚ ᱡᱟᱹᱱᱤᱡᱽ ᱢᱤᱨᱞᱩᱝ ᱨᱮᱭᱟᱜ ᱡᱚᱯᱚᱴᱮᱛ ᱛᱮ ᱢᱮᱥᱟᱣᱟᱠᱟᱱ ᱱᱚᱥᱴᱟᱞᱡᱤᱭᱟ ᱨᱮᱭᱟᱜ ᱦᱮᱞᱠᱟᱣᱨᱮ ᱥᱟᱢᱟᱝ ᱫᱟᱯᱨᱟᱢᱚᱜ ᱾,When I think about the scope of rebuilding work – from the bathroom to the compound wall and kitchen – it's like facing a wave of nostalgia mixed with a touch of melancholy.,जब मैं पुनर्निर्माण कार्य के दायरे के बारे में सोचता हूँ - बाथरूम से लेकर चारदीवारी और रसोई तक - तो यह उदासी के स्पर्श के साथ पुरानी यादों की एक लहर का सामना करने जैसा लगता है।
39225842,ᱤᱧ ᱵᱷᱩᱞ ᱛᱟᱹᱨᱤᱠᱷ ᱞᱟᱹᱜᱤᱫ ᱴᱤᱠᱤᱴ ᱵᱩᱠ ᱨᱮᱭᱟᱜ ᱠᱟᱛᱷᱟᱛᱮ ᱪᱤᱱᱛᱟᱹ ᱛᱮ ᱯᱮᱨᱮᱡ ᱟᱠᱟᱱᱟ ᱡᱟᱦᱟᱸᱞᱮᱠᱟ ᱤᱧ ᱓ ᱪᱟᱸᱫᱚ ᱞᱟᱦᱟ ᱨᱮᱧ ᱠᱚᱨᱟᱣ ᱞᱮᱫᱟ ᱾,I am filled with anxiety at the thought of booking the ticket for the wrong date as I did 3 months ago.,गलत तारीख के लिए टिकट बुक करने के विचार से ही मैं चिंता से भर जाता हूँ जैसा कि मैंने 3 महीने पहले किया था।
39235842,ᱵᱮᱝᱜᱟᱞᱳᱨ ᱨᱮ ᱵᱷᱤᱲ ᱚᱠᱛᱚ  ᱴᱨᱟᱯᱷᱤᱠ ᱦᱟᱞᱚᱛ ᱮᱠᱟᱞ ᱜᱮ ᱵᱟᱹᱲᱤᱡᱯᱜᱼᱟ ᱾ ᱴᱟᱲᱟᱝ ᱛᱟᱭᱚᱢ ᱴᱟᱲᱟᱝ ᱵᱷᱤᱲᱼᱵᱷᱟᱲ ᱥᱚᱲᱚᱠ ᱨᱮ ᱟᱠᱚᱴ ᱛᱟᱦᱮᱱ ᱫᱚ ᱤᱧᱤᱧ ᱟᱹᱲᱤᱥᱟᱜᱼᱟ ᱾,The traffic situation during rush hours is absolutely revolting in Bangalore. I detest being stuck on those congested roads for hours on end.,बैंगलोर में व्यस्त समय के दौरान यातायात की स्थिति बिल्कुल घिनौनी होती है। मुझे उन भीड़भाड़ वाली सड़कों पर घंटों फंसे रहने से नफरत है।
39245842,"ᱤᱧ ᱠᱟᱹᱢᱤᱭᱟᱹ ᱠᱚᱣᱟᱜ ᱟᱹᱰᱤ ᱜᱟᱹᱠᱷᱩᱲ ᱨᱮᱭᱟᱜ ᱥᱮᱴ ᱧᱮᱞ ᱠᱟᱛᱤᱧ ᱦᱟᱦᱟᱲᱟᱜ ᱟᱠᱟᱱᱟᱼᱩᱱᱤ ᱫᱚ ᱟᱭᱢᱟᱭ ᱵᱟᱹᱲ ᱟᱠᱟᱱᱟ, ᱡᱮᱦᱮᱛᱩ ᱩᱱᱤ ᱫᱚ ᱯᱳᱭᱞᱳ ᱜᱟᱫᱮᱞ ᱨᱮᱭ ᱥᱮᱞᱮᱫ ᱟᱠᱟᱱᱟ ᱾","I'm taken aback by the employee's extensive skill set – he has grown so much, since he first joined the team.","कर्मचारी के व्यापक कौशल सेट से मैं चकित हूँ - जब वह पहली बार टीम में शामिल हुआ था, तब से उसने बहुत प्रगति की है।"
39255842,ᱤᱧ ᱤᱧᱞᱮᱠᱟᱛᱮ ᱢᱤᱫᱴᱟᱝ ᱛᱷᱟᱹᱨᱤᱧ ᱥᱟᱯᱲᱟᱣ ᱞᱮᱫᱟ  ᱡᱟᱦᱟᱸ ᱫᱚ ᱤᱧᱨᱮᱱ ᱵᱚᱥ ᱟᱨ ᱥᱤᱭᱳ ᱫᱤᱞᱜᱟᱹᱨᱤᱭᱟᱹ  ᱥᱟᱞᱟᱜ ᱵᱤᱰᱟᱹᱣ ᱨᱮᱭᱟᱜ ᱠᱤᱱ ᱜᱚᱴᱟ ᱞᱮᱫᱟ ᱾ ᱤᱧ ᱤᱧᱟᱹᱜ ᱥᱟᱦᱮᱫ ᱤᱧ ᱟᱴᱚᱠ ᱫᱚᱦᱚ ᱞᱮᱫᱟ ᱡᱚᱠᱷᱚᱱ ᱩᱱᱠᱤᱱ ᱠᱤᱱ ᱡᱚᱢ ᱞᱮᱫᱟ  ᱾,I had personally prepared a dish that my Boss and CEO decided to experiment with bravely. I held my breath as they ate.,मैंने व्यक्तिगत रूप से एक व्यंजन तैयार किया था जिसे मेरे बॉस और सीईओ ने बहादुरी से चखने का फैसला किया। जब वे खा रहे थे तो मैंने अपनी सांसें थाम ली थीं।
39265842,ᱤᱧ ᱱᱚᱣᱟᱛᱮᱧ ᱩᱥᱟᱹᱫ ᱟᱠᱟᱱᱟ ᱡᱮ ᱤᱧ ᱰᱨᱟᱭᱵᱷᱤᱝ ᱞᱟᱭᱥᱮᱱᱥ ᱠᱟᱹᱢᱤᱦᱚᱨᱟ ᱟᱨᱦᱚᱸ ᱫᱚᱲᱦᱟᱛᱮ ᱠᱚᱨᱟᱣ ᱦᱩᱭᱩᱜ ᱛᱤᱧᱟᱹ ᱪᱮᱫᱟᱜ ᱥᱮ ᱤᱧ ᱟᱢᱮᱨᱤᱠᱟᱧ ᱪᱟᱞᱟᱣ ᱟᱠᱟᱱᱟ ᱾,I am annoyed I have to go through the entire driving license procedure again just because I moved to the US.,"मुझे इस बात से चिढ़ है कि सिर्फ इसलिए कि मैं अमेरिका चला गया, मुझे फिर से पूरी ड्राइविंग लाइसेंस प्रक्रिया से गुजरना पड़ा।"
39275842,ᱤᱧᱨᱮᱱ ᱟᱹᱰᱤᱫᱤᱱ ᱨᱮᱱ ᱥᱚᱦᱮᱫᱤᱭᱟᱹ ᱡᱚᱠᱷᱚᱱ ᱥᱮᱢᱞᱮᱫ ᱟᱲᱟᱜ ᱨᱮᱭᱟᱜ ᱮ ᱜᱚᱴᱟ ᱞᱮᱫᱟ ᱛᱚᱠᱷᱚᱱ ᱤᱧ ᱢᱤᱫᱛᱮ ᱛᱟᱦᱮᱱ ᱥᱟᱱᱟᱢ ᱥᱮᱨᱢᱟ ᱨᱮᱭᱟᱜ ᱠᱟᱛᱷᱟ ᱩᱭᱦᱟᱹᱨ ᱠᱟᱛᱮ ᱱᱚᱥᱴᱟᱞᱡᱤᱭᱟᱹ ᱨᱮᱭᱟᱜ ᱟᱵᱷᱟᱥ ᱤᱧ ᱟᱹᱭᱠᱟᱹᱣ ᱟᱠᱟᱫᱟ ᱾,I felt a tinge of nostalgia remembering all the years of togetherness when my long-standing colleague decided to leave the organization.,जब मेरे पुराने सहयोगी ने संगठन छोड़ने का फैसला किया तो मुझे साथ बिताए सभी वर्षों को याद करते हुए पुरानी यादों का अहसास हुआ।
39285842,ᱤᱧ ᱩᱱ ᱚᱠᱛᱚᱧ ᱦᱟᱦᱟᱲᱟ ᱩᱛᱟᱹᱨ ᱮᱱᱟ ᱡᱚᱠᱷᱚᱱ ᱤᱧ ᱵᱟᱵᱟ ᱤᱧ ᱮ ᱞᱟᱹᱭ ᱟᱹᱫᱤᱧᱟ ᱡᱮ ᱩᱱᱤ ᱟᱡᱟᱜ ᱜᱩᱜᱩᱞ ᱯᱮ ᱯᱟᱥᱳᱣᱟᱨᱰ ᱢᱤᱫ ᱩᱛᱩᱛᱮᱭᱟᱜ ᱟᱠᱷᱨᱤᱧᱤᱡᱼᱮ ᱞᱟᱹᱭ ᱟᱠᱟᱫᱮᱭᱟ ᱾,I was taken aback when my father told me he had shared his Google Pay password with a vegetable vendor.,जब मेरे पिता ने मुझे बताया कि उन्होंने एक सब्जी विक्रेता के साथ अपना गूगल पे पासवर्ड साझा किया था तो मैं दंग रह गया।
39295842,ᱤᱧ ᱱᱚᱣᱟ ᱠᱟᱛᱷᱟ ᱛᱮᱧ ᱩᱫᱟᱹᱥ ᱟᱠᱟᱱᱟ ᱡᱮ ᱤᱧ ᱦᱚᱞᱟ ᱪᱮᱱᱱᱟᱭ ᱨᱮ ᱡᱟᱦᱟᱸ ᱫᱚᱠᱟᱱ ᱠᱚᱨᱮ ᱜᱮᱧ ᱥᱮᱱ ᱟᱠᱟᱱᱟ ᱚᱸᱰᱮ ᱤᱧᱟᱜ ᱠᱩᱥᱤᱭᱟᱜ ᱟᱭᱡᱳᱰ ᱴᱤᱼᱥᱟᱨᱴ ᱵᱟᱹᱧ ᱧᱟᱢ ᱟᱠᱟᱫᱟ ᱾,I am depressed that I could not find my favourite Izod T-Shirt in all the stores I visited in Chennai yesterday.,"मैं निराश हूँ कि कल चेन्नई में जितने भी स्टोर में मैं गया, मुझे अपनी पसंदीदा इज़ोड टी-शर्ट नहीं मिली।"
39305842,ᱤᱧᱟᱹᱜ ᱟᱨᱢᱨᱮᱥᱴ ᱡᱟᱨᱯᱟᱣᱟᱱ ᱯᱷᱞᱟᱭᱤᱴ ᱨᱮᱱ ᱵᱟᱨᱭᱟ ᱯᱮᱹᱥᱮᱧᱡᱟᱨ ᱢᱩᱫᱽᱨᱮ ᱥᱭᱟᱱᱰᱣᱭᱤᱪ ᱦᱩᱭ ᱛᱟᱭᱚᱢ ᱤᱧᱫᱚ ᱵᱚᱛᱚᱨᱛᱤᱧ ᱯᱮᱨᱮᱡ ᱞᱮᱱᱟ ᱾,I was filled with despair after being sandwiched between two passengers on the flight who invaded my armrest.,उड़ान में दो यात्रियों के बीच फंसने के बाद मैं निराशा से भर गया था जिन्होंने मेरे आर्मरेस्ट पर कब्जा कर लिया था।
39315842,"ᱱᱚᱶᱟ ᱥᱮᱨᱢᱟᱠᱤᱭᱟᱹ ᱫᱚ ᱱᱤᱠᱷᱩᱛ ᱦᱩᱭᱩᱜ ᱨᱮᱭᱟᱜ ᱠᱟᱛᱷᱟ ᱛᱟᱦᱮᱸ ᱠᱟᱱᱟ, ᱟᱨ ᱤᱧ ᱩᱱᱤ ᱥᱟᱹᱨᱤ ᱥᱟᱹᱨᱤ ᱠᱷᱟᱹᱴᱤ ᱠᱤᱠᱷᱩ ᱥᱟᱸᱫᱮᱥ ᱮᱢᱚᱜ ᱨᱮᱭᱟᱜ ᱤᱧ ᱟᱹᱨᱤᱵᱟᱺᱫᱤ ᱟᱠᱟᱫᱟ  ᱩᱭᱦᱟᱹᱨ ᱫᱟ ᱾ᱢᱮᱱᱠᱷᱟᱱ ᱱᱚᱠᱥᱟᱣᱟᱜ ᱨᱮ ᱵᱟᱡᱮᱴ ᱨᱮᱭᱟᱜ ᱵᱩᱡᱷᱟᱹᱼᱯᱚᱲᱟ ᱫᱚ ᱞᱟᱹᱠᱛᱤᱭᱟᱜ ᱢᱚᱱᱮ ᱦᱩᱭᱩᱜᱼᱟ ᱾","This anniversary was supposed to be perfect, and I imagined gifting her something truly authentic. But budget compromises on the design seems inevitable.","यह वर्षगांठ बिल्कुल सही होनी चाहिए थी, और मैंने उसे वास्तव में कुछ प्रामाणिक उपहार देने की कल्पना की थी। लेकिन डिज़ाइन पर बजट समझौता अपरिहार्य लगता है।"
39325842,ᱤᱧ ᱟᱹᱲᱤᱥᱤᱧ ᱛᱟᱦᱮᱸ ᱠᱟᱱᱟ ᱡᱟᱸᱦᱟᱭ ᱰᱨᱟᱭᱵᱷᱟᱨ ᱡᱟᱹᱥᱛᱤ ᱵᱷᱟᱲᱟ ᱦᱟᱛᱟᱣ ᱞᱟᱹᱜᱤᱫ ᱡᱮᱞᱮᱧ ᱰᱟᱦᱟᱨᱮ ᱦᱟᱛᱟᱣᱮᱫᱟ ᱾,I was annoyed that the driver was  taking a longer route to get more fares.,मुझे इस बात से चिढ़ थी कि ड्राइवर अधिक किराया पाने के लिए लंबा रास्ता अपना रहा था।
39335842,ᱟᱞᱮᱭᱟᱜ ᱡᱚᱢᱟᱜ ᱧᱟᱢ ᱨᱮ ᱵᱤᱞᱚᱢᱚᱜ ᱠᱟᱱᱛᱮ ᱤᱧ ᱪᱤᱱᱛᱟᱹ ᱨᱮ ᱢᱤᱱᱟᱹᱧᱟ ᱾ ᱱᱚᱶᱟ ᱫᱚ ᱱᱚᱶᱟ ᱨᱮᱭᱟᱜ  ᱜᱩᱱᱼᱢᱟᱱᱮ ᱮᱥᱮᱨ ᱫᱟᱲᱮᱭᱟᱜᱼᱟ ᱟᱨ ᱱᱚᱶᱟ ᱫᱚ ᱡᱚᱢᱟᱜ ᱞᱮᱠᱟᱛᱮ ᱤᱧᱟᱹᱜ ᱚᱱᱚᱞ ᱨᱮ ᱥᱚᱫᱚᱨᱚᱜᱼᱟ ᱾,I'm concerned about the delay in getting our food. It may have affected its quality and that will figure in my article about the food.,मुझे अपना खाना मिलने में देरी को लेकर चिंता है। इससे इसकी गुणवत्ता प्रभावित हो सकती है और यह भोजन के बारे में मेरे लेख में शामिल होगा।
39345842,"ᱤᱧᱤᱧ ᱟᱥᱚᱜ ᱠᱟᱱ ᱛᱟᱦᱮᱸᱜ ᱡᱮ, ᱱᱚᱣᱟ ᱟᱱᱟᱴ ᱫᱚ ᱟᱞᱜᱟ ᱛᱮᱜᱮ ᱢᱮᱴᱟᱣ ᱫᱟᱲᱮᱭᱟᱜᱼᱟ, ᱢᱮᱱᱠᱷᱟᱱ ᱱᱚᱣᱟ ᱵᱟᱰᱟᱭ ᱠᱟᱛᱮᱜ ᱡᱮ ᱱᱚᱣᱟᱫᱚ ᱢᱤᱫᱴᱟᱝ ᱡᱩᱴᱤᱞ ᱮᱴᱠᱮᱴᱚᱲᱮ ᱠᱟᱱᱟ ᱡᱟᱦᱟᱸ ᱞᱟᱹᱜᱤᱫ ᱫᱟᱢᱟᱱ ᱢᱮᱨᱟᱢᱚᱛᱤ ᱨᱮᱭᱟᱜ ᱞᱟᱹᱠᱛᱤ ᱢᱮᱱᱟᱜᱼᱟ, ᱠᱷᱟᱱ ᱤᱧ ᱱᱟᱥᱮ ᱱᱟᱜ ᱩᱫᱟᱹᱥᱤᱧ ᱵᱩᱡᱷᱟᱹᱣ ᱠᱮᱫᱟ ᱾","I was hoping the issue could be diagnosed easily, but finding out it's a complex problem requiring costly repairs has left me feeling a little deflated.","मुझे उम्मीद थी कि समस्या का आसानी से निदान किया जा सकता है, लेकिन यह पता चलने पर कि यह एक जटिल समस्या है जिसके लिए महंगी मरम्मत की आवश्यकता है, मुझे थोड़ा निराशा का अहसास हुआ।"
39355842,ᱤᱧ ᱢᱩᱪᱟᱹᱫ ᱥᱮᱪ ᱥᱟᱯᱷᱟᱭ  ᱚᱠᱛᱚ ᱵᱟᱝ ᱧᱮᱞ ᱟᱠᱟᱱ ᱫᱟᱜ ᱤᱫᱤ ᱠᱟᱛᱮ ᱠᱤᱨᱤᱧᱤᱭᱟᱹ ᱴᱷᱮᱱ ᱠᱷᱚᱱ ᱠᱤᱪᱷᱩ ᱵᱟᱹᱲᱤᱡ ᱟᱹᱱᱟᱹᱭᱠᱟᱹᱣᱤᱧ ᱟᱸᱡᱚᱢ ᱟᱠᱟᱫᱟ ᱾ ᱤᱧ ᱩᱱᱠᱩ ᱠᱩᱥᱤ ᱦᱚᱪᱚᱠᱚ ᱨᱮᱭᱟᱜ ᱟᱨ ᱟᱞᱮᱭᱟᱜ ᱡᱤᱯᱠᱟᱹᱹᱣᱟᱱ ᱢᱟᱹᱱ ᱡᱤᱭᱟᱹᱲ ᱫᱚᱭᱚᱭ ᱞᱟᱹᱜᱤᱫ ᱱᱚᱶᱟ ᱨᱮᱭᱟᱜ ᱥᱚᱞᱦᱮᱧ ᱠᱷᱚᱡᱚᱜ ᱠᱟᱱᱟ ᱾,I've heard some negative feedback from the client about missed spots during the last cleaning. I want to address this to ensure their satisfaction and maintain our professional reputation.,मैंने पिछली सफाई के दौरान छूटी हुई जगहों के बारे में ग्राहक से कुछ नकारात्मक प्रतिक्रिया सुनी है। मैं उनकी संतुष्टि सुनिश्चित करने और अपनी पेशेवर प्रतिष्ठा बनाए रखने के लिए इसे ठीक करना चाहता हूँ।
39365842,ᱤᱧ ᱱᱚᱶᱟ ᱪᱟᱸᱫᱚ ᱨᱮ ᱟᱭᱢᱟ ᱠᱷᱚᱨᱚᱪ ᱛᱟᱭᱚᱢ ᱢᱤᱫᱴᱟᱝ ᱠᱨᱮᱰᱤᱴ ᱟᱱᱟᱴ  ᱦᱩᱭ ᱫᱟᱲᱮᱭᱟᱜᱼᱟ ᱧᱮᱞ ᱠᱟᱛᱮᱧ ᱵᱚᱛᱚᱨ ᱞᱮᱱᱟ ᱾,I'm frightened by the prospect of a credit crunch after having spent a lot this month.,इस महीने बहुत अधिक खर्च करने के बाद ऋण संकट (क्रेडिट क्रंच) की संभावना से मैं भयभीत हूँ।
39375842,ᱤᱧᱟᱹᱜ ᱮᱴᱠᱮᱴᱚᱲᱮ ᱥᱟᱢᱲᱟᱣᱨᱮ ᱱᱩᱭ  ᱫᱤᱥᱼᱦᱩᱫᱤᱥ ᱮᱢᱚᱜᱤᱡ ᱤᱧ ᱠᱩᱥᱤᱣᱟᱭᱟ ᱾ ᱩᱱᱤ ᱫᱚ ᱥᱚᱦᱟᱱᱩᱵᱷᱩᱛᱤ ᱟᱨ ᱫᱷᱳᱨᱡᱳᱭ ᱟᱹᱜᱩᱭᱟ ᱾,I like the way this counselor deals with my problems. She brings in empathy and patience.,"मुझे जिस तरह से यह परामर्शदाता मेरी समस्याओं से निपटती है, वह पसंद है। वह सहानुभूति और धैर्य लाती है।"
39385842,ᱤᱧᱤᱧ ᱯᱟᱨᱚᱢ ᱫᱟᱲᱮᱭᱟᱫᱼᱟ ᱡᱮ ᱜᱮᱥ ᱥᱤᱞᱤᱱᱰᱟᱨ ᱰᱮᱞᱤᱵᱷᱟᱨᱤ ᱮᱢᱚᱜᱤᱡ ᱟᱡᱟᱜ ᱠᱟᱛᱷᱟ ᱞᱮᱠᱟᱛᱮ ᱚᱠᱛᱚᱨᱮ ᱵᱟᱭ ᱦᱮᱡ ᱞᱮᱱᱟ ᱾,I am cross that the gas cylinder delivery boy did not arrive at the time he had promised.,मुझे गुस्सा आ रहा है कि गैस सिलेंडर डिलीवरी बॉय उस समय नहीं आया जिसका उसने वादा किया था।
39395842,"ᱮᱠᱷᱮᱱ ᱵᱟᱨ ᱦᱟᱯᱛᱟ ᱢᱟᱲᱟᱝᱨᱮ, ᱤᱧ ᱞᱮᱱ ᱵᱚᱱᱚᱫᱚᱞ ᱞᱟᱹᱜᱤᱫ ᱱᱟᱨᱵᱷᱟᱥᱤᱧ ᱛᱟᱦᱮᱸ ᱠᱟᱱᱟ, ᱟᱨ ᱱᱤᱛ ᱦᱟᱭᱳᱭᱮ ᱰᱨᱟᱝᱵᱷᱤᱝ ᱛᱟᱭᱚᱢ ᱤᱧ ᱟᱹᱰᱤ ᱥᱤᱜᱤᱞᱤᱧ ᱟᱴᱠᱟᱨ ᱮᱫᱟ ᱾","Just a few weeks ago, I was nervous about changing lanes, and now I feel so accomplished after acing highway driving!","बस कुछ ही हफ्ते पहले, मैं लेन बदलने को लेकर घबराया हुआ था, और अब हाईवे ड्राइविंग में महारत हासिल करने के बाद मुझे बहुत गर्व महसूस हो रहा है!"
39405842,"ᱤᱧ ᱤᱵᱷᱮᱱᱴ ᱢᱮᱱᱮᱡᱟᱨ ᱦᱚᱛᱮᱛᱮ ᱥᱚᱫᱚᱨ ᱞᱮᱱ ᱪᱤᱱᱛᱟᱹ ᱵᱟᱨᱮᱛᱮ ᱵᱟᱹᱧ ᱯᱟᱹᱛᱭᱟᱹᱣ ᱫᱟᱲᱮᱭᱟᱜ ᱠᱟᱱᱟ, ᱢᱮᱱᱠᱷᱟᱱ ᱤᱧ ᱵᱟᱹᱧ ᱜᱚᱲᱚ ᱫᱟᱲᱮᱭᱟᱢ ᱨᱮᱦᱚᱸ ᱥᱟᱡᱟᱜ ᱥᱟᱶ ᱢᱤᱫᱴᱟᱝ ᱥᱞᱤᱯᱼᱟᱯ ᱛᱟᱦᱮᱸ ᱠᱟᱱᱟ ᱢᱤᱫ ᱫᱷᱟᱣᱮᱢ ᱥᱚᱫᱚᱨ ᱫᱟᱲᱮ ᱠᱮᱭᱟ ᱾ ᱤᱧᱤᱧ ᱟᱸᱥᱚᱜ ᱠᱟᱱᱟ ᱡᱮ ᱱᱚᱶᱟ ᱫᱚ ᱢᱤᱫᱴᱟᱝ ᱮᱛᱟᱝ ᱜᱷᱚᱴᱚᱱ ᱛᱟᱦᱮᱸ ᱠᱟᱱᱟ ᱾","I can't believe the attention to detail shown by the event manager, but I can't help but mention the one time there was a slip-up with the decorations. I hoped that was a rare occurrence.","मैं इवेंट मैनेजर द्वारा दिखाए गए विवरणों पर ध्यान देने के तरीके पर विश्वास नहीं कर सकता, लेकिन मैं उस एक बार का उल्लेख किए बिना नहीं रह सकता जब सजावट में चूक हुई थी। मुझे उम्मीद थी कि यह एक दुर्लभ घटना थी।"
39415842,ᱤᱧ ᱯᱷᱤᱱᱤᱠᱥ ᱢᱚᱞ ᱨᱮ ᱥᱚᱭᱫᱟ ᱚᱠᱛᱚ ᱤᱧᱟᱹᱜ ᱯᱚᱠᱮᱴ ᱵᱟᱪᱷᱟᱣ ᱤᱫᱤ ᱠᱟᱛᱮ ᱥᱟᱨᱟ ᱜᱷᱟᱹᱲᱤ ᱜᱮ ᱪᱤᱱᱛᱟᱹ ᱨᱤᱧ ᱛᱟᱦᱮᱸ ᱠᱟᱱᱟ ᱾,I am always anxious about my pocket being picked when I shop at the Phoenix Mall.,जब मैं फीनिक्स मॉल में खरीदारी करता हूँ तो मुझे हमेशा अपनी जेब कटने की चिंता रहती है।
39425842,ᱦᱳᱴᱮᱞ ᱢᱮᱱᱮᱡᱽᱢᱮᱱᱴ ᱤᱧ ᱦᱚᱦᱚ ᱟᱫᱮ ᱛᱟᱦᱮᱸᱫ ᱟᱨ ᱦᱳᱴᱮᱞ ᱨᱮᱭᱟᱜ ᱨᱩᱢᱨᱮ ᱚᱸᱡᱽᱨᱟ ᱛᱳᱣᱟᱞᱤ ᱟᱨ ᱫᱟᱜ ᱟᱱᱟᱜ ᱟᱴᱮᱫ ᱠᱤᱪᱨᱤᱡ ᱪᱮᱛᱟᱱ ᱤᱧᱟᱹᱜ ᱛᱮᱛᱟᱝᱼᱤᱧ  ᱥᱚᱫᱚᱨ ᱞᱮᱫᱟ ᱡᱟᱦᱟᱸ ᱫᱚ ᱟᱵᱚ ᱱᱤᱛ ᱜᱮᱵᱚᱱ ᱪᱮᱠ ᱞᱮᱫᱟ ᱾,I called the hotel management and expressed my distaste towards the dirty towels and stained bedsheets in the hotel room that we had just checked into.,"मैंने होटल प्रबंधन को फोन किया और होटल के कमरे में गंदे तौलिये और दागदार चादरों के प्रति अपनी अरुचि व्यक्त की, जहाँ हमने अभी-अभी चेक-इन किया था।"
39435842,ᱤᱧ ᱠᱷᱟᱥ ᱞᱮᱠᱟᱛᱮ ᱱᱚᱶᱟ ᱥᱟᱶᱟᱨ ᱛᱟᱞᱢᱟ ᱫᱩᱧ ᱵᱟᱪᱷᱟᱣ ᱟᱠᱟᱫᱟ ᱚᱡᱮᱫᱚ ᱱᱚᱶᱟ ᱤᱧᱟᱹᱜ ᱢᱮᱰᱤᱣᱳᱭᱮᱞ ᱵᱤᱢᱟ ᱦᱚᱛᱮᱛᱮ ᱫᱟᱯᱟᱞᱚᱜ ᱨᱮᱭᱟᱜ ᱠᱟᱛᱷᱟ ᱛᱟᱦᱮᱸ ᱠᱟᱱᱟ ᱾ ᱱᱤᱛ ᱟᱢ ᱤᱧᱮᱢ ᱢᱤᱛᱟᱹᱧ ᱠᱟᱱᱟ ᱡᱮ ᱤᱧᱟᱹᱜ ᱱᱟᱦᱟᱜ ᱵᱷᱤᱡᱤᱴ ᱠᱚ ᱨᱮᱭᱟᱜ ᱚᱠᱟᱴᱟᱜ ᱦᱚᱸ ᱵᱟᱝ ᱠᱚᱵᱷᱟᱨ ᱟᱠᱟᱱᱟ ? ᱱᱚᱶᱟ ᱫᱚ ᱵᱟᱝ ᱯᱟᱹᱛᱭᱟᱹᱣ ᱞᱮᱠᱟᱱᱟᱜ !,I specifically chose this health center because it was supposed to be covered by my Mediwell insurance. Now you're telling me none of my recent visits are covered? This is unbelievable!,मैंने विशेष रूप से इस स्वास्थ्य केंद्र को इसलिए चुना क्योंकि यह मेरे मेडिवेल बीमा द्वारा कवर किया जाना था। अब आप मुझे बता रहे हैं कि मेरी हालिया यात्राओं में से कोई भी कवर नहीं है? यह अविश्वसनीय है!
39445842,ᱤᱧ ᱟᱹᱲᱤᱥᱤᱧ ᱟᱴᱠᱟᱨ ᱟᱠᱟᱫᱟ ᱡᱮ ᱠᱟᱹᱢᱤᱭᱟᱹᱠᱚ ᱠᱳᱢᱯᱟᱱᱤ ᱴᱷᱮᱱ ᱠᱷᱚᱱ ᱵᱤᱱ ᱞᱟᱹᱠᱛᱤᱭᱟᱱ ᱛᱟᱹᱞᱤᱢ ᱞᱟᱹᱜᱤᱫ ᱠᱷᱚᱨᱪᱟ ᱠᱚ ᱠᱷᱚᱡᱟ ᱡᱟᱦᱟᱸ ᱫᱚ ᱩᱱᱠᱩ ᱞᱟᱹᱜᱤᱫ ᱮᱴᱟᱜ ᱪᱟᱹᱠᱨᱤ ᱠᱚ ᱧᱟᱢ ᱫᱟᱲᱮᱭᱟᱜᱼᱟ ᱾,I felt annoyed that employees wanted the company to spend on unnecessary training that would get them another job.,मुझे इस बात पर गुस्सा आया कि कर्मचारी चाहते थे कि कंपनी अनावश्यक प्रशिक्षण पर खर्च करे जिससे उन्हें दूसरी नौकरी मिल जाए।
39455842,"ᱤᱧ ᱦᱩᱭᱫᱟᱲᱮᱭᱟᱜᱼᱟ ᱵᱟᱝ ᱞᱮᱠᱟᱱᱟᱜ ᱫᱚᱲᱦᱟ ᱛᱮ ᱧᱮᱞ ᱟᱹᱨᱩ ᱟᱨ ᱨᱮᱴᱤᱝ ᱤᱫᱤᱠᱟᱛᱮ ᱪᱤᱱᱛᱟᱹᱨᱮ ᱢᱤᱱᱟᱹᱧᱟ, ᱢᱤᱫᱴᱟᱝ ᱜᱚᱴᱟᱼᱵᱩᱴᱟᱹ ᱵᱟᱹᱲᱤᱡ ᱵᱮᱹᱪ ᱩᱰᱩᱠ ᱪᱟᱞᱟᱣ ᱛᱟᱭᱚᱢ ᱜᱟᱦᱟᱜ ᱠᱚ ᱟᱞᱮᱭᱟᱜ ᱚᱱᱞᱟᱭᱤᱱ ᱨᱮᱠᱚ ᱮᱢ ᱫᱟᱲᱮᱭᱟᱜᱼᱟ ᱾","I’m worried about the potential negative reviews and ratings, customers might give us online after a particular bad batch went out.","एक विशेष खराब बैच निकलने के बाद ग्राहक हमें ऑनलाइन जो संभावित नकारात्मक समीक्षाएं और रेटिंग दे सकते हैं, उसको लेकर मैं चिंतित हूँ।"
39465842,ᱠᱟᱹᱢᱤ ᱴᱷᱟᱶᱨᱮ ᱟᱹᱠᱷᱨᱤᱧ ᱨᱮᱭᱟᱜ ᱡᱚᱥ ᱯᱟᱨᱚᱢ ᱞᱟᱹᱜᱤᱫ ᱵᱳᱱᱟᱥ ᱧᱟᱢ ᱛᱟᱭᱚᱢ ᱡᱮᱜᱮᱫ ᱨᱮᱭᱟᱜ ᱥᱚᱨᱮᱥᱤᱧ ᱛᱟᱦᱮᱸ ᱠᱟᱱᱟ ᱾,I was on top of the world after receiving a bonus for exceeding sales targets at work.,काम पर बिक्री लक्ष्यों को पार करने के लिए बोनस प्राप्त करने के बाद मैं सातवें आसमान पर था।
39475842,ᱤᱧ ᱵᱟᱹᱧ ᱯᱟᱹᱛᱭᱟᱹᱣ ᱫᱟᱲᱮᱭᱟᱜ ᱠᱟᱱᱟ ᱱᱚᱶᱟ ᱜᱮᱢᱤᱝ ᱠᱚᱱᱥᱳᱞ ᱫᱚ ᱔ᱠᱮ ᱨᱮᱡᱳᱞᱤᱭᱩᱥᱚᱱ ᱨᱮ ᱜᱮᱢ ᱮ ᱠᱷᱮᱞ ᱫᱟᱲᱮᱭᱟᱜᱼᱟ ᱾,I can't believe this gaming console can play games in 4K resolution.,मुझे विश्वास नहीं हो रहा कि यह गेमिंग कंसोल 4K रिज़ॉल्यूशन में गेम खेल सकता है।
39485842,"ᱱᱚᱶᱟ ᱫᱚ ᱤᱧᱟᱹᱜ ᱛᱟᱨᱮᱱ ᱨᱮ ᱵᱳᱡᱷᱟ ᱞᱮᱠᱟ, ᱞᱚᱜᱚᱱ ᱜᱮ ᱤᱧ ᱤᱧᱟᱹᱜ ᱚᱵᱷᱤᱱᱚᱭ ᱟᱨ ᱤᱧᱟᱹᱜ ᱢᱩᱫᱤᱠᱷᱟᱱᱟ ᱵᱟᱹᱲᱤᱡ ᱵᱟᱨᱮᱛᱮ ᱪᱤᱱᱛᱟᱹ ᱵᱟᱝ ᱦᱩᱭᱩᱜ ᱛᱤᱧᱟᱹ ᱵᱟᱰᱟᱭᱟᱹᱧ ᱾ ᱤᱧ ᱢᱤᱫᱴᱟᱝ ᱱᱟᱶᱟ ᱯᱷᱨᱤᱡᱽ ᱤᱧ ᱠᱤᱨᱤᱧ ᱮᱫᱟ ᱾","It's like a weight off my shoulders, knowing that soon I won't have to worry about my fridge acting up and ruining my groceries anymore. I am buying a new fridge.","यह मेरे कंधों से एक बोझ हटने जैसा है, यह जानकर कि जल्द ही मुझे अपने फ्रिज के खराब होने और मेरी किराने का सामान बर्बाद करने के बारे में चिंता करने की आवश्यकता नहीं होगी। मैं एक नया फ्रिज खरीद रहा हूँ।"
39495842,ᱱᱚᱶᱟ ᱦᱟᱯᱛᱟᱨᱮ ᱠᱷᱟᱡᱽᱱᱟ ᱨᱮᱭᱟᱜ ᱵᱟᱹᱲᱛᱤ ᱦᱟᱞᱟᱼᱨᱩᱣᱟᱹᱲ ᱞᱟᱹᱜᱤᱫ ᱤᱧ ᱡᱟᱦᱟᱸ ᱴᱮᱹᱠᱥ ᱨᱩᱣᱟᱹᱲᱤᱧ ᱧᱟᱢ ᱟᱠᱟᱫᱟ ᱚᱱᱟ ᱠᱷᱚᱱ ᱟᱨ ᱢᱟᱨᱟᱝ ᱨᱟᱹᱥᱠᱟᱹ ᱫᱚ ᱪᱮᱫᱦᱚᱸ ᱵᱟᱭ ᱮᱢ ᱫᱟᱲᱮᱭᱟᱹᱧᱟᱹ ᱾,Nothing could give me greater pleasure than the tax refund I received for overpayment of tax this week.,इस सप्ताह कर के अधिक भुगतान के लिए मुझे मिले टैक्स रिफंड से अधिक खुशी मुझे कोई और चीज नहीं दे सकती थी।
39505842,ᱱᱚᱝᱠᱟᱱ ᱠᱤᱪᱷᱩ ᱫᱤᱱ ᱢᱮᱱᱟᱜᱼᱟ ᱡᱚᱠᱷᱚᱱ ᱤᱧ ᱠᱟᱹᱢᱤ ᱵᱷᱟᱹᱜᱮ ᱵᱟᱹᱧ ᱵᱩᱡᱟ ᱟᱨ ᱤᱧ ᱪᱮᱫᱟᱜ ᱤᱧ ᱚᱱᱠᱟᱭᱟ ᱚᱱᱟ ᱵᱟᱝ ᱵᱟᱰᱟᱭ ᱠᱟᱛᱮ ᱛᱷᱤᱨ ᱠᱟᱛᱮ ᱠᱟᱸᱛ ᱥᱮᱫ ᱤᱧ ᱠᱚᱭᱚᱜ ᱠᱟᱜᱼᱟ ᱾,There are days when I just don't feel like working and I sit staring at the walls in silence not knowing why I do that.,ऐसे दिन होते हैं जब मेरा काम करने का बिल्कुल मन नहीं करता और मैं चुपचाप दीवारों को घूरता रहता हूँ बिना यह जाने कि मैं ऐसा क्यों करता हूँ।
39515842,ᱥᱟᱯᱷᱴᱣᱟᱨ ᱫᱚ ᱤᱱᱥᱴᱟᱞ ᱠᱚᱨᱟᱣ ᱦᱩᱭ ᱞᱮᱱᱟ ᱢᱮᱱᱠᱷᱟᱱ ᱤᱧ ᱢᱤᱫ ᱫᱤᱱ ᱢᱩᱫᱨᱮ ᱱᱚᱶᱟ ᱵᱮᱣᱦᱟᱨ ᱨᱮᱭᱟᱜ ᱨᱤᱠᱟᱹᱧ ᱟᱲᱟᱜ ᱠᱮᱫᱟ ᱪᱮᱫᱟᱜ ᱥᱮ ᱤᱱᱴᱟᱨᱯᱷᱮᱥ ᱟᱹᱰᱤ ᱵᱟᱹᱲᱤᱡ ᱛᱟᱦᱮᱸ ᱠᱟᱱᱟ ᱾,The software was installed but I gave up trying to use it within a day because the interface was extremely messy.,सॉफ्टवेयर स्थापित हो गया था लेकिन मैंने एक दिन के भीतर इसका उपयोग करने का प्रयास छोड़ दिया क्योंकि इंटरफ़ेस बेहद अव्यवस्थित था।
39525842,ᱤᱧ ᱟᱹᱰᱤᱧ ᱫᱷᱟᱫᱚᱥᱤᱧ ᱟᱹᱭᱠᱟᱹᱣ ᱟᱠᱟᱫᱟ ᱡᱚᱠᱷᱚᱱ ᱥᱮᱨᱮᱧ ᱢᱟᱪᱮᱫ ᱤᱧᱴᱷᱮᱱ ᱠᱞᱟᱥ ᱨᱮ ᱤᱧᱨᱮᱱ ᱜᱤᱫᱽᱨᱟᱹᱣᱟᱜ ᱵᱮᱵᱷᱟᱨ ᱤᱫᱤ ᱠᱟᱛᱮᱭ ᱞᱟᱹᱞᱤᱥ ᱞᱮᱫᱟ ᱾,I felt a heavy sense of disappointment when the music tutor complained only about my son's behaviour in class to me.,मुझे भारी निराशा का अहसास हुआ जब संगीत शिक्षक ने मुझसे केवल कक्षा में मेरे बेटे के व्यवहार के बारे में शिकायत की।
39535842,ᱴᱷᱚᱜᱽᱵᱟᱡᱽ ᱵᱷᱟᱲᱟᱴᱮ ᱠᱚᱫᱚ ᱡᱟᱦᱟᱸᱭ ᱠᱚ ᱚᱲᱟᱜ ᱧᱮᱞ ᱥᱟᱢᱴᱟᱣ  ᱵᱷᱟᱨ ᱦᱟᱛᱟᱣ ᱠᱚ ᱨᱤᱠᱟᱹᱭᱼᱟ ᱩᱱᱠᱚ ᱵᱷᱟᱲᱟ ᱚᱲᱟᱜ ᱯᱟᱸᱡᱟ ᱠᱚ ᱵᱷᱟᱜᱮ ᱵᱷᱟᱲᱟᱴᱮ ᱠᱚᱠᱚ ᱫᱩᱥᱟᱹᱣ ᱠᱚᱣᱟ ᱾,Rogue tenants who try to get control of the house end up giving a bad name to genuine tenants looking for accommodation.,"धूर्त किराएदार जो घर पर नियंत्रण पाने की कोशिश करते हैं, वे आवास की तलाश करने वाले वास्तविक किराएदारों को बदनाम कर देते हैं।"
39545842,ᱟᱞᱮᱭᱟᱜ ᱫᱳᱠᱟᱱ ᱨᱮ ᱠᱟᱹᱢᱤᱭᱟᱹ ᱠᱚᱣᱟᱜ ᱥᱮᱪᱮᱫ ᱨᱮᱭᱟᱜ ᱫᱟᱣ ᱨᱮᱭᱟᱜ ᱚᱵᱷᱟᱵᱽ ᱧᱮᱞ ᱠᱟᱛᱮ ᱟᱹᱰᱤᱧ ᱵᱷᱟᱵᱱᱟᱜᱼᱟ ᱾,It's frustrating to see the lack of employee training opportunities in our store.,हमारे स्टोर में कर्मचारी प्रशिक्षण के अवसरों की कमी देखना निराशाजनक है।
39555842,ᱥᱴᱚᱠ ᱢᱟᱨᱠᱮᱴ ᱨᱮ ᱵᱟᱝ ᱟᱸᱥᱚᱜ ᱞᱮᱠᱟᱱ ᱡᱤᱱᱤᱥ ᱤᱧ ᱟᱱᱟᱴ ᱨᱮᱭ ᱴᱷᱮᱞᱟᱣ ᱥᱟᱦᱟᱤᱧ ᱠᱟᱱᱟ  ᱾,The stock market's unpredictability is driving me up the wall!,शेयर बाजार की अनिश्चितता मुझे बहुत परेशान कर रही है!
39565842,ᱥᱮᱛᱟ ᱦᱚᱯᱚᱱ ᱠᱚᱣᱟᱜ ᱫᱩᱞᱟᱹᱲ ᱵᱦᱝᱜᱤ ᱧᱮᱞ ᱠᱟᱛᱮ ᱤᱧᱟᱹᱜ ᱪᱮᱦᱮᱨᱟ ᱨᱮ ᱞᱟᱸᱫᱟ ᱦᱤᱡᱩᱜᱼᱟ ᱾,Watching the cute antics of pups brings a smile to my face.,पिल्लों की प्यारी हरकतों को देखकर मेरे चेहरे पर मुस्कान आ जाती है।
39575842,ᱥᱟᱦᱟᱨ ᱨᱮᱭᱟᱜ ᱯᱮᱨᱮᱡᱼᱯᱩᱨᱩᱱ ᱱᱟᱜᱟᱢ ᱵᱩᱫᱟᱯᱮᱥᱴ ᱨᱮᱭᱟᱜ ᱡᱚᱛᱚ ᱠᱚᱬᱨᱮ ᱧᱮᱞ ᱧᱟᱢ ᱫᱟᱲᱮᱭᱟᱜᱼᱟ ᱟᱨ ᱱᱚᱣᱟᱫᱚ ᱤᱧᱮ ᱩᱢᱴᱟᱹᱣ ᱤᱧᱟᱹ ᱾,"The city's rich history is palpable in every corner of Budapest, and it cheers me up.","बुडापेस्ट के हर कोने में शहर का समृद्ध इतिहास स्पष्ट महसूस होता है, और यह मुझे खुश कर देता है।"
39585842,ᱤᱧ ᱪᱤᱱᱛᱟᱹᱜ ᱠᱟᱱᱟ ᱫᱟᱜ ᱡᱟᱹᱲᱤ ᱦᱩᱭ ᱞᱮᱱᱠᱷᱟᱱ ᱥᱩᱨᱼᱥᱩᱯᱩᱨ ᱡᱚᱢᱟᱜ ᱟᱨ ᱫᱟᱜ ᱛᱮ ᱥᱟᱶᱟᱨᱟᱱ ᱡᱷᱩᱠᱤ ᱦᱩᱭ ᱫᱟᱲᱮᱭᱟᱜᱼᱟ ᱾,It worries me that there may be health risks associated with the local food and water when it rains heavily.,मुझे चिंता है कि भारी बारिश होने पर स्थानीय भोजन और पानी से जुड़े स्वास्थ्य जोखिम हो सकते हैं।
39595842,ᱤᱧ ᱡᱚᱠᱷᱚᱱ ᱩᱱᱤ ᱦᱚᱲ  ᱵᱟᱨᱭᱟ ᱫᱚᱞᱟᱱ ᱛᱟᱞᱟᱨᱮ ᱢᱤᱫᱴᱟᱝ ᱵᱟᱵᱮᱨ ᱪᱮᱛᱟᱱ ᱨᱮ ᱚᱛ ᱠᱷᱚᱱ ᱥᱟᱭ ᱥᱟᱭ ᱯᱷᱩᱴ ᱪᱮᱛᱟᱱ ᱨᱮ ᱪᱟᱞᱟᱜ ᱤᱧ ᱧᱮᱞ ᱠᱮᱫᱮ ᱠᱷᱟᱱ ᱤᱧ ᱟᱹᱰᱤᱧ ᱵᱚᱛᱚᱨᱮᱱᱟ ᱾,My heart was in my mouth as I watched the man walk hundreds of feet above the ground on a rope between two buildings.,जब मैंने उस व्यक्ति को दो इमारतों के बीच एक रस्सी पर जमीन से सैकड़ों फीट ऊपर चलते देखा तो मेरी जान हलक में आ गई।
39605842,ᱟᱢ ᱨᱩᱜᱤ ᱠᱚ ᱞᱟᱹᱜᱤᱫ ᱢᱮᱱᱟᱜ ᱥᱩᱵᱤᱫᱷᱟᱢ ᱵᱤᱥᱲᱤ ᱫᱟᱲᱮᱭᱟᱜᱼᱟ ? ᱤᱧ  ᱵᱩᱴᱟᱹ ᱥᱟᱱᱟᱧ ᱠᱟᱱᱟ ᱡᱮ ᱥᱟᱶᱟᱨ ᱛᱟᱞᱢᱟ ᱨᱮ ᱤᱧᱟᱹᱜ ᱡᱤᱨᱟᱹᱣᱚᱜ ᱞᱟᱹᱜᱤᱫ ᱞᱟᱹᱠᱛᱤᱭᱟᱱ ᱥᱟᱱᱟᱢ ᱥᱩᱡᱳᱜᱼᱥᱩᱵᱤᱫᱷᱟ ᱢᱮᱱᱟᱜᱼᱟ ᱾,Can you please explain the available facilities for patients? I want to ensure the health centre has all the necessary amenities for my comfort.,क्या आप कृपया मरीजों के लिए उपलब्ध सुविधाओं की व्याख्या कर सकते हैं? मैं यह सुनिश्चित करना चाहता हूँ कि स्वास्थ्य केंद्र में मेरी सुविधा के लिए सभी आवश्यक सुविधाएं हों।
39615842,ᱱᱚᱶᱟ ᱫᱚ ᱠᱟᱺᱦᱤᱥᱼᱟᱱᱟᱜ ᱡᱚᱠᱷᱚᱱ ᱜᱟᱦᱟᱠ ᱠᱚ ᱟᱞᱮᱨᱮᱱ ᱠᱟᱹᱢᱤᱭᱟᱹ ᱠᱚᱣᱟᱜ ᱦᱩᱱᱟᱹᱨ ᱨᱮᱭᱟᱜ ᱜᱚᱱᱚᱝ ᱵᱟᱝᱠᱚ ᱮᱢᱟᱜᱼᱟ ᱟᱨ ᱩᱱᱠᱩ ᱞᱮᱛᱟᱲ ᱠᱚ ᱠᱩᱠᱞᱤ ᱠᱚᱣᱟ ᱾,It's disheartening when customers don't value the expertise of our staff and question them incessantly.,यह निराशाजनक होता है जब ग्राहक हमारे कर्मचारियों की विशेषज्ञता को महत्व नहीं देते हैं और उनसे लगातार सवाल करते हैं।
39625842,ᱵᱤᱞᱰᱟᱨᱠᱚ ᱫᱟᱜ ᱟᱦᱟᱨ ᱨᱮ ᱫᱚᱠᱷᱚᱞ ᱨᱮᱭᱟᱜ ᱪᱷᱟᱹᱲ ᱮᱢ ᱠᱟᱛᱮ ᱞᱟᱭᱚᱝ ᱨᱩᱠᱷᱤᱭᱟᱹ ᱫᱚᱦᱚ ᱪᱮᱛᱟᱱ ᱨᱟᱡᱽᱟᱹᱨᱤ ᱜᱟᱹᱠᱷᱩᱲᱤᱭᱟᱹ ᱠᱚᱣᱟᱜ ᱚᱱᱦᱮᱞᱟ ᱚᱡᱮᱛᱮ ᱤᱧ ᱫᱚ ᱮᱠᱟᱞᱤᱧ ᱨᱟᱹᱜᱤ ᱞᱮᱱᱟ ᱾,I'm absolutely furious by the politician's disregard for environmental conservation by allowing builders to encroach on water bodies.,बिल्डरों को जल निकायों पर अतिक्रमण करने की अनुमति देकर पर्यावरण संरक्षण की उपेक्षा करने वाले राजनेता पर मुझे बहुत गुस्सा आ रहा है।
39635842,ᱤᱧᱤᱧ ᱦᱟᱦᱟᱲᱟᱜ ᱞᱮᱱᱟ ᱡᱚᱠᱷᱚᱱ ᱤᱧ ᱱᱟᱶᱟᱱ ᱵᱮᱝᱠᱨᱮ ᱜᱤᱫᱽᱨᱟᱹ ᱞᱟᱹᱜᱤᱫ  ᱢᱤᱫᱴᱟᱝ ᱮᱠᱟᱣᱩᱱᱴᱤᱧ ᱠᱷᱩᱞᱟᱹᱣ ᱮᱫ ᱛᱟᱦᱮᱱᱟ ᱟᱨ ᱩᱱᱠᱩ ᱨᱟᱹᱥᱠᱟᱹ ᱥᱟᱞᱟᱜ ᱑᱐% ᱥᱩᱫᱽ ᱠᱚ ᱮᱢᱞᱮᱱᱟ ᱾,I was astonished when I opened an account for the child with the new bank and they gave a 10% interest as an incentive.,जब मैंने नए बैंक में बच्चे के लिए एक खाता खोला और उन्होंने प्रोत्साहन के रूप में 10% ब्याज दिया तो मैं चकित रह गया।
39645842,ᱡᱟᱦᱟᱸᱛᱤᱱ ᱫᱷᱟᱣ ᱜᱮ ᱤᱧ ᱥᱨᱮᱭᱟ ᱜᱷᱳᱥᱟᱞᱟᱜ ᱥᱮᱹᱨᱮᱹᱧ ᱤᱧ ᱟᱧᱡᱚᱢᱟ ᱩᱱᱟᱹᱜ ᱫᱷᱟᱣ ᱜᱮ ᱤᱧᱟᱹᱜ ᱢᱚᱱᱮ ᱵᱟᱹᱲᱤᱡᱚᱜᱼᱟ ᱾,"Every time I hear Shreya Ghosal sing, I get goosebumps.","हर बार जब मैं श्रेया घोषाल को गाते हुए सुनता हूँ, तो मेरे रोंगटे खड़े हो जाते हैं।"
39655842,ᱤᱧ ᱦᱤᱡᱩᱜᱠᱟᱱ ᱚᱲᱟᱜ ᱨᱮᱭᱟᱜ ᱠᱟᱹᱢᱤ ᱡᱚᱢᱟ ᱮᱢᱚᱜ ᱨᱮᱭᱟᱜ ᱚᱠᱛᱚ ᱥᱤᱢᱟᱹ ᱵᱟᱵᱚᱫᱛᱮ ᱱᱟᱥᱮᱱᱟᱜ ᱪᱤᱱᱛᱟᱹᱜᱮᱧ ᱨᱤᱧ ᱛᱟᱦᱮᱸ ᱠᱟᱱᱟ ᱚᱡᱮᱫᱚ ᱤᱧ ᱟᱹᱰᱤ ᱡᱟᱹᱥᱛᱤ ᱵᱟᱹᱧ ᱞᱟᱦᱟ ᱫᱟᱲᱮ ᱠᱟᱣᱫᱟ ᱾,I'm feeling a bit anxious about the upcoming homework submission deadline considering I haven't been able to make much headway.,"गृहकार्य जमा करने की आगामी समय-सीमा को लेकर मैं थोड़ा चिंतित महसूस कर रहा हूँ, यह देखते हुए कि मैं अधिक प्रगति नहीं कर पाया हूँ।"
39665842,ᱦᱮᱹᱠᱟᱨ ᱠᱚᱣᱟᱜ ᱛᱤ ᱠᱷᱚᱱ ᱤᱧᱟᱹᱜ ᱱᱤᱡᱮᱨᱟᱜ ᱰᱚᱜᱚᱨ ᱨᱩᱠᱷᱤᱭᱟᱹᱣ ᱞᱟᱹᱜᱤᱫ ᱵᱮᱝᱠ ᱟᱜ ᱵᱤᱨᱛᱷᱟᱹ ᱧᱮᱞ ᱠᱟᱛᱮ ᱤᱧᱤᱧ ᱨᱟᱹᱜᱤ ᱟᱠᱟᱱᱟ ᱾,I'm livid about the bank's failure to protect my personal information from hackers.,हैकर्स से मेरी व्यक्तिगत जानकारी की रक्षा करने में बैंक की विफलता पर मैं अत्यधिक क्रोधित हूँ।
39675842,ᱵᱷᱟᱨᱚᱛᱤᱭᱟᱹ ᱞᱟᱠᱪᱟᱨ ᱟᱨ ᱱᱟᱜᱟᱢ ᱥᱟᱹᱦᱤᱡᱼᱮ ᱥᱟᱵ ᱨᱟᱠᱟᱵ ᱟᱠᱟᱫᱟ ᱱᱚᱝᱠᱟᱱ ᱢᱤᱫᱴᱟᱝ ᱪᱚᱞᱚᱛ ᱪᱤᱛᱟᱹᱨ ᱧᱮᱞ ᱠᱟᱛᱮ ᱤᱧᱤᱧ ᱠᱩᱥᱤ ᱞᱮᱱᱟ ᱾,I was pleased to watch a movie that brought out the Indian culture and history beautifully.,भारतीय संस्कृति और इतिहास को खूबसूरती से सामने लाने वाली फिल्म देखकर मुझे खुशी हुई।
39685842,"ᱠᱞᱟᱭᱮᱱᱴᱺ ""ᱤᱧ ᱱᱚᱝᱠᱟᱱ ᱢᱤᱫᱴᱟᱝ ᱚᱲᱟᱜ ᱤᱧ ᱛᱚᱞᱟᱥ ᱮᱫᱟ ᱡᱟᱦᱟᱸᱫᱚ ᱡᱚᱦᱚᱲ ᱰᱟᱦᱟᱨ ᱠᱷᱚᱱ ᱥᱟᱹᱜᱤᱧ ᱨᱮ ᱼ ᱜᱳᱞᱢᱟᱞ ᱫᱚ ᱤᱧ ᱟᱹᱰᱤᱭ ᱵᱮᱡᱟᱨ ᱦᱚᱪᱚᱧᱟ ᱾""","Client: ""I'm looking for a home that's away from busy streets – noise tends to make me quite uncomfortable.""",ग्राहक: 'मैं एक ऐसा घर ढूंढ रहा हूँ जो व्यस्त सड़कों से दूर हो - शोर मुझे काफी असहज कर देता है।'
39695842,ᱤᱧᱫᱚ ᱵᱟᱹᱧ ᱟᱹᱨᱤᱵᱟᱺᱫᱤ ᱟᱠᱟᱫᱟ ᱡᱮ ᱱᱚᱶᱟ ᱰᱤᱵᱷᱟᱭᱤᱥ ᱫᱚ ᱡᱟᱦᱟᱸᱨᱮ ᱛᱟᱦᱮᱸ ᱠᱟᱛᱮ ᱤᱱᱴᱟᱨᱱᱮᱴ ᱥᱟᱞᱟᱜ ᱡᱚᱲᱟᱣ ᱫᱟᱲᱮᱭᱟᱜᱼᱟ ᱾,I never imagined this device could connect to the internet from anywhere.,मैंने कभी कल्पना नहीं की थी कि यह उपकरण कहीं से भी इंटरनेट से जुड़ सकता है।
39705842,"ᱱᱟᱶᱟ ᱨᱮᱥᱴᱩᱨᱮᱱᱴ ᱨᱮ ᱯᱟᱞᱟᱠ ᱯᱚᱱᱤᱨ ᱡᱚᱢᱨᱮ  ᱥᱤᱵᱤᱞ ᱛᱟᱦᱮᱸ ᱠᱟᱱᱟ ᱱᱤᱦᱟᱹᱛ ᱥᱚᱨᱚᱜ ᱨᱮᱭᱟᱜ , ᱱᱚᱶᱟ ᱫᱚ ᱥᱤᱵᱤᱞ ᱨᱮᱭᱟᱜ ᱢᱤᱫᱴᱟᱝ ᱨᱟᱹᱥᱠᱟᱹᱣᱟᱱ ᱥᱤᱢᱯᱷᱚᱱᱤ ᱛᱟᱦᱮᱸ ᱠᱟᱱᱟ ᱡᱟᱦᱟᱸᱫᱚ ᱢᱤᱫᱴᱟᱝ ᱛᱷᱟᱹᱭᱤ ᱪᱷᱟᱯᱮ ᱫᱚᱦᱚ ᱞᱮᱫᱟ ᱾",The taste of the Palak Paneer dish was absolutely divine in the new restaurant; it was a delightful symphony of flavors that left a lasting impression.,नए रेस्टोरेंट में पालक पनीर के व्यंजन का स्वाद बिल्कुल दिव्य था; यह स्वादों का एक रमणीय तालमेल था जिसने एक स्थायी छाप छोड़ी।
39715842,ᱢᱤᱫᱴᱟᱝ ᱟᱫ ᱟᱠᱟᱫ ᱯᱟᱱᱛᱷᱟ ᱯᱨᱚᱥᱛᱟᱵ ᱞᱟᱹᱜᱤᱫᱛᱮ ᱢᱟᱲᱛᱮ ᱟᱡ ᱪᱮᱛᱟᱱ ᱨᱮ ᱟᱹᱰᱤ ᱵᱟᱹᱲᱛᱤ ᱟᱲᱜᱚ ᱦᱮᱡ ᱛᱟᱭᱚᱢ ᱫᱚᱞ ᱨᱮᱱ ᱢᱮᱹᱱᱮᱡᱟᱨ ᱴᱷᱮᱱ ᱠᱷᱚᱱ ᱨᱟᱹᱜᱤ ᱨᱮᱭᱟᱜ ᱥᱤᱨᱡᱟᱹᱣ ᱦᱩᱭ ᱞᱮᱱᱟ ᱾,There were furious outbursts from the manager at the team after the leadership came down on him heavily for a lost project proposal.,एक खोए हुए प्रोजेक्ट प्रस्ताव के लिए नेतृत्व द्वारा कड़ी फटकार लगाए जाने के बाद प्रबंधक का टीम पर गुस्से से भरा विस्फोट हुआ था।
39725842,ᱤᱧᱟᱹᱜ ᱛᱟᱭᱚᱢᱨᱮ ᱪᱮᱱᱱᱟᱭ ᱥᱟᱦᱟᱨ ᱨᱮᱭᱟᱜ ᱵᱟᱥ ᱨᱮᱭᱟᱜ ᱴᱨᱟᱯᱷᱤᱠ ᱢᱩᱫᱽᱨᱮ ᱡᱚᱠᱷᱚᱱᱜᱮ ᱤᱧ ᱛᱤᱸᱜᱩ ᱦᱩᱭᱞᱮᱱ ᱛᱤᱧᱟᱹ ᱩᱱᱜᱮ ᱤᱧᱟᱹᱜ ᱵᱩᱴᱤᱧ ᱨᱩᱠᱩᱭᱮᱫ ᱛᱟᱦᱮᱸ ᱾ ᱱᱚᱶᱟ ᱵᱟᱥᱨᱮ ᱠᱮᱴᱮᱡ ᱵᱨᱮᱠ ᱢᱮᱱᱟᱜᱼᱟ ᱾,I was shaking in my boots every time I had to stop in traffic with a Chennai city bus behind me. These buses hardly have brakes.,हर बार जब मुझे चेन्नई शहर की बस के पीछे ट्रैफिक में रुकना पड़ता था तो मेरी रूह कांप जाती थी। इन बसों में शायद ही कभी ब्रेक होते हैं।
39735842,"ᱤᱧ ᱵᱮᱥᱤᱧ ᱟᱹᱭᱠᱟᱹᱣᱟ ᱡᱮ ᱟᱞᱮᱭᱟᱜ ᱠᱷᱟᱡᱱᱟ ᱠᱚ ᱱᱟᱯᱟᱭ ᱥᱟᱹᱦᱤᱡ ᱵᱮᱱᱟᱣ ᱟᱠᱟᱱᱟ, ᱟᱨ ᱱᱚᱶᱟᱫᱚ ᱤᱧ ᱜᱟᱹᱦᱤᱨ ᱯᱟᱹᱛᱭᱟᱹᱣ ᱥᱟᱞᱟᱜ ᱵᱮᱯᱟᱨ ᱯᱟᱥᱱᱟᱣ ᱪᱮᱛᱟᱱ ᱫᱷᱮᱭᱟᱱ ᱮᱢᱚᱜ ᱨᱮᱭᱟᱜ ᱚᱱᱩᱢᱚᱛᱤᱭ ᱤᱢᱟᱹᱧᱟ ᱾","I feel relieved that our taxes are well-prepared, and it allows me to focus on expanding the business with confidence.","मुझे राहत महसूस हो रही है कि हमारे कर अच्छी तरह से तैयार हैं, और यह मुझे आत्मविश्वास के साथ व्यापार का विस्तार करने पर ध्यान केंद्रित करने की अनुमति देता है।"
39745842,ᱫᱤᱱᱟᱹᱢ ᱦᱤᱞᱳᱜ ᱥᱮᱛᱟᱜ ᱨᱮ ᱯᱷᱨᱤᱡᱽ ᱵᱷᱤᱛᱨᱤ ᱨᱮ ᱵᱚᱨᱚᱯᱷ ᱨᱮᱭᱟᱜ ᱛᱷᱚᱠᱨᱮ ᱪᱤᱯ ᱛᱟᱦᱮᱱ ᱫᱚ ᱵᱷᱟᱵᱽᱱᱟ ᱨᱮᱭᱟᱜ ᱠᱟᱱᱟ  ᱾,Having to chip away at layers of ice inside the fridge every morning is depressing.,हर सुबह फ्रिज के अंदर बर्फ की परतों को खुरचना निराशाजनक होता है।
39755842,ᱱᱚᱶᱟᱫᱚ ᱟᱹᱰᱤ ᱦᱟᱦᱟᱲᱟᱜ ᱟᱱᱟᱜ ᱡᱮ ᱢᱤᱫᱴᱟᱝ ᱛᱤᱨᱞᱟᱹ ᱰᱨᱟᱭᱵᱷᱤᱝ ᱛᱟᱹᱞᱤᱢ ᱮᱢᱚᱜᱤᱡ ᱞᱟᱹᱜᱤᱫ ᱤᱧᱟᱹᱜ ᱠᱩᱥᱤ ᱫᱚ ᱰᱨᱟᱭᱵᱷᱤᱝ ᱟᱥᱲᱟ ᱜᱩᱨᱩᱛᱛᱚ ᱥᱟᱹᱦᱤᱡ ᱵᱟᱠᱚ ᱟᱯᱱᱟᱨ ᱮᱫᱟ ᱟᱨ ᱠᱚᱲᱟ ᱛᱟᱹᱞᱤᱢ ᱮᱢᱚᱜ ᱠᱚᱠᱚ ᱵᱟᱦᱟᱞ ᱮᱫ ᱠᱚᱣᱟ ᱾,"It's frustrating that my preference for a female driving instructor isn't being taken seriously by the driving school, and male instructors keep getting assigned.","यह निराशाजनक है कि ड्राइविंग स्कूल द्वारा एक महिला ड्राइविंग प्रशिक्षक के लिए मेरी प्राथमिकता को गंभीरता से नहीं लिया जा रहा है, और पुरुष प्रशिक्षकों को बार-बार सौंपा जा रहा है।"
39765842,"ᱱᱚᱣᱟ ᱵᱟᱰᱟᱭ ᱠᱟᱛᱮ ᱫᱚ ᱟᱹᱰᱤ ᱱᱟᱯᱟᱭᱤᱧ ᱟᱹᱭᱠᱟᱹᱣ ᱮᱫᱟ ᱡᱮ , ᱤᱧ ᱡᱟᱦᱟᱸ ᱠᱩᱞᱤᱝ ᱮᱴᱠᱮᱴᱚᱲᱮ ᱛᱟᱞᱟᱛᱮᱧ ᱪᱟᱞᱟᱜ ᱠᱟᱱ ᱛᱟᱦᱮᱸᱜᱼᱟ ᱚᱱᱟ ᱫᱚ ᱯᱷᱨᱤᱡᱽ ᱢᱮᱠᱟᱱᱤᱠ ᱞᱮᱠᱟᱛᱮ ᱟᱢᱟᱜ ᱜᱟᱹᱠᱷᱩᱲ ᱫᱟᱨᱟᱭᱛᱮ ᱴᱷᱤᱠ ᱦᱩᱭ ᱫᱲᱟᱮᱭᱟᱜᱼᱟ ᱾","It's such a relief to know that the cooling issue I've been dealing with, can be fixed by your expertise as a fridge mechanic.","यह जानकर बहुत राहत मिली कि जिस कूलिंग समस्या से मैं जूझ रहा हूँ, उसे फ्रिज मैकेनिक के रूप में आपकी विशेषज्ञता द्वारा ठीक किया जा सकता है।"
39775842,ᱤᱧ ᱦᱟᱦᱟᱲᱟᱜ ᱞᱤᱱᱟᱹᱧ ᱡᱮ ᱫᱤᱞᱞᱤᱼᱢᱩᱢᱵᱟᱭ ᱮᱠᱥᱯᱨᱮᱥᱳᱭᱮ ᱰᱟᱥᱵᱳᱨᱰ ᱨᱮ ᱢᱤᱫ ᱜᱮᱞᱟᱥ ᱫᱟᱜ ᱠᱷᱚᱱᱟᱜ ᱢᱤᱫ ᱴᱷᱚᱯ ᱵᱟᱝ ᱪᱷᱤᱴᱠᱟᱹᱣ ᱠᱟᱛᱮ ᱜᱟᱹᱰᱤᱛᱮ ᱥᱮᱱᱚᱜ ᱜᱟᱱᱚᱜᱼᱟ ᱾,I was stunned that the Delhi-Mumbai expressway could be traversed by car without spilling a drop from a glass of water on the dashboard.,मैं स्तब्ध था कि दिल्ली-मुंबई एक्सप्रेसवे को डैशबोर्ड पर पानी के गिलास से एक बूंद भी गिराए बिना कार द्वारा पार किया जा सकता है।
39785842,ᱫᱷᱟᱹᱨᱛᱤ ᱱᱩᱱᱟᱹᱜ ᱢᱟᱨᱟᱝᱼᱟ ᱟᱨ ᱤᱧᱫᱚ ᱱᱤᱛ ᱮᱥᱠᱟᱨ ᱚᱲᱟᱜ ᱨᱤᱧ ᱫᱩᱲᱩᱵ ᱟᱠᱟᱱᱟ ᱾,The world is so vast and I am lonely right now as I sit alone at home.,दुनिया इतनी विशाल है और मैं इस समय अकेला हूँ जब मैं घर पर अकेला बैठा हूँ।
39795842,"ᱳᱣᱟᱣ, ᱤᱧ ᱞᱟᱹᱜᱤᱫ ᱱᱚᱶᱟ ᱵᱷᱟᱲᱟ ᱚᱲᱟᱜ ᱯᱟᱸᱡᱟ ᱧᱟᱢ  ᱞᱟᱹᱜᱤᱫ ᱵᱨᱳᱠᱟᱨᱮᱡ ᱥᱟᱨᱵᱷᱤᱥ ᱞᱟᱹᱜᱤᱫ ᱢᱤᱫᱴᱟᱝ ᱴᱟᱭᱟᱨᱰ ᱜᱚᱱᱚᱝ ᱨᱮᱭᱟᱜ ᱠᱟᱴᱷᱟᱢᱳ ᱢᱮᱱᱟᱜᱼᱟ ᱚᱱᱟᱫᱚ ᱥᱟᱹᱨᱤᱜᱮ ᱪᱤᱱᱛᱟᱹ  ᱨᱮᱭᱟᱜ ᱾","Wow, the fact that there's a tiered pricing structure for brokerage services to find this rental home for me is really thoughtful.","वाह, मेरे लिए यह किराए का घर खोजने के लिए ब्रोकरेज सेवाओं के लिए एक स्तरीय मूल्य निर्धारण संरचना होना वास्तव में विचारशील है।"
39805842,"ᱤᱧ ᱱᱤᱥᱛᱟᱹᱨᱤᱧ ᱧᱟᱢ ᱞᱮᱫᱟ ᱡᱚᱠᱷᱚᱱ ᱰᱮᱞᱤᱵᱷᱟᱨᱤ ᱢᱮᱱ ᱤᱧᱮ ᱢᱤᱛᱟᱫᱤᱧ ᱛᱟᱦᱮᱸ ᱡᱮ ᱩᱱᱤ ᱛᱤᱱᱨᱮ ᱥᱤᱞᱤᱱᱰᱟᱨᱮ ᱟᱹᱜᱩᱭᱟ, ᱚᱱᱟᱛᱮ ᱤᱧ ᱚᱱᱟ ᱚᱠᱛᱚᱨᱮ ᱤᱧᱟᱹᱜ ᱫᱤᱱ ᱨᱮᱭᱟᱜ ᱨᱮᱭᱟᱜ ᱟᱹᱨᱤᱵᱟᱹᱫᱤ ᱫᱟᱲᱮᱭᱟᱜᱼᱟ ᱾","I was relieved when the gas delivery man told me when he was coming with the cylinder, so I could plan my day around that time.","मुझे राहत मिली जब गैस डिलीवरी वाले ने मुझे बताया कि वह सिलेंडर लेकर कब आ रहा है, ताकि मैं उस समय के आसपास अपने दिन की योजना बना सकूँ।"
39815842,ᱜᱟᱹᱰᱤᱨᱮ ᱢᱤᱫᱴᱟᱝ ᱥᱟᱫᱷᱟᱨᱚᱱ ᱰᱮᱱᱴ ᱞᱟᱹᱜᱤᱫ ᱜᱮᱨᱮᱡᱽ ᱠᱷᱚᱱ ᱱᱚᱝᱠᱟᱱ ᱵᱤᱞ ᱧᱮᱞᱛᱮ ᱤᱧ ᱦᱟᱦᱟᱲᱟ ᱮᱱᱟ ᱟᱨ ᱤᱧ ᱨᱩᱣᱟᱹ ᱞᱮᱱᱟ ᱾,I was taken aback and sickened to see such a huge bill from the garage for a simple dent in the car.,कार में एक साधारण खरोंच के लिए गैरेज से इतना बड़ा बिल देखकर मैं हैरान और परेशान हो गया।
39825842,ᱞᱮᱛᱟᱲ ᱜᱮ ᱠᱚᱢᱚᱜᱠᱟᱱ ᱠᱚᱨᱯᱳᱨᱮᱴ ᱯᱚᱲᱛᱟ ᱤᱧ ᱴᱷᱮᱱ ᱪᱤᱱᱛᱟᱹ ᱨᱮᱭᱟᱜ ᱠᱟᱨᱚᱱ ᱦᱩᱭ ᱞᱮᱱᱟ ᱠᱷᱟᱥ ᱞᱮᱠᱟᱛᱮ ᱡᱮᱦᱮᱛᱩ ᱤᱧ ᱵᱳᱱᱟᱥ ᱮᱢᱚᱜ ᱦᱩᱭᱩᱜ ᱛᱤᱧᱟ ᱾,The declining corporate profits are causing me anxiety especially as I have to pay out bonuses.,घटता कॉर्पोरेट मुनाफा मुझे चिंता में डाल रहा है खासकर जब मुझे बोनस का भुगतान करना है।
39835842,"ᱡᱚᱠᱷᱚᱱ ᱜᱮ ᱡᱚᱢᱟᱜ ᱤᱧᱟᱹᱜ ᱴᱮᱵᱤᱞ ᱨᱮ ᱦᱮᱡ  ᱮᱱᱟ, ᱤᱧ ᱨᱟᱹᱜᱤᱛᱮᱧ ᱯᱮᱨᱮᱡ ᱩᱛᱟᱹᱨᱮᱱᱟ ᱾ ᱵᱟᱹᱲᱤᱡ ᱥᱚ ᱫᱚ ᱤᱧ ᱞᱟᱹᱜᱤᱫ ᱡᱟᱦᱟᱱ ᱡᱚᱢ ᱨᱮᱭᱟᱜ ᱩᱭᱦᱟᱹᱨ ᱦᱚᱭ ᱢᱩᱥᱠᱤᱞ ᱠᱮᱫᱟ ᱾","As soon as the dish arrived at my table, I was filled with abhorrence. The unpleasant smell made it difficult for me to even consider taking a bite..","जैसे ही व्यंजन मेरी मेज पर आया, मैं घृणा से भर गया। अप्रिय गंध ने मेरे लिए एक निवाला लेने पर विचार करना भी मुश्किल बना दिया।"
39845842,ᱤᱧ ᱪᱤᱱᱛᱟᱹᱜ ᱠᱟᱱᱟ ᱡᱮ ᱥᱟᱶᱟᱨ ᱛᱟᱞᱢᱟ ᱫᱚ ᱚᱱᱤᱨᱫᱤᱥᱴᱚ ᱠᱟᱞ ᱞᱟᱹᱜᱤᱫ ᱵᱚᱱᱫᱚ ᱢᱮᱱᱟᱜᱼᱟ ᱟᱨ ᱩᱭᱦᱟᱹᱨ ᱤᱫᱟᱹᱧ ᱡᱮ ᱟᱞᱮ ᱞᱟᱹᱜᱤᱫ ᱟᱨᱦᱚᱸ ᱛᱤᱥ ᱧᱟᱢᱚᱜᱼᱟ ᱾,I am perturbed that the Health Centre is closed indefinitely and wonder when it will be available for us again.,मैं इस बात से परेशान हूँ कि स्वास्थ्य केंद्र अनिश्चित काल के लिए बंद है और सोचता हूँ कि यह हमारे लिए फिर कब उपलब्ध होगा।
39855842,ᱤᱧᱫᱚ ᱱᱚᱝᱠᱟᱱ ᱤᱵᱷᱮᱱᱴ ᱢᱟᱱᱮᱡᱟᱨ ᱠᱚ ᱥᱟᱶᱛᱮ ᱧᱟᱯᱟᱢ ᱨᱮᱭᱟᱜ ᱤᱧ ᱵᱤᱨᱩᱫᱷᱟ ᱡᱟᱦᱟᱸᱭ ᱫᱚ ᱠᱷᱟᱹᱞᱤ ᱵᱮᱥᱤᱠ ᱥᱟᱨᱵᱷᱤᱥ ᱠᱚ ᱮᱢᱚᱜᱼᱟ ᱟᱨ ᱚᱱᱟ ᱡᱩᱴᱤᱞ ᱵᱚᱨᱱᱚᱱ ᱨᱮ ᱵᱟᱝᱠᱚ ᱪᱟᱞᱟᱜᱼᱟ ᱡᱟᱦᱟᱸᱫᱚ ᱡᱟᱦᱟᱱ ᱤᱵᱷᱮᱱᱴ ᱠᱷᱟᱥᱮ ᱵᱮᱱᱟᱣᱟ ᱾,I am averse to meeting event managers who offer only basic services and don't get into intricate details that make an event special.,मैं उन इवेंट मैनेजरों से मिलने से कतराता हूँ जो केवल बुनियादी सेवाएं प्रदान करते हैं और उन जटिल विवरणों में नहीं जाते जो किसी कार्यक्रम को विशेष बनाते हैं।
39865842,ᱤᱧ ᱴᱟᱴᱠᱟᱭᱤᱱᱟᱹᱧ ᱢᱮᱠᱟᱱᱤᱠ ᱡᱟᱦᱟᱭ ᱢᱮᱠᱟᱱᱤᱠ ᱫᱚ ᱤᱧᱟᱹᱜ ᱜᱟᱹᱰᱤ ᱵᱟᱫᱟᱞᱛᱮ ᱡᱩᱛᱨᱟᱹᱣ ᱜᱮ ᱢᱩᱲᱩᱫ ᱟᱹᱭᱫᱟᱨᱮ ᱮᱢᱞᱮᱫᱟ ᱾ ᱱᱚᱶᱟ ᱟᱸᱡᱚᱢ ᱫᱚ ᱴᱟᱴᱠᱟ ᱛᱟᱦᱮᱸ ᱠᱟᱱᱟ ᱾,I'm startled that the mechanic prioritized repairing over replacements for my car. It was refreshing to hear.,मैं चौंक गया कि मैकेनिक ने मेरी कार के पुर्जे बदलने के बजाय मरम्मत को प्राथमिकता दी। यह सुनना ताज़गी भरा था।
39875842,ᱡᱚᱠᱷᱚᱱ ᱤᱧ ᱪᱮᱱᱱᱟᱭ ᱠᱷᱚᱱ ᱵᱮᱝᱜᱟᱞᱩᱨᱩᱧ ᱪᱟᱞᱟᱜ ᱠᱟᱱ ᱛᱟᱦᱮᱸᱜᱼᱟ ᱠᱷᱟᱱ ᱵᱷᱮᱞᱳᱨ ᱦᱟᱹᱵᱤᱡᱽ ᱢᱟᱨᱟᱝ ᱴᱨᱟᱠ ᱛᱮ ᱜᱷᱮᱨᱟᱣ ᱮᱥᱮᱫ ᱛᱮ ᱦᱟᱭᱼᱳᱭᱮ ᱨᱩᱠᱷᱤᱭᱟᱹᱣ ᱵᱟᱝ ᱵᱩᱡᱷᱟᱹᱜ ᱠᱟᱱ ᱛᱟᱦᱮᱸᱜ ᱾,The highway did not feel safe when I was hemmed in by large trucks up to Vellore while I drove to Bangalore from Chennai.,चेन्नई से बैंगलोर जाते समय वेल्लोर तक बड़े ट्रकों से घिरे रहने पर हाईवे सुरक्षित नहीं लगा।
39885842,"ᱱᱚᱸᱰᱮ ᱟᱹᱥᱩᱞᱼᱜᱟᱛᱮ ᱟᱹᱨᱤ ᱫᱚ ᱟᱹᱰᱤ ᱱᱟᱯᱟᱭᱼᱟ ᱟᱨ ᱵᱟᱝ ᱟᱸᱥᱚᱜ ᱞᱮᱠᱟᱱ ᱼ ᱤᱧᱨᱮᱱ ᱩᱯᱼᱟᱱ ᱜᱟᱛᱮ ᱱᱚᱶᱟ ᱫᱚᱭ ᱠᱩᱥᱤᱭᱟᱜᱼᱟ !""","The pet-friendly policy here is fantastic and unexpected – my furry friend will love it!""",यहाँ पालतू जानवरों के अनुकूल नीति शानदार और अप्रत्याशित है - मेरा प्यारा दोस्त इसे पसंद करेगा!
39895842,ᱯᱷᱟᱨᱢ ᱠᱟᱹᱢᱤᱭᱟᱹ ᱠᱚ ᱯᱷᱟᱠᱟ ᱡᱟᱭᱜᱟᱨᱮ ᱛᱤᱠᱤᱱ ᱨᱮᱭᱟᱜ ᱡᱚᱢ ᱡᱚᱢ ᱧᱮᱞᱫᱚ ᱟᱹᱰᱤ ᱵᱚᱛᱚᱨᱟᱱ ᱜᱮᱭᱟ ᱾ ᱩᱱᱠᱚ ᱡᱤᱨᱟᱹᱣ ᱚᱠᱛᱚ ᱨᱮᱭᱟᱜ ᱨᱟᱹᱥᱠᱟᱹ ᱵᱷᱩᱸᱟᱹᱣ ᱞᱟᱹᱜᱤᱫ ᱠᱚᱢ ᱥᱮ ᱠᱚᱢ ᱢᱤᱫ ᱵᱩᱱᱤᱭᱟᱹᱫ ᱟᱥᱨᱟᱭ   ᱨᱮᱭᱟᱜ ᱞᱟᱹᱠᱛᱤ ᱦᱩᱭᱩᱜ ᱛᱟᱠᱚᱣᱟ ᱾,It is awful to see the farm laborers having their lunch in the open. They will need at least a basic shelter to enjoy their break.,खेत मजदूरों को खुले में दोपहर का भोजन करते देखना दुखद है। अपने अवकाश का आनंद लेने के लिए उन्हें कम से कम एक बुनियादी आश्रय की आवश्यकता होगी।
39905842,"ᱤᱧ ᱱᱚᱣᱟ ᱵᱟᱰᱟᱭ ᱠᱟᱛᱮᱜ ᱥᱩᱠ ᱤᱧ ᱵᱩᱡᱷᱟᱹᱣᱟ ᱡᱮ ᱤᱧ ᱯᱚᱨᱟᱢᱚᱥ ᱛᱟᱞᱟᱛᱮ, ᱤᱧ ᱤᱧᱟᱹᱜ ᱪᱟᱯ ᱟᱨ ᱪᱤᱱᱛᱟᱹᱧ ᱠᱚ ᱥᱟᱢᱲᱟᱣ ᱨᱮᱭᱟᱜ ᱮᱥᱮᱨᱟᱱ ᱦᱚᱨᱟ ᱠᱚᱧ ᱪᱮᱫ ᱮᱫᱟ ᱾","I feel a sense of relief knowing that through counseling, I'm learning effective ways to manage my stress and anxiety.","यह जानकर मुझे राहत महसूस होती है कि परामर्श के माध्यम से, मैं अपने तनाव और चिंता को प्रबंधित करने के प्रभावी तरीके सीख रहा हूँ।"
39915842,ᱤᱧ ᱱᱚᱣᱟ ᱛᱮᱧ ᱟᱹᱲᱤᱥ ᱟᱠᱟᱱᱟᱧ ᱡᱮ ᱦᱚᱞᱟ ᱡᱟᱦᱟᱸ ᱥᱤᱞᱤᱱᱰᱟᱨ ᱧᱟᱢ ᱟᱠᱟᱱᱟ ᱚᱱᱟ ᱨᱮᱭᱟᱜ ᱚᱡᱚᱱ ᱢᱟᱲᱟᱝ ᱠᱷᱚᱱ ᱫᱚ ᱠᱚᱢ ᱜᱮᱭᱟ ᱾                                                                                                                                                                                                                                                                                                                                                                                                                                                                                                              ᱤᱧ ᱩᱭᱦᱟᱹᱨ ᱮᱫᱟ ᱡᱮ ᱪᱮᱫ ᱟᱵᱚ ᱱᱤᱛ ᱠᱚᱢ ᱜᱚᱱᱚᱝ ᱛᱮ ᱵᱟᱹᱲᱛᱤ ᱯᱩᱭᱥᱟᱹ ᱵᱚᱱ ᱮᱢ ᱮᱫᱟ ᱾,I am vexed that the cylinder received yesterday weighs less than it used to be. I wonder if we are paying more money for less now.,मुझे इस बात से चिढ़ है कि कल मिला सिलेंडर पहले की तुलना में कम वजन का है। मुझे आश्चर्य है कि क्या हम अब कम के लिए अधिक पैसे दे रहे हैं।
39925842,ᱤᱧ ᱵᱚᱛᱚᱨᱚᱜ ᱠᱟᱹᱱᱟᱹᱧ ᱡᱮ ᱤᱧ ᱡᱩᱫᱤ ᱱᱟᱣᱟᱼᱯᱷᱟᱝᱞᱮᱰ ᱵᱟᱭᱤᱠ ᱠᱚᱨᱮ ᱞᱟᱛᱟᱨ ᱦᱟᱱᱰᱮᱞ ᱵᱟᱨ ᱠᱚ ᱟᱹᱰᱤ ᱡᱟᱹᱥᱛᱤᱧ ᱞᱮᱣᱮᱫᱟ ᱮᱱᱠᱷᱟᱱ ᱤᱧᱟᱹᱜ ᱫᱮᱭᱟ ᱦᱟᱹᱥᱩ ᱫᱟᱲᱮᱭᱟᱹᱧᱟᱹ ᱾,I am afraid that I may end up with back pain if I bend over the low handlebars too much in the new-fangled bikes.,मुझे डर है कि अगर मैं नई तरह की बाइकों में नीचे वाले हैंडलबार पर बहुत ज्यादा झुकूँगा तो मुझे पीठ दर्द हो सकता है।
39935842,"ᱱᱟᱶᱟᱱ ᱢᱚᱰᱩᱞᱟᱨ ᱫᱚ ᱤᱥᱤᱱ ᱚᱲᱟᱜ ᱨᱮᱭᱟᱜ ᱢᱤᱫᱴᱟᱝ ᱵᱤᱱ ᱦᱤᱲᱤᱡᱼᱟᱱ ᱢᱩᱪᱟᱹᱫ ᱫᱚ ᱤᱧᱟᱹᱜ ᱟᱭᱢᱟ ᱟᱸᱥ ᱛᱟᱦᱮᱸ ᱠᱟᱱᱟ, ᱢᱮᱱᱠᱷᱟᱱ ᱵᱟᱹᱲᱤᱡ ᱢᱚᱞᱚᱝ , ᱠᱟᱣᱩᱱᱴᱟᱨᱴᱚᱯ ᱨᱮ ᱧᱮᱞᱚᱜ ᱞᱮᱠᱟᱱ ᱫᱟᱜ ᱠᱚᱫᱚ ᱤᱧᱮ ᱵᱷᱟᱵᱱᱟ ᱦᱚᱪᱚ ᱞᱤᱫᱤᱧᱟ ᱾","I had high hopes for a flawless finish of the new modular kitchen, but unfortunately, noticeable scratches on the countertop left me feeling let down.","मुझे नए मॉड्यूलर किचन की बेदाग फिनिश की बहुत उम्मीदें थीं, लेकिन दुर्भाग्य से, काउंटरटॉप पर दिखाई देने वाली खरोंचों ने मुझे निराश कर दिया।"
39945842,"ᱜᱮᱥ ᱨᱮᱭᱟᱜ ᱜᱚᱱᱚᱝ ᱰᱷᱮᱨ ᱫᱚ ᱥᱟᱹᱨᱤᱜᱮ ᱪᱤᱱᱛᱟᱹ ᱟᱱᱟᱜ ᱠᱟᱱᱟ, ᱠᱷᱟᱥᱠᱟᱨᱛᱮ ᱡᱚᱠᱷᱚᱱ ᱟᱞᱮᱭᱟᱜ ᱟᱹᱰᱤ ᱠᱚᱢ ᱠᱩᱥᱤ ᱛᱟᱦᱮᱱᱟ ᱾","The increase in the gas price is really frustrating, especially when we have very little choice.","गैस की कीमत में वृद्धि वास्तव में निराशाजनक है, खासकर तब जब हमारे पास बहुत कम विकल्प हैं।"
39955842,"ᱤᱧ ᱯᱩᱨᱟᱹ ᱰᱮᱞᱤᱵᱷᱟᱨᱤ ᱨᱮᱭᱟᱜ ᱵᱩᱡᱩᱱ ᱤᱫᱤ ᱠᱟᱛᱮ ᱵᱷᱟᱵᱽᱱᱟ ᱨᱮ ᱢᱤᱱᱟᱧᱟ, ᱠᱷᱟᱥ ᱞᱮᱠᱟᱛᱮ ᱡᱚᱠᱷᱚᱱ ᱱᱚᱶᱟ ᱫᱚ ᱥᱚᱢᱚᱭᱼᱥᱚᱝᱵᱮᱫᱚᱱᱥᱤᱞ ᱟᱨ  ᱯᱮᱹᱠᱮᱡᱽ ᱫᱚ ᱡᱟᱦᱟᱸ ᱚᱠᱛᱚ ᱨᱮ ᱦᱤᱡᱩᱜ ᱨᱮᱭᱟᱜ ᱠᱟᱛᱷᱟ ᱚᱱᱟ ᱠᱷᱚᱱ ᱟᱹᱰᱤ ᱛᱟᱭᱚᱢ ᱦᱮᱡ ᱞᱮᱱᱟ ᱾","I'm in despair with the whole delivery experience, especially when it's time-sensitive and the package arrives way later than expected.","डिलीवरी के पूरे अनुभव से मैं निराश हूँ, खासकर जब यह समय के प्रति संवेदनशील हो और पैकेज उम्मीद से बहुत देर से पहुंचे।"
39965842,ᱤᱧ ᱥᱟᱹᱨᱤᱜᱤᱧ ᱠᱩᱥᱤ ᱟᱠᱟᱱᱟ ᱡᱮ ᱱᱩᱭ ᱫᱟᱞᱟᱞᱟᱜ ᱫᱟᱞᱟᱞᱤ ᱯᱷᱤ ᱫᱚ ᱤᱧᱟᱹᱜ ᱧᱮᱞ ᱮᱴᱟᱜ ᱮᱴᱟᱜ ᱠᱚ ᱠᱷᱚᱱᱫᱚ ᱦᱮᱯᱨᱟᱣ ᱟᱱᱟᱜ ᱠᱟᱱᱟ ᱾,I'm really glad the brokerage fees of this broker who found me the rental home are competitive compared to other options I've seen.,"मुझे सचमुच बहुत खुशी है कि इस दलाल की ब्रोकरेज फीस जिसने मुझे किराए का घर दिलाया, मेरे द्वारा देखे गए अन्य विकल्पों की तुलना में प्रतिस्पर्धी है।"
39975842,"ᱢᱤᱫ ᱡᱚᱢᱟᱜ ᱥᱚᱢᱟᱞᱳᱪᱚᱠ ᱞᱮᱠᱟᱛᱮ, ᱨᱮᱥᱛᱳᱨᱟ ᱨᱮᱭᱟᱜ ᱥᱟᱨᱵᱷᱟᱨ ᱤᱧᱟᱹᱜ ᱠᱟᱺᱦᱤᱥ ᱡᱤᱣᱤ ᱨᱮᱭ ᱫᱚᱦᱚ ᱦᱚᱴᱚ ᱟᱹᱫᱤᱧ ᱛᱟᱦᱮᱸ ᱚᱡᱮᱫᱚ ᱤᱧ ᱥᱩᱨᱥᱩᱯᱩᱨ ᱴᱮᱵᱤᱞᱨᱮ ᱡᱚᱢᱟᱜ ᱠᱚ ᱛᱟᱨᱟᱞ ᱵᱟᱥᱟᱞ ᱟᱨ ᱵᱟᱹᱭ ᱵᱟᱹᱭᱛᱮ ᱡᱚᱢ ᱮᱢᱚᱜ ᱤᱧ ᱧᱮᱞᱮᱫ ᱠᱚᱣᱟ ᱾","As a food critic, the restaurant service left me with a heavy heart as I observed the disorganized and slow-paced delivery of the meals to the surrounding tables, including mine.","एक खाद्य समीक्षक के रूप में, रेस्टोरेंट की सेवा ने मुझे भारी मन से छोड़ दिया क्योंकि मैंने अपनी मेज सहित आसपास की मेजों पर भोजन के अव्यवस्थित और धीमी गति से वितरण को देखा।"
39985842,"ᱟᱢ ᱦᱚᱛᱮᱛᱮ ᱵᱮᱱᱟᱣ ᱟᱠᱟᱱ ᱠᱚᱢᱯᱟᱣᱩᱱᱰ ᱨᱮᱭᱟᱜ ᱯᱟᱹᱪᱨᱤ ᱢᱤᱫ ᱥᱮᱡᱽ ᱞᱟᱰᱮ ᱟᱠᱟᱱᱟᱼ ᱱᱚᱶᱟ ᱫᱚ ᱯᱩᱨᱟᱹᱜᱮ ᱵᱤᱯᱚᱫ ᱠᱟᱱᱟ, ᱤᱧᱟᱹᱜ ᱠᱟᱹᱣᱰᱤ ᱨᱮᱭᱟᱜ ᱞᱚᱭᱪᱷᱚᱭ ᱠᱟᱱᱟ, ᱟᱨ ᱢᱤᱫ ᱨᱟᱡᱢᱤᱥᱛᱨᱤ ᱞᱮᱠᱟᱛᱮ ᱟᱢᱟᱜ ᱪᱤᱛᱟᱹᱨᱮ ᱡᱷᱟᱞᱠᱟᱣᱟ ᱾","The compound wall you built is leaning to one side – it's a complete disaster, a waste of my money, and reflects on you as a mason.","आपके द्वारा बनाई गई चारदीवारी एक तरफ झुक रही है - यह पूरी तरह से एक आपदा है, मेरे पैसे की बर्बादी है, और एक राजमिस्त्री के रूप में आपकी छवि को दर्शाती है।"
39995842,ᱤᱧ ᱪᱤᱱᱛᱟᱹ ᱨᱮᱧ ᱛᱟᱦᱮᱸ ᱠᱟᱱᱟ ᱡᱮ ᱥᱮᱨᱢᱟ ᱛᱟᱭᱚᱢ ᱥᱮᱨᱢᱟ ᱦᱟᱹᱵᱤᱡ ᱠᱳᱢᱯᱟᱱᱤ ᱦᱚᱛᱮᱛᱮ ᱛᱮᱭᱟᱨ ᱞᱮᱱ ᱢᱟᱹᱱ ᱫᱚ ᱠᱟᱹᱣᱰᱤ ᱡᱟᱞᱤᱭᱟᱹᱛᱤ ᱠᱷᱟᱹᱛᱤᱨ ᱞᱚᱜᱚᱱ ᱥᱟᱹᱦᱤᱡᱛᱮ ᱫᱷᱟᱥᱟᱣ ᱪᱟᱵᱟᱜᱼᱟ ᱾,I was worried that the reputation built by the company over the years would be destroyed in an instant by the financial fraud.,मुझे चिंता थी कि वर्षों में कंपनी द्वारा बनाई गई प्रतिष्ठा वित्तीय धोखाधड़ी से एक पल में नष्ट हो जाएगी।
40005842,ᱤᱧ ᱱᱟᱥᱮᱱᱟᱜ ᱵᱷᱟᱵᱽᱱᱟᱣ ᱟᱹᱭᱠᱟᱹᱣ ᱮᱫᱟ ᱡᱮ ᱱᱟᱜᱟᱢᱟᱱ ᱴᱷᱟᱶ ᱫᱚ ᱵᱷᱟᱜᱮ ᱥᱟᱹᱦᱤᱡ ᱡᱚᱜᱟᱣ ᱵᱟᱝ ᱛᱟᱦᱮᱸ ᱠᱟᱱᱟ ᱟᱨ ᱚᱱᱟᱛᱮ ᱨᱟᱹᱯᱩᱫᱽ ᱞᱮᱱᱟ  ᱾,I'm feeling a little let down that the historical site wasn't well-preserved and had fallen apart.,मुझे थोड़ी निराशा हो रही है कि ऐतिहासिक स्थल अच्छी तरह से संरक्षित नहीं था और जीर्ण-शीर्ण हो चुका था।
40015842,ᱤᱧ ᱥᱟᱹᱱᱛᱤᱧ ᱧᱟᱢ ᱠᱮᱫᱟ ᱡᱮ ᱯᱩᱛᱷᱤ ᱟᱠᱷᱨᱤᱧᱤᱡ ᱤᱧᱟᱹᱜ ᱯᱩᱛᱷᱤ ᱠᱤᱨᱤᱧ ᱨᱮ ᱜᱚᱨᱚᱡᱽ ᱮ ᱥᱚᱫᱚᱨ ᱟᱠᱟᱫᱟ  ᱾ ᱢᱩᱪᱟᱹᱫ ᱨᱮ ᱩᱱᱠᱩ ᱱᱟᱣᱟ ᱯᱟᱲᱦᱟᱣᱤᱭᱟᱹ ᱠᱚ ᱧᱟᱢ ᱠᱚᱣᱟ ᱾,I was relieved that the bookseller was interested in buying my old books. They will finally find new readers.,मुझे राहत मिली कि किताबों का विक्रेता मेरी पुरानी किताबें खरीदने में रुचि रखता था। उन्हें आखिरकार नए पाठक मिलेंगे।
40025842,"ᱤᱧ ᱱᱚᱣᱟ ᱧᱮᱞ ᱠᱟᱛᱮᱜ ᱟᱹᱰᱤ ᱵᱮᱡᱟᱨᱤᱧ ᱵᱩᱡᱷᱟᱹᱣᱟ ᱡᱮ ᱠᱷᱚᱨᱚᱪᱟ ᱠᱚ ᱵᱟᱝ ᱱᱚᱡᱚᱨᱟᱜ ᱦᱩᱭᱩᱜ ᱠᱟᱱᱟ, ᱟᱨ ᱞᱟᱹᱠᱛᱤ ᱠᱷᱚᱱ ᱰᱷᱮᱨ ᱠᱚᱨ ᱮᱢᱚᱜ ᱦᱩᱭᱩᱜ ᱠᱟᱱᱟ ᱾","I find it incredibly irritating to see that expenses are being overlooked, and more taxes are paid than necessary.","मुझे यह देखना बेहद परेशान करने वाला लगता है कि खर्चों की अनदेखी की जा रही है, और आवश्यकता से अधिक करों का भुगतान किया जा रहा है।"
40035842,ᱤᱧ ᱵᱟᱹᱧ ᱜᱚᱲᱚ ᱫᱟᱲᱮᱭᱟᱜᱼᱟ ᱢᱮᱱᱠᱷᱟᱱ ᱨᱮᱥᱴᱩᱨᱮᱱᱴ ᱯᱚᱨᱤᱥᱮᱵᱟ ᱤᱫᱤᱠᱟᱛᱮ ᱟᱹᱲᱤᱥᱤᱧ ᱟᱹᱭᱠᱟᱣᱟ ; ᱠᱟᱹᱢᱤᱭᱟᱹ ᱠᱚᱴᱷᱮᱱ ᱠᱷᱚᱱ ᱢᱚᱱᱮᱞᱟᱣᱮᱭ ᱨᱮᱭᱟᱜ ᱟᱱᱟᱴ ᱫᱚ ᱤᱧ ᱥᱟᱱᱟᱢ ᱞᱮᱠᱟᱱ ᱰᱟᱭᱱᱤᱝ ᱵᱩᱡᱩᱱ ᱤᱫᱤᱠᱟᱛᱮ ᱠᱩᱠᱞᱤᱭ ᱨᱟᱠᱟᱵ ᱟᱠᱟᱫᱟ ᱾,I can't help but feel uneasy about the restaurant service; the lack of attentiveness from the staff has left me questioning the overall dining experience.,मैं रेस्टोरेंट सेवा के बारे में असहज महसूस किए बिना नहीं रह सकता; कर्मचारियों की ओर से ध्यान की कमी ने मुझे समग्र भोजन अनुभव पर सवाल उठाने पर मजबूर कर दिया है।
40045842,"ᱤᱧ ᱤᱧᱟᱹᱜ ᱦᱳᱴᱮᱞ ᱨᱩᱢ  ᱨᱮᱭᱟᱜ ᱵᱟᱦᱨᱮ ᱨᱮᱧ ᱛᱟᱺᱜᱤ ᱟᱠᱟᱫᱟ ᱟᱭᱢᱟ ᱥᱮᱨᱢᱟ ᱠᱷᱚᱱ  ᱵᱷᱤᱛᱤᱨ ᱨᱮ ᱵᱚᱞᱚᱜ ᱨᱮᱭᱟᱜ ᱤᱧ ᱨᱤᱠᱟᱹ ᱮᱫᱟ, ᱟᱨ ᱥᱟᱢᱟᱝ ᱨᱮᱭᱟᱜ ᱫᱩᱣᱟᱹᱨ ᱫᱚ ᱵᱟᱝ ᱞᱟᱲᱟᱜᱼᱟ !ᱤᱧ ᱫᱚ ᱱᱚᱶᱟ ᱟᱫ ᱤᱧ ᱮᱛᱚᱦᱚᱵ ᱟᱠᱟᱫᱟ, ᱠᱷᱟᱥ ᱠᱟᱨᱛᱮ ᱚᱠᱚᱭ ᱦᱚᱸ ᱜᱚᱲᱚ ᱞᱟᱹᱜᱤᱫ ᱵᱟᱝᱠᱚ ᱞᱟᱦᱟ ᱦᱤᱡᱩᱜ ᱠᱟᱱᱟ ᱾","I've been waiting outside my hotel room for ages trying to get in, and the front door just won't budge! I am starting to lose it, especially as no one is stepping up to help.","मैं अंदर जाने की कोशिश करते हुए अपने होटल के कमरे के बाहर सदियों से इंतजार कर रहा हूँ, और सामने का दरवाजा बिल्कुल भी नहीं खुल रहा है! मेरा आपा खोने लगा है, खासकर जब कोई मदद के लिए आगे नहीं आ रहा है।"
40055842,"ᱢᱤᱫ ᱮᱠᱟᱣᱩᱱᱴᱮᱱᱴ ᱞᱮᱠᱟᱛᱮ, ᱤᱧ ᱵᱮᱯᱟᱨ ᱦᱚᱛᱮᱛᱮ ᱠᱟᱣᱰᱤᱭᱟᱱ ᱨᱮᱠᱚᱨᱰ ᱟᱨ ᱵᱮᱼᱵᱚᱱᱫᱮᱡᱟᱱ ᱦᱤᱥᱟᱹᱵᱼᱠᱷᱟᱛᱟ ᱦᱚᱨᱟ ᱛᱮᱧ ᱪᱚᱢᱠᱟᱣ ᱟᱠᱟᱱᱟ ᱡᱟᱦᱟᱸᱫᱚ ᱠᱚᱨ ᱫᱟᱹᱠᱷᱤᱞ ᱨᱮᱭ ᱚᱨᱥᱚᱝᱼᱟ ᱾","As an accountant, I am appalled by lack of financial records and disorganized bookkeeping by businesses that impact tax filing.","एक लेखाकार के रूप में, मैं व्यवसायों द्वारा वित्तीय रिकॉर्ड की कमी और अव्यवस्थित बहीखाता पद्धति से चकित हूँ जो कर फाइलिंग को प्रभावित करती है।"
40065842,ᱡᱚᱠᱷᱚᱱ ᱤᱧ ᱥᱚᱛᱟᱵᱫᱤ ᱮᱠᱥᱯᱨᱮᱥ ᱨᱮ ᱟᱹᱲᱛᱤᱭᱟᱱ ᱡᱚᱢᱟᱜ ᱨᱮ ᱩᱯ ᱨᱮᱭᱟᱜ ᱠᱩᱴᱨᱟᱹᱧ ᱧᱟᱢ ᱠᱮᱫ ᱠᱷᱟᱱ ᱤᱧ ᱟᱹᱰᱤ ᱵᱟᱹᱲᱤᱡ ᱤᱧ ᱵᱩᱡᱷᱟᱹᱣ ᱠᱮᱫᱟ ᱾,It was repulsive when I found a strand of hair in the food served on the Shatabdi Express.,शताब्दी एक्सप्रेस में परोसे जाने वाले भोजन में बाल का एक रेशा मिलने पर मुझे बहुत घिन आई।
40075842,ᱡᱚᱠᱷᱚᱱ ᱨᱮᱞᱚᱣᱮ ᱵᱩᱠᱤᱝ ᱠᱮᱨᱟᱱᱤ ᱤᱧ ᱪᱮᱛᱟᱱ ᱨᱮᱭᱟᱜ ᱵᱟᱨᱛᱷ ᱵᱩᱠ ᱞᱟᱹᱜᱤᱫ ᱟᱨ ᱫᱤᱞᱞᱤ ᱨᱮᱭᱟᱜ ᱥᱟᱸᱜᱷᱟᱨ ᱨᱮ ᱱᱟᱯᱟᱭᱛᱮ ᱡᱟᱹᱯᱤᱫ ᱨᱮᱭᱟᱜ ᱫᱤᱥᱦᱩᱫᱤᱥᱮ ᱮᱢ ᱞᱮᱱᱟ ᱩᱱᱫᱚ ᱤᱧ ᱥᱟᱨᱦᱟᱣ ᱟᱹᱱᱟᱹᱭᱠᱟᱹᱣ ᱤᱧ ᱟᱭᱠᱟᱹᱣ ᱞᱮᱫᱟ ᱾,I felt a sense of gratitude when the railway booking clerk advised me to book the upper berth and sleep well on the journey to Delhi.,मुझे कृतज्ञता का अहसास हुआ जब रेलवे बुकिंग क्लर्क ने मुझे ऊपरी बर्थ बुक करने और दिल्ली की यात्रा पर अच्छी नींद लेने की सलाह दी।
40085842,ᱥᱟᱭᱠᱮᱞ ᱨᱮᱭᱟᱜ ᱫᱳᱠᱟᱱ ᱨᱮ ᱰᱷᱮᱨ ᱜᱚᱱᱚᱝ ᱨᱮᱭᱟᱜ ᱵᱟᱭᱤᱠ ᱧᱮᱞ ᱠᱟᱛᱮ ᱤᱧᱟᱹᱜ ᱞᱟᱡᱽ ᱩᱞᱟᱹᱴ ᱠᱟᱪᱷᱟᱲ ᱞᱮᱱᱟ ᱾ ᱩᱱᱠᱩ ᱫᱚ ᱤᱧ ᱠᱚ ᱞᱟᱸᱜᱟ ᱟᱠᱟᱫᱤᱧᱟᱹ  ᱾,My stomach churned at the sight of the overpriced bikes in the bicycle store. They made me sick.,साइकिल स्टोर में अत्यधिक महंगी बाइकों को देखकर मेरा जी मिचला गया। उन्होंने मुझे बीमार कर दिया।
40095842,ᱤᱧ ᱞᱟᱹᱭ ᱤᱧ ᱠᱷᱚᱡᱚᱜ ᱠᱟᱱ ᱛᱟᱦᱮᱸᱜ ᱡᱮ ᱤᱧᱟᱹᱜ ᱡᱟᱦᱟᱱ ᱞᱟᱞᱤᱥ ᱨᱮ ᱟᱢᱟᱜ ᱞᱚᱜᱚᱱ ᱛᱮᱞᱟ ᱮᱢ ᱥᱟᱹᱨᱤᱜᱮ ᱨᱤᱡᱷᱟᱱ ᱜᱮᱭᱟ ᱾ ᱟᱢᱟᱜ  ᱠᱷᱚᱵᱚᱨ ᱠᱟᱜᱚᱡᱽ ᱮᱢ ᱫᱚ ᱦᱟᱦᱟᱲᱟᱜ ᱜᱮᱭᱟ ᱾,I wanted to mention that your quick response to any complaints I've had is truly impressive. Your newspaper delivery is phenomenal.,मैं उल्लेख करना चाहता था कि मेरी किसी भी शिकायत पर आपकी त्वरित प्रतिक्रिया वास्तव में प्रभावशाली है। आपकी समाचार पत्र वितरण सेवा असाधारण है।
40105842,"ᱵᱷᱤᱡᱤᱴᱟᱨ: ""ᱤᱧ ᱱᱟᱥᱮᱧ ᱵᱷᱟᱵᱱᱟᱜ ᱠᱟᱱᱟ ᱪᱮᱫᱟᱜ ᱥᱮ ᱤᱧ ᱥᱟᱨᱤᱜᱮ ᱚᱱᱞᱟᱭᱤᱱᱛᱮ ᱠᱤᱪᱷᱩ ᱠᱟᱹᱢᱤ ᱪᱟᱵᱟᱭ ᱦᱩᱭᱩᱜ ᱛᱤᱧᱟᱹ, ᱟᱨ ᱳᱣᱟᱭᱯᱷᱟᱭ ᱵᱟᱝᱛᱮ ᱤᱧ ᱟᱹᱰᱤᱧ ᱵᱚᱛᱚᱨᱚᱜ ᱠᱟᱱᱟ ᱾","Visitor: ""I'm getting a bit frustrated because I really need to finish some work online, and not having Wi-Fi is making me quite apprehensive.""","आगंतुक: 'मैं थोड़ा निराश हो रहा हूँ क्योंकि मुझे वास्तव में ऑनलाइन कुछ काम पूरा करना है, और वाई-फाई न होने से मुझे काफी घबराहट हो रही है।'"
40115842,ᱥᱟᱦᱟᱨ ᱨᱮᱭᱟᱜ ᱥᱠᱟᱭᱼᱞᱟᱭᱤᱱ ᱤᱧ ᱞᱟᱹᱜᱤᱫ ᱪᱮᱱᱱᱟᱭ ᱨᱮ ᱟᱞᱮᱭᱟᱜ ᱪᱷᱟᱛ ᱠᱷᱚᱱ ᱥᱮᱨᱢᱟ ᱯᱩᱥᱴᱟᱹᱣ ᱛᱮ ᱧᱮᱞ ᱢᱩᱥᱠᱤᱞᱮ ᱵᱮᱱᱟᱣᱟ ᱟᱨ ᱤᱧ ᱟᱹᱰᱤ ᱵᱟᱹᱲᱤᱡ ᱤᱧ ᱵᱩᱡᱷᱟᱹᱣᱟ ᱾,The city skyline makes it difficult for me to view the sky clearly from our terrace in Chennai and leaves me feeling down in the dumps.,शहर की गगनचुंबी इमारतें मेरे लिए चेन्नई में हमारी छत से आकाश को स्पष्ट रूप से देखना मुश्किल बना देती हैं और मुझे बहुत उदास कर देती हैं।
40125842,ᱪᱮᱱᱱᱟᱭᱨᱮᱱ ᱡᱟᱹᱥᱛᱤ ᱵᱮᱱᱟᱣᱟᱱ ᱠᱚᱜᱮ ᱞᱟᱭᱚᱝ ᱟᱨ ᱦᱤᱡᱩᱜ ᱠᱟᱱ ᱯᱤᱲᱦᱤ ᱠᱚᱣᱟᱜ ᱟᱹᱠᱷᱤᱨ ᱤᱫᱤ ᱠᱟᱛᱮ ᱵᱟᱝᱠᱚ ᱩᱭᱦᱟᱹᱨᱟ ᱾,Most builders in Chennai don't seem to care about the environment or the future of the coming generations.,चेन्नई में अधिकांश बिल्डरों को पर्यावरण या आने वाली पीढ़ियों के भविष्य की कोई परवाह नहीं दिखती।
40135842,ᱤᱧᱤᱧ ᱩᱫᱜᱟᱟᱹᱣ ᱞᱮᱱᱟ ᱡᱚᱠᱷᱚᱱ ᱥᱮᱪᱮᱫ ᱢᱚᱱᱛᱨᱟᱞᱚᱭ ᱨᱳᱴ ᱞᱟᱨᱱᱤᱝ ᱵᱮᱜᱚᱨ ᱜᱮ ᱜᱤᱫᱽᱨᱟᱹ ᱠᱚ ᱥᱤᱠᱷᱱᱟᱹᱛ ᱨᱮᱭᱟᱜ ᱱᱟᱣᱟᱱ ᱩᱯᱟᱹᱭᱮ ᱟᱹᱜᱩ ᱞᱮᱫᱟ ᱾,I was encouraged when the education ministry brought in new ways of educating children without rote learning.,मुझे प्रोत्साहन मिला जब शिक्षा मंत्रालय ने बिना रटे बच्चों को शिक्षित करने के नए तरीके पेश किए।
40145842,ᱴᱳᱰᱟ ᱟᱹᱫᱤᱵᱟᱹᱥᱤ ᱠᱚᱣᱟᱜ ᱵᱮᱱᱟᱣ ᱛᱷᱟᱹᱱᱤᱭᱚ ᱛᱤᱼᱵᱤᱨᱤᱫ ᱠᱚᱫᱚ ᱟᱹᱰᱤ ᱥᱚᱨᱮᱥᱟ ᱥᱩᱵᱷᱮᱨᱤᱱ ᱠᱚ ᱵᱮᱱᱟᱣᱟ ᱟᱨ ᱟᱞᱮ ᱢᱩᱫᱽᱨᱮ ᱱᱟᱯᱟᱭᱟᱜ ᱠᱚ ᱡᱟᱜᱟᱣ ᱨᱟᱠᱟᱵᱟ ᱾,The local handicrafts made by the Toda tribals make for unique souvenirs and infuse positivity in us.,टोडा आदिवासियों द्वारा बनाए गए स्थानीय हस्तशिल्प अनूठे स्मृति चिन्ह बनाते हैं और हममें सकारात्मकता का संचार करते हैं।
40155842,ᱠᱤᱪᱷᱩ ᱯᱟᱹᱴᱷᱩᱣᱟᱹ ᱠᱚ ᱡᱟᱦᱟᱸ ᱞᱮᱠᱟ ᱠᱮᱹᱢᱯᱟᱥ ᱨᱮᱭᱟᱜ ᱥᱩᱨᱼᱥᱩᱯᱩᱨ ᱨᱮ ᱢᱟᱹᱭᱞᱟᱼᱡᱚᱵᱽᱨᱟ ᱠᱚ ᱜᱤᱰᱤᱭᱟ ᱚᱱᱟᱫᱚ ᱟᱹᱰᱤ ᱞᱟᱡᱟᱯᱟᱲᱟ ᱾,The way some students leave trash lying around the campus is disgraceful.,कुछ छात्रों द्वारा परिसर में कचरा फेंकने का तरीका शर्मनाक है।
40165842,"ᱤᱧ ᱤᱧᱟᱹᱜ ᱱᱟᱶᱟ ᱚᱲᱟᱜ ᱞᱟᱹᱜᱤᱫ ᱚᱲᱟᱜ ᱨᱮᱭᱟᱜ ᱤᱞᱮᱠᱴᱤᱠᱮᱹᱞ ᱡᱤᱱᱤᱥ ᱠᱚ ᱨᱮᱭᱟᱜ ᱤᱞᱮᱠᱴᱨᱤᱠᱮᱹᱞ ᱫᱳᱠᱟᱱ ᱥᱟᱞᱟᱜ ᱤᱧᱟᱹᱜ ᱡᱟᱦᱟᱸ ᱫᱚᱨᱫᱟᱢ  ᱨᱤᱧ  ᱥᱮᱴᱮᱨ ᱟᱠᱟᱱᱟ, ᱚᱱᱟ ᱛᱮ ᱤᱧ ᱟᱹᱰᱤᱧ ᱠᱩᱥᱤ ᱨᱟᱹᱥᱠᱟᱹ ᱟᱠᱟᱱᱟ ᱾",I'm absolutely delighted with the bargain I reached with the electrical shop on household electrical items for my new house.,मैं अपने नए घर के लिए घरेलू बिजली के सामानों पर बिजली की दुकान के साथ किए गए सौदे से बेहद खुश हूँ।
40175842,ᱛᱤᱱᱟᱹᱜ ᱱᱟᱯᱟᱭ ! ᱱᱚᱶᱟ ᱥᱢᱟᱨᱴᱯᱷᱳᱱ ᱠᱮᱹᱢᱮᱨᱟ ᱫᱚ ᱡᱤᱵᱠᱟᱹᱣᱟᱱ ᱢᱟᱹᱱ ᱨᱮᱭᱟᱜ ᱪᱤᱛᱟᱹᱨᱮ ᱨᱟᱠᱟᱵᱟ ᱾,Wow! this smartphone camera takes professional-quality photos.,वाह! यह स्मार्टफोन कैमरा पेशेवर-गुणवत्ता वाली तस्वीरें लेता है।
40185842,ᱤᱧ ᱟᱭᱢᱟ ᱡᱚᱢᱟᱜ ᱥᱟᱣᱛᱮ ᱱᱩᱱᱟᱹᱜ ᱜᱟᱱ ᱚᱯᱥᱚᱱ ᱥᱟᱣᱛᱮ ᱨᱩᱢ ᱥᱟᱨᱵᱷᱤᱥ ᱞᱟᱹᱜᱤᱫ ᱱᱩᱱᱟᱹᱜ ᱰᱷᱮᱨ ᱢᱮᱱᱩ ᱧᱮᱞᱫᱚ ᱵᱟᱹᱧ ᱟᱸᱥ ᱟᱠᱟᱱ ᱛᱟᱦᱮᱸ ᱾ ᱱᱚᱶᱟ ᱦᱳᱴᱮᱞ ᱨᱮ ᱱᱚᱶᱟ ᱫᱚ ᱢᱤᱫᱴᱟᱝ ᱟᱹᱰᱤ ᱨᱟᱹᱥᱠᱟᱹᱣᱟᱱ ᱦᱟᱦᱟᱲᱟᱜ ᱠᱟᱱᱟ ᱾,I didn't expect to see such an extensive menu for room service with so many options across different cuisines. It's quite a pleasant surprise at this hotel!,मुझे विभिन्न व्यंजनों के इतने सारे विकल्पों के साथ रूम सर्विस के लिए इतना व्यापक मेनू देखने की उम्मीद नहीं थी। इस होटल में यह काफी सुखद आश्चर्य है!
40195842,ᱟᱢ ᱠᱤᱢ ᱯᱟᱹᱛᱭᱟᱹᱣ ᱫᱟᱲᱮᱭᱟᱜᱼᱟ ᱡᱮ ᱢᱤᱫᱴᱟᱝ ᱨᱳᱵᱚᱴᱥ ᱟᱥᱚᱞᱨᱮ ᱢᱤᱫᱴᱟᱝ ᱨᱩᱵᱤᱠᱚᱥ ᱠᱤᱣᱩᱵᱽ ᱮ ᱥᱚᱞᱦᱮ ᱫᱟᱲᱮᱭᱟᱜᱼᱟ ?,Can you believe that a robot can actually solve a Rubik's Cube?,क्या आप विश्वास कर सकते हैं कि एक रोबोट वास्तव में रूबिक क्यूब को हल कर सकता है?
40205842,ᱤᱧ ᱵᱟᱹᱧ ᱯᱟᱹᱛᱭᱟᱹᱣ ᱫᱟᱲᱮᱭᱟᱫ ᱠᱟᱱ ᱛᱟᱦᱮᱸᱫ ᱡᱮ ᱤᱧᱤᱡ ᱜᱟᱛᱮᱭᱟᱜ ᱠᱳᱢᱯᱟᱱᱤ ᱱᱩᱱᱟᱹᱜ ᱞᱚᱜᱚᱱ ᱟᱭ ᱯᱤ ᱳ ᱨᱮ ᱛᱤᱱᱟᱹᱜ ᱳᱵᱷᱟᱨ ᱥᱟᱵᱽᱥᱠᱨᱟᱭᱤᱵᱽ ᱦᱩᱭ ᱞᱮᱱᱟ ᱾,I couldn't believe how much my friend's company was oversubscribed at the IPO so quickly.,मुझे विश्वास नहीं हुआ कि आईपीओ में मेरे दोस्त की कंपनी इतनी जल्दी ओवरसब्सक्राइब हो गई थी।
40215842,ᱤᱧ ᱱᱤᱛᱜᱮ ᱢᱤᱫᱴᱟᱝ ᱦᱩᱲᱤᱡ ᱤᱭᱩᱴᱤᱞᱤᱴᱤ ᱵᱤᱞ ᱪᱟᱨᱡ ᱨᱮ ᱞᱟᱹᱜᱤᱫ ᱨᱩᱣᱟᱹᱲᱤᱧ ᱧᱟᱢ ᱟᱠᱟᱫᱟ ᱾,I just received a refund for an erroneous utility bill charge.,मुझे अभी एक गलत उपयोगिता बिल शुल्क के लिए रिफंड मिला है।
40225842,"ᱳᱣᱟᱣ, ᱱᱚᱶᱟ ᱱᱟᱶᱟ ᱥᱳᱯᱴᱳᱭᱟᱨ ᱟᱯᱰᱮᱴ ᱫᱚ ᱥᱟᱱᱟᱢ ᱵᱟᱜ ᱠᱚ ᱥᱩᱫᱷᱨᱟᱹᱣ ᱟᱠᱟᱫᱟ ᱾ ᱞᱮᱹᱯᱴᱚᱯ ᱫᱚ ᱮᱠᱟᱞ  ᱱᱟᱶᱟ ᱰᱤᱵᱷᱟᱭᱤᱥ ᱞᱮᱠᱟ ᱢᱚᱱᱮ ᱦᱩᱭᱩᱜ ᱠᱟᱱᱟ ᱾","Wow, this new software update fixed all the bugs. The laptop feels like a brand new device!","वाह, इस नए सॉफ्टवेयर अपडेट ने सभी बग्स को ठीक कर दिया। लैपटॉप एक नए उपकरण जैसा लगता है!"
40235842,ᱚᱥᱴᱨᱮᱞᱤᱭᱟᱱ ᱠᱚ ᱡᱟᱦᱟᱸ ᱵᱷᱮᱯᱮᱜᱮᱫ ᱟᱱᱟᱜ ᱛᱟᱦᱮᱱ ᱴᱷᱟᱶ ᱟᱹᱨᱤ ᱠᱚ ᱥᱟᱹᱨᱤᱦᱚᱪᱚ ᱟᱠᱟᱫᱟ ᱚᱱᱟᱛᱮ ᱤᱧᱫᱚ ᱥᱟᱹᱨᱤᱜᱤᱧ ᱟᱹᱲᱤᱥ ᱟᱠᱟᱱᱟ ᱾,I am really upset about the discriminatory immigration policies the Australians are implementing.,"ऑस्ट्रेलियाई लोग जो भेदभावपूर्ण आव्रजन नीतियां लागू कर रहे हैं, उससे मैं वास्तव में परेशान हूँ।"
40245842,ᱤᱧ ᱵᱤᱨᱤᱫ ᱠᱟᱸᱫᱷᱟ ᱨᱮ ᱚᱱᱟ ᱪᱤᱛᱟᱹᱨ ᱟᱸᱠᱟᱣ ᱥᱮᱫ ᱠᱚᱭᱚᱜ ᱦᱚᱸ ᱵᱟᱹᱧ ᱫᱟᱲᱮᱭᱟᱜᱼᱟ; ᱱᱟᱦᱟᱜ ᱵᱤᱨᱤᱫ ᱤᱧᱮ ᱵᱚᱱᱫᱚ ᱫᱚᱦᱚᱧᱟ ᱾,I cannot even look at that painting in the art room; modern art puts me off.,मैं कला कक्ष में उस पेंटिंग को देख भी नहीं सकता; आधुनिक कला मुझे विमुख कर देती है।
40255842,ᱵᱷᱟᱨᱚᱛᱤᱭᱚ ᱜᱟᱫᱮᱞᱟᱜ ᱢᱚᱝᱜᱚᱞ ᱚᱵᱷᱤᱡᱟᱱ ᱫᱚ ᱥᱟᱹᱨᱤᱜᱮ ᱱᱚᱶᱟ ᱡᱮᱜᱮᱫ ᱵᱟᱦᱨᱮ ᱨᱮ ᱛᱟᱦᱮᱸ ᱠᱟᱱᱟ !,The Mars mission by the Indian team was really out of this world!,भारतीय टीम का मंगल अभियान वास्तव में इस दुनिया से परे था!
40265842,ᱤᱧ ᱛᱤᱥᱦᱚᱸ ᱵᱟᱹᱧ ᱵᱩᱡ ᱫᱟᱲᱮᱭᱟᱜ ᱠᱟᱱᱟ ᱡᱮ ᱠᱷᱮᱛ ᱨᱮ ᱪᱟᱥ ᱨᱚᱦᱚᱭ ᱞᱟᱹᱜᱤᱫ ᱦᱟᱥᱟ ᱥᱟᱹᱛ ᱞᱟᱹᱜᱤᱫᱛᱮ ᱛᱤᱱᱟᱹᱜ ᱯᱷᱟᱨᱟᱠ ᱦᱩᱭ ᱫᱟᱲᱮᱭᱟᱜᱼᱟ ᱾ ᱱᱚᱶᱟ ᱫᱚ ᱯᱩᱨᱟᱹ ᱠᱮᱱᱵᱷᱟᱥ ᱞᱮᱠᱟᱱᱟᱜ !,I never realized how much difference tilling the field could make in preparing the soil for planting. It's like a whole new canvas!,मुझे कभी एहसास नहीं हुआ कि खेत की जुताई करने से रोपण के लिए मिट्टी तैयार करने में कितना अंतर आ सकता है। यह एक बिल्कुल नए कैनवास जैसा है!
40275842,"ᱡᱚᱠᱷᱚᱱ ᱜᱮ ᱤᱧ ᱯᱚᱪᱷᱤᱢ ᱫᱷᱟᱹᱨᱛᱤ ᱤᱫᱤ ᱠᱟᱛᱮᱧ ᱯᱟᱲᱦᱟᱣᱮᱫ ᱠᱟᱱ ᱛᱟᱦᱮᱸᱜᱼᱟ ᱡᱮ ᱱᱚᱝᱠᱟᱱ ᱡᱤᱱᱤᱥ ᱨᱮᱭᱟᱜ ᱠᱚ ""ᱛᱚᱞᱟᱥ"" ᱮᱫᱟ ᱡᱟᱦᱟᱸᱫᱚ ᱞᱟᱦᱟ ᱠᱷᱚᱱ ᱜᱮ ᱟᱵᱚᱣᱟᱜ ᱫᱷᱚᱨᱚᱢ ᱯᱩᱛᱷᱤ ᱨᱮ ᱛᱟᱦᱮᱸᱠᱟᱱᱟ, ᱠᱷᱟᱱ ᱤᱧᱤᱧ ᱫᱩᱠ ᱜᱚᱫᱚᱜ ᱠᱟᱱ ᱛᱟᱦᱮᱸᱜ ᱾","I was miserable every time I read about the Western world ""discovering"" something that was already in our scriptures.","हर बार जब मैं पश्चिमी दुनिया द्वारा किसी ऐसी चीज़ की 'खोज' के बारे में पढ़ता था जो पहले से ही हमारे शास्त्रों में थी, तो मुझे बहुत दुख होता था।"
40285842,"ᱟᱠᱷᱟᱲᱟ ᱨᱮᱭᱟᱜ ᱛᱷᱤᱢ ᱟᱹᱰᱤ ᱱᱟᱯᱟᱭ ᱦᱩᱭ ᱞᱮᱱ ᱨᱮᱦᱚᱸ, ᱥᱟᱱᱟᱢ ᱞᱮᱠᱟᱱ ᱵᱤᱥᱨᱤᱝᱠᱷᱚᱞᱟ ᱟᱨ ᱵᱤᱱᱼ ᱵᱚᱱᱫᱮᱡ ᱞᱟᱹᱜᱤᱫ ᱟᱠᱷᱟᱲᱟ ᱨᱮᱱ ᱢᱚᱱᱮᱡᱟᱨ ᱪᱮᱛᱟᱱ ᱤᱧ ᱫᱚ ᱨᱟᱹᱜᱤᱧ ᱛᱟᱦᱮᱸᱠᱟᱱᱟ ᱾",I was livid at the event manager for the overall chaos and mismanagement even though the event’s theme was impressive.,कार्यक्रम की थीम प्रभावशाली होने के बावजूद पूरी अव्यवस्था और कुप्रबंधन के लिए मैं इवेंट मैनेजर पर बहुत क्रोधित था।
40295842,ᱤᱧᱨᱮᱱ ᱜᱤᱫᱽᱨᱟᱹ ᱟᱜ ᱥᱴᱮᱡ ᱨᱮᱭᱟᱜ  ᱵᱚᱛᱚᱨ ᱤᱧ ᱱᱚᱣᱟ ᱠᱟᱛᱷᱟ ᱤᱫᱤ ᱠᱟᱛᱮᱭ ᱵᱚᱛᱚᱨ ᱟᱪᱚ ᱞᱮᱫᱤᱧᱟ ᱡᱮ ᱯᱟᱥᱮᱡ ᱩᱱᱤ ᱠᱚᱢ ᱦᱚᱥᱛᱚᱠᱦᱮᱯ ᱡᱤᱱᱤᱥ ᱠᱚ ᱦᱚᱛᱮᱛᱮ ᱟᱡᱟᱜ ᱥᱮᱨᱮᱧ ᱠᱮᱨᱤᱭᱟᱨ ᱵᱟᱭ ᱟᱲᱟᱜ ᱢᱟ ᱾,My child's stage fright made me uneasy about the prospect of him giving up his singing career in favour of something less intrusive.,मेरे बच्चे के मंच के डर ने मुझे उसके गायन करियर को छोड़कर किसी कम दखलअंदाजी वाली चीज़ के पक्ष में जाने की संभावना को लेकर असहज कर दिया।
40305842,ᱤᱧ ᱱᱚᱝᱠᱟᱱ ᱢᱤᱫ ᱯᱚᱛᱚᱵ ᱟᱹᱠᱷᱨᱤᱧᱤᱡ ᱧᱟᱢ ᱠᱟᱛᱮᱧ ᱠᱩᱥᱤᱭᱮᱱᱟ ᱡᱟᱦᱟᱸᱭ ᱯᱚᱛᱚᱵ ᱤᱫᱤ ᱠᱟᱛᱮᱜ ᱟᱹᱰᱤ ᱵᱟᱰᱟᱭᱤᱡᱼᱮ ᱛᱟᱦᱮᱸᱠᱟᱱᱟ ᱾ ᱩᱱᱤ ᱫᱚ ᱚᱞᱼᱯᱟᱲᱦᱟᱣᱤᱡ ᱮ ᱢᱚᱱᱮ ᱦᱩᱭᱩᱜ ᱠᱟᱱ ᱛᱟᱦᱮᱸᱜᱼᱟ ᱾,I was pleased to find a bookseller who was extremely knowledgeable about books. He seemed well read.,मुझे एक ऐसा पुस्तक विक्रेता पाकर खुशी हुई जिसे पुस्तकों के बारे में अत्यधिक ज्ञान था। वह बहुत पढ़ा-लिखा लग रहा था।
40315842,ᱱᱚᱶᱟ ᱵᱟᱛᱟᱣ ᱫᱚ ᱟᱡᱷᱟᱴᱟ ᱜᱮᱭᱟ ᱡᱮ ᱰᱨᱟᱭᱵᱷᱤᱝ ᱞᱟᱭᱥᱮᱱᱥ ᱧᱟᱢ ᱫᱚ ᱟᱨ ᱴᱤ ᱳ ᱚᱯᱷᱤᱥ ᱨᱮ ᱢᱤᱢᱤᱫ ᱯᱟᱹᱣᱲᱤ ᱨᱮ ᱦᱚᱲ ᱠᱚ ᱜᱷᱩᱥ ᱮᱢᱚᱜ ᱞᱮᱠᱟᱱ ᱵᱮᱵᱟᱹᱲᱤᱡ ᱦᱩᱭ ᱫᱟᱲᱮᱭᱟᱜᱼᱟ ᱾,It's hard to accept that obtaining a driver's license can be as unpleasant as having to bribe individuals at each step in the RTO office.,यह स्वीकार करना कठिन है कि ड्राइविंग लाइसेंस प्राप्त करना उतना ही अप्रिय हो सकता है जितना कि आरटीओ कार्यालय में प्रत्येक कदम पर व्यक्तियों को रिश्वत देना।
40325842,ᱯᱮᱱ ᱥᱴᱳᱨ ᱫᱟᱨᱟᱭᱛᱮ ᱥᱟᱨᱦᱟᱣᱟᱱᱟᱜ ᱥᱤᱨᱯᱟᱹ ᱯᱚᱴᱚᱢ ᱧᱮᱞ ᱠᱟᱛᱮ ᱤᱧ ᱨᱟᱹᱥᱠᱟᱹ ᱥᱟᱞᱟᱜ ᱤᱧ ᱦᱟᱦᱟᱲᱟᱜ ᱞᱮᱱᱟ ᱾,I was pleasantly taken aback by the complimentary gift wrapping provided by the Pen store.,पेन स्टोर द्वारा प्रदान की गई मानार्थ उपहार लपेटन (गिफ्ट रैपिंग) से मैं सुखद रूप से आश्चर्यचकित था।
40335842,ᱱᱚᱣᱟ ᱧᱮᱞ ᱫᱚ ᱦᱟᱦᱟᱲᱟᱜ ᱟᱱᱟᱜ ᱜᱮᱭᱟ ᱡᱮ ᱤᱧᱟᱹᱜ ᱯᱟᱨᱚᱢᱟᱠᱟᱱ ᱵᱮᱥᱤᱜᱤᱞᱠᱚ ᱤᱧᱟᱹᱜ ᱪᱤᱱᱛᱟᱹ ᱨᱮᱭᱟᱜ ᱛᱷᱟᱨ ᱨᱮ ᱪᱮᱫ ᱞᱮᱠᱟᱭ ᱥᱮᱞᱮᱫ ᱟᱠᱟᱱᱟ ᱾ ᱯᱚᱨᱟᱢᱚᱥ ᱫᱚ ᱫᱚᱲᱦᱟ ᱧᱟᱢ ᱨᱮᱭᱟᱜ ᱠᱟᱹᱴᱷᱤ ᱠᱟᱱᱟ ᱾,Seeing how my past failures contributed to my stress levels is amazing. Counseling was the key to recovery.,यह देखना आश्चर्यजनक है कि मेरी पिछली असफलताओं ने मेरे तनाव के स्तर में कैसे योगदान दिया। परामर्श सुधार की कुंजी थी।
40345842,ᱤᱧᱟᱹᱜ ᱥᱚᱯᱚᱦᱚᱫ ᱠᱟᱹᱣᱰᱤ ᱤᱧ ᱡᱤᱨᱟᱹᱣ ᱦᱟᱛᱟᱣ ᱞᱟᱹᱜᱤᱫ ᱡᱚᱛᱷᱮᱥᱴᱚ ᱠᱚ ᱮᱢ ᱟᱠᱟᱱᱟ ᱾,My investments have provided me with enough for retirement.,मेरे निवेशों ने मुझे सेवानिवृत्ति के लिए पर्याप्त प्रदान किया है।
40355842,"ᱤᱧ ᱤᱧᱟᱹᱜ ᱦᱩᱰᱤᱧ ᱵᱮᱠᱟᱨᱤ ᱨᱮᱭᱟᱜ ᱟᱨᱟᱢᱤᱧ ᱩᱭᱦᱟᱹᱨ ᱟᱠᱟᱫᱟ, ᱡᱚᱦᱚᱲ ᱴᱚᱴᱷᱟᱨᱮ ᱛᱟᱲᱟᱢ ᱫᱚ ᱟᱹᱰᱤ ᱵᱷᱤᱲ ᱜᱮᱭᱟ, ᱢᱮᱱᱠᱷᱟᱱ ᱱᱚᱶᱟ ᱧᱮᱞ ᱫᱚ ᱵᱷᱟᱵᱷᱱᱟ ᱨᱮᱭᱟᱜ ᱠᱟᱱᱟ ᱡᱮ ᱟᱭᱢᱟᱜᱟᱱ ᱴᱷᱟᱶ ᱠᱚ ᱟᱹᱰᱤ ᱦᱩᱰᱤᱧ ᱥᱮ ᱚᱱᱟ ᱴᱷᱟᱶᱠᱚ ᱨᱮ ᱡᱟᱦᱟᱸ ᱫᱚ ᱟᱥᱟᱣᱟᱱ ᱢᱮᱱᱛᱮ ᱵᱟᱝ ᱢᱚᱱᱮ ᱦᱩᱭᱩᱜᱼᱟ ᱾","I imagined my little bakery in a cozy, bustling area with lots of foot traffic, but it's disheartening to see that most available spaces are either too small or in locations that don't seem promising.","मैंने बहुत सारे लोगों की आवाजाही वाले एक आरामदायक, हलचल भरे क्षेत्र में अपनी छोटी सी बेकरी की कल्पना की थी, लेकिन यह देखना निराशाजनक है कि अधिकांश उपलब्ध स्थान या तो बहुत छोटे हैं या ऐसे स्थानों पर हैं जो आशाजनक नहीं लगते हैं।"
40365842,ᱮᱞ ᱡᱤ ᱵᱤ ᱴᱤ ᱠᱤᱭᱩ + ᱟᱹᱭᱫᱟᱹᱨ ᱨᱮᱭᱟᱜ ᱨᱳᱞᱵᱮᱹᱠ ᱧᱮᱞ ᱫᱚ ᱨᱟᱹᱜᱤᱭᱟᱱᱟᱜ ᱾,It's infuriating to witness the rollback of LGBTQ+ rights.,एलजीबीटीक्यू+ अधिकारों की वापसी को देखना क्रोध दिलाने वाला है।
40375842,"ᱢᱤᱫ ᱫᱟᱭᱤᱛᱛᱚᱥᱤᱞ ᱠᱚᱨᱫᱟᱛᱟ ᱞᱮᱠᱟᱛᱮ, ᱱᱚᱶᱟ ᱫᱚ ᱤᱧ ᱦᱤᱨᱠᱷᱟᱹ ᱟᱱᱟᱜ ᱢᱮᱱᱛᱮᱧ ᱢᱚᱱᱮᱭᱟ ᱡᱮ ᱠᱤᱪᱷᱤ ᱵᱮᱯᱟᱨ ᱟᱹᱢᱟᱹᱞᱤᱭᱟᱹ ᱠᱚᱨ ᱯᱷᱟᱹᱠᱤ ᱮᱢ ᱞᱟᱹᱜᱤᱫ ᱩᱱᱠᱚᱣᱟᱜ ᱮᱹᱠᱟᱣᱩᱱᱴ ᱠᱚᱭ ᱛᱚᱨᱟᱣ ᱤᱚᱫᱤᱭᱟ  ᱾","As a responsible taxpayer, I find it loathsome that some business owners manipulate their accounts to evade taxes.","एक जिम्मेदार करदाता के रूप में, मुझे यह घृणित लगता है कि कुछ व्यापार मालिक करों से बचने के लिए अपने खातों में हेरफेर करते हैं।"
40385842,ᱤᱥᱤᱭᱟᱰ ᱨᱮ ᱵᱷᱟᱨᱚᱛᱤᱭᱚ ᱯᱷᱩᱴᱵᱚᱞ ᱫᱚᱞ ᱵᱷᱮᱡᱟ ᱤᱫᱤ ᱠᱟᱛᱮ ᱟᱭ ᱳ ᱮ ᱟᱨ ᱮ ᱟᱭ ᱮᱯᱷ ᱮᱯᱷ ᱼᱟᱜ ᱠᱷᱟᱹᱯᱟᱹᱨᱤ ᱧᱮᱞ ᱠᱟᱛᱮ ᱟᱹᱰᱤᱜᱮ ᱵᱷᱟᱵᱽᱱᱟ ᱟᱱᱟᱜ ᱾,It's frustrating to see the IOA and AIFF fight over sending the Indian football team to the Asiad.,भारतीय फुटबॉल टीम को एशियाड में भेजने को लेकर आईओए और एआईएफएफ को आपस में लड़ते देखना निराशाजनक है।
40395842,ᱰᱨᱟᱭᱵᱷᱤᱝ ᱢᱟᱪᱮᱫ ᱦᱚᱛᱮᱛᱮ ᱤᱧᱟᱹᱜ ᱰᱨᱟᱭᱵᱷᱤᱝ ᱦᱩᱱᱟᱹᱨ ᱧᱮᱞ ᱫᱚᱲᱦᱟ ᱨᱮᱭᱟᱜ ᱫᱷᱟᱨᱚᱱᱟ ᱫᱚ ᱠᱤᱪᱷᱩᱴᱟ ᱱᱟᱨᱵᱷᱼᱭᱟᱨᱠᱤᱝ  ᱟᱧᱡᱚᱢᱚᱜ ᱠᱟᱱᱟ ᱾ ᱤᱧ ᱠᱷᱟᱹᱞᱤᱧ ᱟᱸᱥᱚᱜᱼᱟ ᱵᱟᱹᱧ ᱡᱷᱟᱢᱮᱞᱟᱭᱟ   ᱾,The idea of having my driving skills reviewed by the driving instructor sounds a bit nerve-wracking. I just hope I won't mess up.,ड्राइविंग प्रशिक्षक द्वारा मेरे ड्राइविंग कौशल की समीक्षा करने का विचार थोड़ा घबराहट भरा लगता है। मुझे बस उम्मीद है कि मैं कोई गड़बड़ नहीं करूँगा।
40405842,ᱢᱤᱫᱴᱟᱝ ᱢᱟᱲᱟᱝ ᱠᱷᱚᱱ ᱡᱷᱤᱡ ᱯᱮᱠᱮᱡᱽ ᱧᱟᱢ ᱨᱮᱭᱟᱜ ᱪᱤᱱᱛᱟᱹ ᱤᱧᱮ ᱨᱟᱹᱜᱤ ᱦᱚᱪᱚᱧᱟ ᱚᱡᱮᱫᱚ ᱱᱚᱶᱟ ᱞᱟᱦᱟᱨᱮ ᱜᱷᱚᱴᱟᱣ ᱟᱠᱟᱱᱟ; ᱤᱧᱤᱧ ᱟᱸᱥᱚᱜᱼᱟ ᱠᱩᱨᱤᱭᱟᱨ ᱱᱚᱶᱟ ᱮᱴᱠᱮᱴᱚᱬᱮ ᱫᱚ ᱞᱚᱜᱚᱱᱮ ᱥᱚᱞᱦᱮ ᱫᱟᱲᱮᱭᱟᱜᱼᱟ ᱾,The thought of receiving a pre-opened package worries me because it has happened before; I hope the courier can address this issue promptly.,पहले से खुले पैकेज को प्राप्त करने का विचार मुझे चिंतित करता है क्योंकि ऐसा पहले भी हो चुका है; मुझे उम्मीद है कि कूरियर इस मुद्दे को तुरंत हल कर सकता है।
40415842,"ᱤᱧᱟᱹᱜ ᱢᱚᱱᱮ ᱦᱩᱭᱩᱜ ᱠᱟᱱ ᱛᱟᱦᱮᱸ ᱡᱮ, ᱤᱧᱟᱹᱜ ᱵᱤᱢᱟᱹ ᱥᱟᱶᱟᱨ ᱛᱟᱞᱢᱟ ᱨᱮ ᱚᱯᱟᱨᱮᱥᱚᱱ ᱨᱮᱭᱟᱜ ᱠᱷᱚᱨᱪᱟ ᱠᱚ ᱮᱢ ᱪᱟᱞᱟᱣᱟ ᱾ ᱵᱤᱞ ᱨᱮᱭᱟᱜ ᱯᱩᱸᱡᱤ ᱧᱮᱞ ᱠᱟᱛᱮ ᱢᱚᱱᱮ ᱵᱟᱹᱲᱤᱡᱚᱜᱼᱟ ᱾",I was under the impression that my insurance would cover more of the surgery expenses at the health centre. It's disheartening to see the bills piling up.,मुझे ऐसा लगा था कि मेरा बीमा स्वास्थ्य केंद्र में सर्जरी के अधिक खर्चों को कवर करेगा। बिलों का ढेर देखना निराशाजनक है।
40425842,ᱯᱤ ᱟᱨ ᱮᱞ ᱨᱮ ᱵᱟᱪᱷᱱᱟᱣ ᱞᱟᱹᱜᱤᱫ ᱤᱧᱟᱹᱜ ᱧᱩᱛᱩᱢ ᱩᱪᱷᱟᱹᱱ ᱚᱠᱛᱚ ᱤᱧᱫᱚ ᱤᱧᱟᱹᱜ ᱞᱩᱛᱩᱨ ᱵᱟᱹᱧ ᱯᱟᱹᱛᱭᱟᱹᱣ ᱫᱟᱲᱮᱭᱟᱜ ᱠᱟᱱ ᱛᱟᱦᱮᱸ ᱾,I couldn't believe my ears when my name was announced for selection into PRL!,जब पीआरएल में चयन के लिए मेरे नाम की घोषणा की गई तो मुझे अपने कानों पर विश्वास नहीं हुआ!
40435842,ᱫᱤᱱ ᱢᱩᱪᱟᱹᱫ ᱨᱮ ᱤᱧᱟᱹᱜ ᱡᱟᱦᱟᱸ ᱯᱚᱨᱤᱢᱟᱱ ᱯᱨᱚᱥᱟᱥᱚᱱᱤᱠ ᱠᱟᱹᱢᱤ ᱢᱩᱪᱟᱹᱫ ᱦᱩᱭᱩᱜ ᱛᱤᱧᱟᱹ ᱚᱱᱟᱛᱮ ᱤᱧ ᱱᱟᱥᱮᱜᱟᱱ ᱟᱡᱷᱟᱴ ᱤᱧ ᱟᱴᱠᱟᱨ ᱮᱫᱟ ᱾,I'm feeling a bit overwhelmed by the volume of administrative work I need to complete by the end of the day.,"दिन के अंत तक मुझे जितने प्रशासनिक काम पूरे करने हैं, उससे मैं थोड़ा अभिभूत महसूस कर रहा हूँ।"
40445842,ᱤᱧ ᱞᱟᱹᱜᱤᱫ ᱱᱚᱝᱠᱟᱱ ᱡᱩᱣᱟᱹᱱ ᱠᱚ ᱥᱟᱞᱟᱜ ᱨᱚᱯᱚᱲ ᱫᱚ ᱥᱟᱨᱟᱯ ᱠᱟᱱᱟ ᱡᱟᱦᱟᱸᱭ ᱫᱚ ᱥᱤᱠᱷᱱᱟᱹᱛ ᱨᱮᱭᱟᱜ ᱢᱚᱦᱚᱛ ᱥᱮ ᱟᱭᱳᱼᱵᱟᱵᱟ ᱦᱚᱛᱮᱛᱮ ᱩᱱᱠᱩ ᱪᱮᱛᱟᱱ ᱠᱷᱚᱨᱚᱪᱚᱜ ᱠᱟᱱ ᱯᱩᱭᱥᱟᱹ ᱨᱮᱭᱟᱜ ᱵᱩᱡᱷᱟᱹᱣ ᱵᱟᱹᱱᱩᱜ ᱛᱟᱠᱚᱣᱟ ᱾,It is an anathema for me to speak with youngsters who do not realize the importance of education or the money that their parents spend on them.,ऐसे युवाओं से बात करना मेरे लिए एक अभिशाप है जो शिक्षा के महत्व या उनके माता-पिता द्वारा उन पर खर्च किए गए पैसे को नहीं समझते हैं।
40455842,ᱠᱟᱱᱟᱰᱟ ᱨᱮᱭᱟᱜ ᱵᱤᱨ ᱨᱮ ᱞᱟᱜᱟᱣ ᱟᱠᱟᱱ  ᱥᱮᱸᱜᱮᱞ ᱥᱟᱢᱟᱝᱨᱮ ᱦᱚᱲ ᱠᱚ ᱞᱤᱪᱟᱹᱲ ᱠᱚ ᱢᱚᱱᱮᱜ ᱠᱟᱱ ᱛᱟᱦᱮᱱᱟ᱾,People find themselves helpless against the forest fires in Canada.,कनाडा में जंगल की आग के आगे लोग खुद को असहाय पाते हैं।
40465842,᱓ ᱴᱟᱲᱟᱝ ᱠᱷᱚᱱ ᱦᱚᱸ ᱰᱷᱮᱨ ᱚᱠᱛᱚ ᱫᱷᱩᱨᱭᱟᱹ ᱳᱵᱷᱮᱱ ᱨᱮ ᱨᱟᱯᱟᱜ ᱛᱷᱟᱹᱨᱤ ᱫᱚ ᱤᱧ ᱥᱟᱯᱲᱟᱣ ᱛᱟᱭᱚᱢᱤᱧ ᱞᱟᱸᱜᱟ ᱞᱮᱱᱟ ᱟᱨᱤᱧ ᱵᱷᱟᱵᱽᱱᱟ ᱞᱮᱱᱟ ᱾,I was weary and despondent after the dish I prepared over 3 hours got burnt in the oven.,3 घंटे से अधिक समय तक तैयार किया गया मेरा व्यंजन जब ओवन में जल गया तो मैं थका हुआ और निराश था।
40475842,ᱱᱮᱛᱟᱨ ᱡᱚᱠᱷᱚᱱ ᱵᱟᱯᱞᱟ ᱨᱮᱭᱟᱜ ᱠᱷᱚᱨᱚᱪ ᱵᱟᱱᱟᱨ ᱜᱷᱟᱸᱨᱚᱧᱡᱽ ᱥᱚᱢᱟᱱ ᱥᱟᱹᱦᱤᱡ ᱠᱤᱱ ᱜᱚᱜᱟ ᱩᱱᱫᱚ ᱤᱧ ᱱᱤᱨᱟᱹᱭᱤᱧ ᱟᱴᱠᱟᱨᱟ ᱾,It makes me feel at peace nowadays when wedding expenses are borne by both families equally.,आजकल जब शादी का खर्च दोनों परिवार समान रूप से उठाते हैं तो मुझे शांति महसूस होती है।
40485842,ᱮᱴᱟᱜ ᱑᱕ ᱦᱚᱲ ᱵᱟᱹᱛᱷᱤᱞ ᱛᱟᱭᱚᱢ ᱤᱧᱟᱹᱜ ᱥᱤᱨᱡᱟᱹᱣᱟᱜ ᱥᱴᱟᱨᱴᱟᱯ ᱩᱭᱦᱟᱹᱨ ᱩᱛᱱᱟᱹᱣ ᱞᱟᱹᱜᱤᱫ ᱢᱤᱫᱦᱚᱲ ᱵᱷᱤᱥᱤ ᱴᱷᱮᱱ ᱠᱷᱚᱱ ᱡᱟᱣᱨᱟ ᱡᱩᱲᱩ ᱧᱟᱢ ᱞᱟᱹᱜᱤᱫ ᱤᱧ ᱡᱮᱜᱮᱫ ᱨᱮᱭᱟᱜ ᱞᱟᱯᱷᱟᱝ ᱨᱮ ᱢᱤᱱᱟᱹᱧᱟ ᱾,I am on top of the world for receiving funding from a VC to develop my innovative startup idea after 15 others were rejected.,15 अन्य अस्वीकृतियों के बाद अपने अभिनव स्टार्टअप विचार को विकसित करने के लिए वीसी से धन प्राप्त करने पर मैं सातवें आसमान पर हूँ।
40495842,ᱡᱚᱠᱷᱮᱡ ᱜᱮ ᱡᱟᱦᱟᱭ ᱵᱷᱟᱨᱚᱛ ᱨᱮ ᱨᱤᱡᱟᱨᱵᱷᱮᱥᱚᱱ ᱨᱮᱭᱟᱜ ᱠᱟᱛᱷᱟ ᱠᱚ ᱨᱚᱲᱟ ᱩᱱᱜᱮ ᱤᱧᱤᱧ ᱵᱷᱤᱲᱠᱟᱹᱣ ᱩᱛᱟᱹᱨᱚᱜᱼᱟ ᱾,I get provoked every time someone talks about reservation in India.,हर बार जब कोई भारत में आरक्षण की बात करता है तो मैं भड़क जाता हूँ।
40505842,ᱤᱧ ᱦᱮᱱᱰ ᱨᱮᱥᱴ ᱠᱮᱴᱮᱡ ᱥᱟᱹᱦᱤᱦ ᱤᱧ ᱥᱟᱵ ᱠᱮᱫᱟ ᱟᱨ ᱩᱰᱟᱹᱜ ᱜᱟᱹᱰᱤ ᱫᱚ ᱦᱤᱸᱥᱠᱟᱹ ᱚᱥᱟᱱᱛᱤ ᱛᱟᱞᱟᱛᱮ ᱪᱟᱞᱟᱜ ᱠᱟᱱ ᱛᱟᱦᱮᱱᱟ ᱩᱱᱫᱚ ᱤᱧᱟᱹᱜ ᱩᱫᱜᱟᱹᱨ ᱫᱟᱜ ᱡᱚᱨᱚᱜ ᱫᱷᱩᱨᱟᱹᱣ ᱮᱱᱟ ᱾,I clutched the hand rest tightly and started sweating as the plane went through violent turbulence.,विमान में भयंकर अशांति (टर्बुलेंस) से गुजरते ही मैंने हैंडल को कसकर पकड़ लिया और मुझे पसीना आने लगा।
40515842,ᱤᱧ ᱡᱚᱠᱷᱮᱡ ᱠᱮᱫᱳᱜ ᱡᱚᱢ  ᱞᱟᱹᱜᱤᱫ ᱴᱟᱴᱠᱟ ᱥᱚᱵᱡᱤ ᱠᱤᱨᱤᱧᱤᱧ ᱦᱤᱲᱤᱧ ᱠᱮᱫᱟ ᱩᱱᱫᱚ ᱤᱧᱤᱧ ᱩᱫᱟᱹᱥᱮᱱᱟ ᱾,I was crestfallen when I forgot to buy fresh vegetables for dinner.,रात के खाने के लिए ताज़ी सब्जियाँ खरीदना भूल जाने पर मैं उदास हो गया था।
40525842,"ᱱᱚᱶᱟ ᱫᱚ ᱟᱹᱰᱤ ᱫᱩᱨᱵᱷᱟᱹᱜ ᱠᱟᱱᱟ ᱡᱮ, ᱟᱞᱮ ᱟᱞᱮᱭᱟᱜ ᱱᱟᱶᱟ ᱯᱟᱱᱛᱷᱟ ᱞᱟᱹᱜᱤᱫ ᱠᱟᱹᱣᱰᱤ ᱡᱩᱲᱩ ᱵᱟᱝᱞᱮ ᱡᱚᱛᱚᱱ ᱡᱚᱜᱟᱣ ᱫᱟᱲᱮᱭᱟᱫᱟ ᱾",It's unfortunate that we couldn't secure the funding for our new project.,यह दुर्भाग्यपूर्ण है कि हम अपनी नई परियोजना के लिए धन सुरक्षित नहीं कर सके।
40535842,ᱱᱚᱣᱟᱫᱚ ᱚᱯᱚᱢᱟᱱ ᱟᱱᱟᱜ ᱜᱮᱭᱟ ᱡᱚᱠᱷᱚᱱ ᱢᱤᱫᱴᱟᱝ ᱫᱤᱥᱚᱢ ᱮᱴᱟᱜ ᱫᱤᱥᱚᱢ ᱦᱟᱹᱛᱭᱟᱹᱨ ᱮᱢ ᱠᱟᱛᱮ ᱞᱟᱹᱲᱦᱟᱭ ᱨᱮᱭ ᱩᱫᱜᱟᱹᱣᱮᱭᱟ ᱾,It's outrageous when a country encourages war in another by giving them weapons.,यह आक्रोशजनक होता है जब कोई देश दूसरे देश को हथियार देकर युद्ध को बढ़ावा देता है।
40545842,ᱤᱧ ᱵᱷᱟᱨᱚᱛᱤᱭᱟᱹ ᱵᱤᱫᱮᱥ ᱢᱚᱱᱛᱨᱤᱭᱟᱜ ᱱᱳᱴ ᱵᱮᱜᱚᱨ ᱟᱡᱷᱟᱴ ᱠᱩᱠᱞᱤ ᱥᱟᱢᱲᱟᱣ ᱨᱮᱱ ᱫᱟᱲᱮ ᱧᱮᱞ ᱠᱟᱛᱮᱧ ᱦᱟᱦᱟᱲᱟᱜ ᱟᱠᱟᱱᱟ ᱾,I was stunned by the Indian Foreign Minister's ability to handle difficult questions without notes!,बिना नोट्स के कठिन सवालों को संभालने की भारतीय विदेश मंत्री की क्षमता देखकर मैं स्तब्ध रह गया!
40555842,ᱤᱧ ᱡᱚᱠᱷᱚᱱ ᱥᱤᱠᱤᱣᱤᱨᱴᱤ ᱦᱚᱲᱤᱧ ᱵᱟᱰᱟᱭ ᱟᱪᱚ ᱠᱮᱫᱮᱭᱟ ᱟᱨ ᱩᱱᱤ ᱱᱟᱯᱟᱭᱛᱮ ᱚᱱᱟᱭ ᱥᱤᱠᱟᱹᱨ ᱠᱮᱫ ᱠᱷᱟᱱ ᱤᱧ ᱟᱹᱰᱤ ᱥᱟᱹᱱᱛᱤᱧ ᱟᱹᱭᱠᱟᱹᱣ ᱠᱮᱫᱟ ᱾,"I felt a great sense of peace when I tipped the security person, and he accepted it gracefully.",जब मैंने सुरक्षाकर्मी को टिप दी और उसने इसे शालीनता से स्वीकार किया तो मुझे बहुत शांति महसूस हुई।
40565842,ᱠᱤᱪᱷᱩ ᱴᱤᱵᱷᱤ ᱥᱤᱨᱤᱭᱟᱞ ᱱᱩᱱᱟᱹᱜ ᱵᱟᱹᱲᱤᱡᱟ ᱟᱨ ᱛᱟᱭᱚᱢ ᱯᱟᱸᱡᱟᱣᱟᱱᱼᱟ ᱮᱱᱛᱮᱦᱚᱸ ᱦᱚᱲ ᱚᱱᱟ ᱠᱚ ᱧᱮᱞᱟ ᱾,Some of the TV serials are so negative and regressive and yet people watch them.,कुछ टीवी धारावाहिक इतने नकारात्मक और प्रतिगामी होते हैं और फिर भी लोग उन्हें देखते हैं।
40575842,ᱤᱧ ᱟᱹᱰᱤᱜᱮᱧ ᱟᱹᱲᱤᱥ ᱟᱠᱟᱱᱟ ᱡᱮ ᱥᱤᱱᱮᱢᱟ ᱦᱚᱞ ᱠᱚᱫᱚ ᱯᱩᱨᱩᱫᱷᱩᱞ ᱦᱚᱲ ᱠᱚᱣᱟᱜ ᱞᱟᱹᱠᱛᱤᱭᱟᱱ ᱠᱚᱠᱚ ᱮᱛᱚᱢ ᱮᱫᱟ ᱾,I am so annoyed that the cinema halls are ignoring the needs of the elderly population.,मुझे बहुत गुस्सा आ रहा है कि सिनेमा हॉल बुजुर्ग आबादी की जरूरतों की अनदेखी कर रहे हैं।
40585842,ᱠᱩᱠᱢᱩᱛᱮ ᱡᱚᱠᱷᱚᱱ ᱥᱚᱝᱠᱚᱨᱟᱪᱟᱨᱡᱚ ᱴᱟᱴᱠᱟᱜᱮ ᱤᱧ ᱥᱟᱢᱟᱝ ᱨᱮᱭ ᱦᱮᱡ ᱮᱱᱠᱷᱟᱱ ᱢᱚᱪᱟ ᱠᱷᱚᱱ ᱨᱚᱲᱜᱮ ᱵᱟᱝ ᱳᱰᱳᱠ ᱞᱮᱱ ᱛᱤᱧᱟᱹ ᱾,No words came out when the Sankaracharya suddenly appeared in front of me in a dream.,जब शंकराचार्य सपने में अचानक मेरे सामने प्रकट हुए तो कोई शब्द नहीं निकला।
40595842,ᱤᱧ ᱡᱚᱠᱷᱮᱡ ᱢᱤᱫᱴᱟᱝ ᱵᱟᱝ ᱧᱟᱢᱚᱜ ᱢᱟᱨᱮᱱ ᱡᱤᱱᱤᱥ ᱴᱷᱤᱠ ᱥᱟᱹᱦᱤᱡ ᱜᱚᱱᱚᱝ ᱛᱮᱧ ᱟᱹᱠᱷᱨᱤᱧ ᱠᱮᱫ ᱠᱷᱟᱱ ᱤᱧ ᱟᱹᱰᱤᱧ ᱠᱩᱥᱤᱭᱮᱱᱟ ᱾,I was chuffed when I sold a rare antique for a substantial sum.,जब मैंने एक दुर्लभ प्राचीन वस्तु को एक बड़ी राशि में बेचा तो मैं बहुत खुश हुआ।
40605842,ᱤᱧ ᱤᱧᱟᱹᱜ ᱯᱩᱲᱥᱤ ᱨᱮ ᱠᱚᱢ ᱨᱚᱡᱜᱟᱨᱟᱱ ᱜᱷᱟᱨᱚᱸᱡᱽ ᱠᱚ ᱞᱟᱹᱜᱤᱫ ᱥᱚᱨᱯᱷᱟ ᱜᱚᱱᱚᱝ ᱨᱮᱭᱟᱜ ᱦᱟᱣᱩᱡᱤᱝ ᱚᱯᱥᱚᱱ ᱮᱨᱭᱟᱜ ᱚᱵᱷᱟᱵ ᱛᱮ ᱟᱹᱰᱤᱧ ᱱᱤᱨᱟᱥ ᱜᱮᱭᱟ ᱾,I am so frustrated with the lack of affordable housing options for low-income families in my neighborhood.,मैं अपने पड़ोस में कम आय वाले परिवारों के लिए किफायती आवास विकल्पों की कमी से बहुत निराश हूँ।
40615842,ᱤᱧᱤᱡ ᱜᱤᱫᱽᱨᱟᱹ ᱤᱫᱤ ᱠᱟᱛᱮ ᱢᱟᱪᱮᱫᱟᱜ ᱢᱚᱛᱟᱢᱚᱛ ᱧᱮᱞ ᱠᱟᱛᱮ ᱫᱟᱨᱟᱭᱠᱟᱱ ᱠᱷᱟᱹᱢᱤᱫᱼᱢᱟᱪᱮᱫ ᱫᱩᱯᱩᱲᱩᱵ ᱤᱫᱤ ᱠᱟᱛᱮᱜ ᱛᱷᱚᱲᱟ ᱪᱤᱱᱛᱟᱹᱧ ᱵᱩᱡᱷᱟᱹᱣ ᱮᱫᱟ ᱾,I'm feeling a bit on edge about the upcoming parent-teacher meeting considering the teacher's views about my child.,मेरे बच्चे के बारे में शिक्षक के विचारों को देखते हुए मैं आगामी अभिभावक-शिक्षक बैठक को लेकर थोड़ा तनाव में हूँ।
40625842,ᱤᱧ ᱤᱧᱨᱮᱱ ᱠᱞᱟᱭᱮᱱᱴ ᱠᱚ ᱥᱟᱞᱟᱜ ᱡᱚᱦᱚᱲᱤᱧ ᱛᱟᱦᱮᱸ ᱠᱟᱱᱟ ᱡᱚᱠᱷᱮᱡ ᱩᱱᱤ ᱫᱚᱞ ᱨᱮᱭᱟᱜ ᱵᱷᱟᱜᱮ ᱞᱟᱹᱜᱤᱫ ᱵᱚᱦᱚᱜ ᱵᱟᱭ ᱞᱚᱞᱚᱭᱟ ᱟᱨ ᱩᱱᱠᱩᱣᱟᱜ ᱖ ᱪᱟᱸᱫᱳ ᱞᱟᱹᱜᱤᱫ ᱦᱟᱯᱛᱟᱨᱮ ᱗ ᱫᱤᱱ ᱠᱟᱹᱢᱤᱭ ᱞᱟᱹᱭ ᱞᱮᱫᱟ ᱾,I was wild with our client when she did not bother about the team's well-being and asked them to work 7 days a week for 6 months.,मैं अपने क्लाइंट से बहुत नाराज था जब उसने टीम की भलाई की परवाह नहीं की और उनसे 6 महीने तक हफ्ते के सातों दिन काम करने को कहा।
40635842,ᱤᱧ ᱥᱩᱱᱩᱢᱟᱱ ᱡᱚᱢᱟᱜ ᱡᱚᱢ ᱨᱮᱭᱟᱜ ᱡᱟᱦᱟᱱ ᱵᱟᱹᱲᱤᱡ ᱮᱥᱮᱨ ᱟᱹᱭᱠᱟᱹᱣ ᱞᱟᱹᱜᱤᱫ ᱥᱟᱦᱮᱫ ᱠᱚᱥᱴᱚ ᱨᱮᱦᱚᱧ ᱛᱟᱸᱜᱤ ᱛᱟᱦᱮᱫ ᱡᱚᱠᱷᱮᱡ ᱤᱧ ᱟᱸᱡᱚᱢ ᱠᱮᱫᱟ ᱡᱮ ᱱᱚᱶᱟ ᱡᱚᱢ ᱠᱟᱛᱮ ᱟᱭᱢᱟ ᱦᱚᱲ ᱠᱚ ᱡᱚᱠᱚᱢ ᱟᱠᱟᱱᱟ ᱾,I waited with bated breath to feel any ill-effects of eating oily food when I heard that a number of people had fallen sick eating it.,"जब मैंने सुना कि कई लोग तैलीय खाना खाकर बीमार पड़ गए हैं, तो मैं सांस रोककर किसी भी बुरे प्रभाव को महसूस करने का इंतजार कर रहा था।"
40645842,ᱴᱩᱨ ᱠᱳᱢᱯᱟᱱᱤ ᱫᱚ ᱩᱱᱠᱩᱭᱟᱜ ᱵᱳᱨᱥᱩᱨ ᱨᱮ ᱠᱟᱛᱷᱟ ᱞᱮᱠᱟᱛᱮ ᱟᱞᱮᱭᱟᱜ ᱜᱨᱩᱯ ᱞᱟᱹᱜᱤᱫ ᱥᱟᱜᱟᱲᱚᱢ ᱨᱮᱭᱟᱜ ᱵᱚᱱᱫᱮᱡ ᱵᱟᱭ ᱠᱚᱨᱟᱣ ᱟᱠᱟᱫᱟ ᱟᱨ ᱱᱚᱶᱟ ᱫᱚ ᱟᱞᱮ ᱡᱚᱛᱚ ᱦᱚᱲ ᱟᱹᱰᱤ ᱵᱚᱛᱚᱨ ᱥᱟᱹᱦᱤᱡ ᱮ ᱟᱹᱲᱤᱥ ᱦᱚᱪᱚ ᱟᱠᱟᱫ ᱞᱮᱭᱟ ᱾,The tour company didn't arrange transportation for our group as promised in their brochure and that upset us all terribly.,टूर कंपनी ने अपने ब्रोशर में किए गए वादे के मुताबिक हमारे समूह के लिए परिवहन की व्यवस्था नहीं की और इससे हम सभी बहुत परेशान हुए।
40655842,"ᱢᱤᱫᱴᱟᱝ ᱯᱷᱟᱭᱱᱮᱱᱥ ᱠᱳᱢᱯᱟᱱᱤ ᱨᱮᱱ ᱜᱟᱹᱞᱤᱢ ᱦᱚᱲ ᱠᱚᱣᱟᱜ ᱠᱟᱣᱰᱤ ᱤᱫᱤ ᱠᱟᱛᱮᱫ ᱫᱟᱹᱲ ᱞᱮᱫᱟ, ᱚᱱᱟ ᱛᱟᱭᱚᱢ ᱛᱷᱟᱹᱱᱤᱛ ᱦᱚᱲ ᱠᱚ ᱩᱱᱠᱩ ᱴᱚᱴᱷᱟ ᱨᱮᱭᱟᱜ ᱜᱟᱹᱰᱤ ᱜᱷᱚᱲᱟ ᱨᱮᱠᱚ ᱦᱟᱢᱞᱟ ᱞᱮᱫᱟ ᱾",Locals ran amuck and attacked vehicles in their area after a finance company owner absconded with the people's money.,एक फाइनेंस कंपनी के मालिक द्वारा लोगों का पैसा लेकर भाग जाने के बाद स्थानीय लोगों ने हंगामा किया और अपने इलाके में वाहनों पर हमला किया।
40665842,ᱢᱚᱱᱮ ᱦᱩᱭᱩᱜ ᱠᱟᱱᱟ ᱡᱮ ᱤᱧ ᱢᱤᱫᱴᱟᱝ ᱜᱟᱹᱦᱤᱨ ᱫᱟᱸᱫᱮᱨ ᱨᱮ ᱛᱤᱸᱜᱩ ᱢᱤᱱᱟᱹᱧᱟ ᱡᱚᱠᱷᱚᱡ ᱤᱧ ᱱᱚᱝᱠᱟᱱ ᱢᱤᱫᱴᱟᱝ ᱠᱟᱹᱢᱤ ᱵᱤᱨᱩᱫᱷ ᱨᱮᱧ ᱛᱟᱦᱮᱱᱟ ᱚᱱᱟ ᱠᱚᱨᱟᱣ ᱫᱚ ᱚᱥᱟᱢᱵᱷᱮᱲ ᱢᱮᱱᱛᱮ ᱢᱚᱱᱮ ᱦᱩᱭᱩᱜᱼᱟ ᱾,It feels like I'm standing on the edge of an abyss when I am up against a task that seems impossible to carry out.,जब मैं किसी ऐसे काम के सामने होता हूँ जिसे पूरा करना असंभव लगता है तो ऐसा लगता है जैसे मैं किसी खाई के किनारे खड़ा हूँ।
40675842,ᱤᱧ ᱫᱟᱨᱟᱭ ᱠᱟᱱ ᱮᱠᱚᱛᱨᱤᱼᱠᱚᱨᱚᱱ ᱟᱨ ᱟᱨᱡᱟᱣ ᱨᱮᱭᱟᱜ ᱠᱟᱹᱢᱤᱦᱚᱨᱟ ᱵᱟᱨᱮᱛᱮ ᱪᱤᱱᱛᱟᱹᱧ ᱟᱹᱭᱠᱟᱹᱣ ᱮᱫᱟ ᱡᱮ ᱱᱚᱶᱟ ᱫᱚ ᱱᱟᱯᱟᱭᱛᱮ ᱵᱟᱝ ᱪᱟᱞᱟᱜᱼᱟ ᱾,I'm feeling a sense of anxiety about the upcoming merger and acquisition activity that it won't go smoothly.,मुझे आगामी विलय और अधिग्रहण गतिविधि के बारे में चिंता की भावना महसूस हो रही है कि यह सुचारू रूप से नहीं होगा।
40685842,ᱡᱚᱠᱷᱚᱱ ᱤᱧ ᱠᱩᱢᱵᱷᱚᱞᱜᱚᱲ ᱜᱟᱲ ᱤᱧ ᱧᱮᱞ ᱟᱹᱪᱩᱨᱟ ᱩᱱᱫᱚ ᱤᱧ ᱱᱚᱝᱠᱟᱧ ᱵᱩᱡᱷᱟᱹᱣᱟ ᱡᱮᱢᱚᱱ ᱤᱧᱫᱚ ᱨᱟᱹᱯᱩᱫ ᱟᱠᱟᱱ ᱠᱩᱠᱢᱩ ᱨᱮᱭᱟᱜ ᱴᱟᱺᱰᱤ  ᱛᱟᱞᱟᱛᱤᱧ ᱯᱟᱨᱚᱢᱚᱜ ᱠᱟᱱᱟ ᱾,I feel like I'm walking through a field of broken dreams when I visit Kumbhalgarh fort.,जब मैं कुंभलगढ़ किले का दौरा करता हूँ तो मुझे लगता है जैसे मैं टूटे हुए सपनों के मैदान से गुजर रहा हूँ।
40695842,ᱨᱮᱥᱛᱳᱨᱟ ᱫᱚ ᱯᱳᱭᱞᱳ ᱨᱮ ᱤᱧ ᱛᱟᱭᱚᱢ ᱠᱚ ᱦᱮᱡ ᱟᱠᱟᱱ ᱦᱚᱲᱮ ᱟᱹᱲᱛᱤᱭᱟᱜ ᱠᱚᱣᱟ ᱟᱨ ᱱᱚᱶᱟ ᱫᱚ ᱤᱧᱮ ᱟᱹᱲᱤᱥ ᱦᱚᱪᱚ ᱟᱠᱟᱫᱤᱧᱟᱹ ᱾,The restaurant served people who came after me first and that made me resentful.,रेस्टोरेंट ने मेरे बाद आने वाले लोगों को पहले खाना परोसा और इससे मुझे बहुत बुरा लगा।
40705842,ᱤᱧ ᱢᱩᱪᱟᱹᱫᱨᱮ ᱱᱚᱝᱠᱟ ᱢᱤᱫᱦᱚᱲ ᱧᱟᱢ ᱠᱟᱛᱮᱧ ᱨᱩᱢᱩᱧ ᱮᱱᱟ ᱡᱟᱦᱟᱸᱭ ᱮ ᱵᱩᱡᱷ ᱫᱟᱲᱮᱭᱟᱜᱼᱟ ᱪᱮᱫᱟᱜ ᱤᱧᱟᱹᱜ ᱯᱷᱨᱤᱡᱽ ᱚᱱᱠᱟ ᱵᱚᱛᱚᱨ ᱜᱮᱭ ᱥᱟᱹᱰᱮ ᱠᱟᱱᱟ ᱼ ᱱᱚᱶᱟ ᱫᱚ ᱠᱚᱭᱮᱠ ᱦᱟᱯᱛᱟ ᱦᱟᱹᱵᱤᱡ ᱤᱧᱮ ᱟᱹᱲᱤᱥ ᱦᱚᱪᱚᱭᱤᱧ ᱠᱟᱱᱟ ᱾,I'm thrilled to finally have someone who understands why my fridge is making that terrible noise – it's been bothering me for weeks!,मुझे आखिरकार कोई ऐसा व्यक्ति मिल गया है जो समझता है कि मेरा फ्रिज वह भयानक आवाज क्यों कर रहा है - यह मुझे हफ्तों से परेशान कर रहा है!
40715842,"ᱤᱧ ᱨᱮᱞ ᱳᱭᱮ ᱵᱩᱠᱤᱝ ᱠᱞᱟᱨᱠ ᱪᱮᱛᱟᱱ ᱨᱮ ᱤᱧ ᱫᱚ ᱟᱹᱰᱤ ᱵᱟᱝ ᱤᱧ ᱟᱥᱟᱣ ᱞᱮᱱᱟ, ᱡᱚᱠᱷᱚᱱ ᱩᱱᱤ ᱫᱚ ᱤᱧ ᱪᱮᱱᱱᱟᱭ ᱠᱷᱚᱱ ᱫᱤᱞᱞᱤ ᱫᱷᱟᱹᱵᱤᱡ ᱢᱤᱫᱴᱟᱝ ᱴᱮᱨᱮᱱ ᱛᱚᱞᱟᱥ ᱨᱮ ᱜᱚᱲᱚ ᱞᱟᱹᱜᱤᱫ ᱛᱮ ᱵᱟᱝ ᱮ ᱡᱷᱩᱸᱠ ᱞᱮᱫᱟ ᱾",I feel a strong revulsion towards the railway booking clerk when he shows no interest in helping me find a train from Chennai to Delhi.,जब रेलवे बुकिंग क्लर्क चेन्नई से दिल्ली के लिए ट्रेन खोजने में मेरी मदद करने में कोई दिलचस्पी नहीं दिखाता है तो मुझे उसके प्रति तीव्र घृणा महसूस होती है।
40725842,"ᱤᱧ ᱵᱮᱥᱤᱠ ᱥᱟᱨᱵᱷᱤᱥᱤᱝ ᱞᱟᱹᱜᱤᱫ ᱡᱩᱠᱛᱤᱭᱟᱱᱟᱜ ᱜᱚᱱᱚᱝ ᱤᱧ ᱟᱥ ᱞᱮᱱᱟ, ᱢᱮᱱᱠᱷᱟᱱ ᱱᱚᱶᱟ ᱵᱤᱞ ᱫᱚ ᱦᱟᱭᱣᱭᱮ ᱰᱟᱹᱠᱟᱹᱛᱤ ! ᱟᱢ ᱪᱮᱫ ᱤᱧ ᱥᱟᱞᱟᱜ ᱮᱢ ᱢᱚᱡᱟᱭᱫᱟ ?","I expected a reasonable price for basic servicing, but this bill is highway robbery! Are you kidding me?","मुझे बुनियादी सर्विसिंग के लिए उचित मूल्य की उम्मीद थी, लेकिन यह बिल दिनदहाड़े लूट है! क्या आप मजाक कर रहे हैं?"
40735842,ᱡᱚᱢᱡᱤᱨᱟᱹᱣ ᱚᱲᱟᱜ ᱨᱮᱭᱟᱜ ᱯᱚᱨᱤᱥᱮᱵᱟ ᱠᱷᱚᱱ ᱢᱚᱱᱚᱡᱳᱜ ᱟᱨ ᱡᱚᱛᱚᱱ ᱨᱮᱭᱟᱜ ᱛᱷᱟᱨ ᱤᱧᱟᱹᱜ ᱥᱟᱱᱟᱢ ᱞᱮᱠᱟᱱ ᱩᱯᱟᱹᱭ ᱨᱮ ᱜᱟᱨᱰ ᱮ ᱦᱟᱹᱯᱤᱫ ᱟᱠᱟᱫᱟ ; ᱩᱱᱠᱩᱫᱚ ᱢᱤᱫᱴᱟᱝ ᱩᱭᱦᱟᱹᱨᱟᱱ ᱰᱟᱭᱱᱤᱝ ᱨᱮᱭᱟᱜ ᱵᱩᱡᱩᱱ ᱜᱚᱴᱟᱭ ᱞᱟᱹᱜᱤᱫ ᱪᱮᱛᱟᱱ ᱨᱮ ᱟᱨ ᱚᱱᱟ ᱵᱟᱦᱚᱨᱮᱠᱚ ᱪᱟᱞᱟᱣ ᱟᱠᱟᱱᱟ ᱾,The level of attention and care from the restaurant service has caught me off guard in the best way possible; they've gone above and beyond to ensure a memorable dining experience.,रेस्टोरेंट सेवा से मिले ध्यान और देखभाल के स्तर ने मुझे सर्वोत्तम संभव तरीके से चकित कर दिया है; उन्होंने एक यादगार भोजन अनुभव सुनिश्चित करने के लिए अपेक्षा से कहीं अधिक काम किया है।
40745842,ᱤᱧᱤᱧ ᱨᱟᱹᱥᱠᱟᱹ ᱟᱠᱟᱱᱟ ᱡᱮ ᱟᱞᱮᱴᱷᱮᱱ ᱜᱟᱹᱠᱷᱩᱲᱟᱱ ᱠᱷᱟᱹᱨᱟᱹᱭ ᱠᱟᱹᱢᱤᱭᱟᱹ ᱢᱮᱱᱟᱜ ᱠᱚᱣᱟ ᱡᱟᱦᱟᱸ ᱫᱚ ᱵᱷᱚᱨᱥᱟᱣᱟᱱ ᱫᱩᱨᱤᱵ ᱠᱚ ᱟᱛᱮ ᱦᱟᱥᱟ ᱞᱟ ᱟᱨ ᱨᱚᱦᱚᱭ ᱞᱟᱹᱜᱤᱫ ᱠᱚ ᱥᱟᱯᱲᱟᱣᱟ ᱾,I am glad we have skilled farm labour to till the soil with reliable tools and prepare it for planting.,मुझे खुशी है कि हमारे पास विश्वसनीय उपकरणों के साथ मिट्टी की जुताई करने और इसे रोपण के लिए तैयार करने के लिए कुशल कृषि मजदूर हैं।
40755842,ᱤᱧ ᱤᱧᱟᱹᱜ ᱜᱟᱹᱰᱤ ᱞᱟᱹᱜᱤᱫ ᱢᱮᱠᱟᱱᱤᱠ ᱟᱜ ᱵᱚᱱᱚᱫᱚᱞ ᱨᱮᱭᱟᱜ ᱯᱚᱨᱟᱢᱚᱥ ᱛᱮᱧ ᱪᱚᱢᱠᱟᱣ ᱟᱠᱟᱱᱟ  ᱾ ᱱᱤᱛ ᱱᱚᱣᱟ ᱨᱮᱭᱟᱜ ᱢᱤᱫ ᱵᱷᱮᱜᱟᱨ ᱯᱟᱨᱥᱳᱱᱟᱞᱤᱴᱤ ᱢᱮᱱᱟᱜ ᱟᱠᱟᱫᱟ ᱡᱟᱦᱟᱸ ᱫᱚ ᱤᱧ ᱥᱟᱞᱟᱜ ᱟᱹᱰᱤ ᱢᱟᱱᱟᱜᱼᱟ ᱾,I'm thrilled with the mechanic's modification suggestions for my car. It now has a unique personality that suits me perfectly.,मेरी कार के लिए मैकेनिक के संशोधन सुझावों से मैं रोमांचित हूँ। अब इसका एक अनूठा व्यक्तित्व है जो मुझ पर पूरी तरह से सूट करता है।
40765842,ᱮᱯᱟᱨᱴᱢᱮᱱᱴ ᱠᱚᱢᱯᱞᱮᱠᱥ ᱨᱮᱭᱟᱜ ᱫᱷᱟᱨ ᱵᱟᱸᱠ ᱫᱚ ᱟᱹᱰᱤ ᱠᱮᱴᱮᱡᱼᱟ ᱟᱨ ᱤᱧ ᱡᱟᱦᱟᱸ ᱚᱠᱛᱮ ᱤᱧ ᱪᱟᱞᱟᱣᱚᱜᱼᱟ ᱩᱱᱫᱚ ᱤᱧ ᱨᱟᱫᱟᱜ ᱫᱟᱹᱲᱟᱱ  ᱜᱤᱫᱽᱨᱟᱹ ᱠᱚ ᱜᱷᱟᱹᱞ ᱞᱟᱹᱜᱤᱫ ᱮᱤᱧ ᱵᱚᱛᱚᱨᱚᱜᱼᱟ ᱾,The sharp turn in the apartment complex is always tricky and I am afraid of hitting wildly running kids when I drive in.,अपार्टमेंट परिसर में तीखा मोड़ हमेशा मुश्किल होता है और जब मैं अंदर गाड़ी चलाता हूँ तो मुझे बेतहाशा दौड़ते बच्चों को टक्कर मारने का डर रहता है।
40775842,ᱱᱚᱶᱟ ᱫᱚ ᱯᱟᱹᱛᱭᱟᱹᱣ ᱜᱟᱱᱚᱜ ᱞᱮᱠᱟᱱ  ᱡᱟᱦᱟᱸ ᱤᱞᱮᱠᱴᱨᱮᱠ ᱫᱳᱠᱟᱱ ᱫᱚ ᱩᱱᱠᱩᱭᱟᱜ ᱟᱭᱴᱮᱢ ᱠᱚ ᱪᱮᱛᱟᱱ ᱨᱮ ᱱᱚᱝᱠᱟᱱ ᱢᱤᱫᱴᱟᱝ ᱟᱹᱰᱤ ᱰᱷᱮᱨ ᱳᱣᱟᱨᱮᱱᱴᱤ ᱟᱨ ᱨᱩᱣᱟᱹᱲ ᱨᱮᱭᱟᱜ ᱟᱹᱨᱤ ᱠᱚ ᱮᱢᱚᱜᱼᱟ ᱾,It's reassuring that the electrical store offers such a comprehensive warranty and return policy on their items.,यह आश्वस्त करने वाला है कि बिजली की दुकान अपनी वस्तुओं पर इतनी व्यापक वारंटी और वापसी नीति प्रदान करती है।
40785842,"ᱱᱩᱱᱟᱹᱜ ᱥᱮᱨᱢᱟ ᱛᱟᱭᱚᱢ , ᱤᱧ ᱫᱚ ᱱᱚᱶᱟ ᱵᱷᱟᱵᱱᱟ ᱜᱤᱧ ᱢᱚᱱᱮᱭᱟ ᱡᱟᱦᱟᱸᱭ ᱦᱚᱲ ᱠᱚ ᱢᱟᱱᱚᱵᱚᱛᱟ ᱠᱷᱟᱹᱛᱤᱨ ᱦᱟᱵᱚᱞ  ᱴᱮᱞᱤᱥᱠᱳᱯ ᱨᱮᱭᱟᱜ ᱜᱚᱱᱚᱝ ᱤᱫᱤ ᱠᱟᱛᱮ ᱠᱩᱠᱞᱤ ᱠᱚ ᱨᱟᱠᱟᱵᱟ ᱾","After all these years, I find it disheartening that people question the value of the Hubble telescope for humanity.","इतने सालों के बाद, मुझे यह देखकर निराशा होती है कि लोग मानवता के लिए हबल टेलीस्कोप के मूल्य पर सवाल उठाते हैं।"
40795842,"ᱤᱧ ᱤᱧᱨᱮᱱ ᱵᱚᱥ ᱫᱟᱨᱟᱭᱛᱮ ᱤᱧᱟᱹᱜ ᱚᱱᱚᱞ ᱨᱮᱭᱟᱜ ᱢᱤᱫᱴᱟᱝ ᱫᱚᱲᱦᱟ ᱜᱟᱞᱚᱪ ᱞᱟᱹᱜᱤᱫ ᱤᱧ ᱡᱮᱞᱮᱧ ᱥᱟᱸᱦᱮᱫ ᱦᱟᱛᱟᱣ ᱠᱟᱛᱤᱧ ᱛᱟᱺᱜᱤ ᱞᱮᱫᱟ, ᱢᱮᱱᱠᱷᱟᱱ ᱡᱚᱠᱷᱚᱱ ᱤᱧ ᱟᱹᱰᱤᱧ ᱟᱸᱥ ᱞᱮᱱᱟ ᱩᱱ ᱱᱚᱶᱟ ᱦᱮᱡ ᱞᱮᱱᱟ ᱾","I waited with bated breath for a review of my article by my boss, but it came when I least expected it.","मैंने अपने बॉस द्वारा अपने लेख की समीक्षा का सांस रोककर इंतजार किया, लेकिन यह तब आया जब मुझे इसकी सबसे कम उम्मीद थी।"
40805842,ᱤᱧ ᱪᱮᱱᱱᱟᱭ ᱨᱮᱭᱟᱜ ᱱᱚᱶᱟ ᱛᱷᱟᱹᱱᱤᱭᱚ ᱵᱤᱭᱟᱨ ᱵᱟᱹᱧ ᱥᱟᱦᱟᱣ ᱫᱟᱲᱮᱭᱟᱜᱼᱟ ᱚᱡᱮᱫᱚ ᱱᱚᱶᱟ ᱢᱮᱞᱟᱱ ᱟᱨ ᱵᱚᱛᱚᱨᱟᱱᱟᱜ ᱾,I can't stand the taste of this local beer from Chennai because it's flat and terrible.,मैं चेन्नई की इस स्थानीय बीयर का स्वाद बर्दाश्त नहीं कर सकता क्योंकि यह बेस्वाद और भयानक है।
40815842,ᱤᱧ ᱥᱟᱹᱨᱤ ᱜᱮ ᱫᱩᱠᱤᱧ ᱥᱚᱫᱚᱨ ᱮᱫᱟ ᱡᱮ ᱤᱧ ᱤᱧᱨᱮᱱ ᱦᱟᱲᱟᱢᱼᱵᱩᱰᱷᱤ ᱟᱭᱳᱼᱵᱟᱵᱟ ᱠᱤᱱ ᱵᱟᱹᱧ ᱡᱚᱛᱚᱱ ᱫᱟᱲᱮᱭᱟᱠᱤᱱ ᱠᱟᱱᱟ ᱾,I'm really saddened by the fact that I can't afford to take care of my aging parents.,मुझे इस बात से सचमुच बहुत दुख होता है कि मैं अपने बूढ़े माता-पिता की देखभाल करने का खर्च नहीं उठा सकता।
40825842,ᱠᱞᱟᱭᱮᱱᱴ ᱥᱩᱯᱟᱨᱵᱷᱟᱭᱡᱟᱨ ᱴᱷᱮᱱ ᱠᱷᱚᱱ ᱱᱟᱣᱟᱱ ᱥᱟᱯᱷᱟᱭ ᱨᱮᱭᱟᱜ ᱠᱟᱭᱫᱩᱥ ᱠᱚ ᱞᱟᱹᱜᱤᱫ ᱥᱟᱨᱦᱟᱣ ᱛᱮ ᱯᱮᱨᱮᱡ ᱛᱟᱦᱮᱸ ᱠᱟᱱᱟ ᱡᱟᱸᱡᱟᱫᱚ ᱟᱯᱷᱤᱥ ᱴᱟᱴᱠᱟ ᱟᱨ ᱱᱮᱣᱛᱟ ᱠᱚ ᱵᱟᱰᱟᱭ ᱦᱚᱪᱚ ᱠᱚᱣᱟ ᱾,The client was full of praise for the new cleaning techniques from the supervisor that kept the office fresh and inviting.,पर्यवेक्षक की नई सफाई तकनीकों के लिए मुवक्किल प्रशंसा से भरा हुआ था जिसने कार्यालय को ताज़ा और आकर्षक बनाए रखा।
40835842,ᱡᱚᱠᱷᱚᱱ ᱤᱧᱨᱮᱱ ᱵᱚᱥ ᱠᱤᱫᱩᱵᱽ ᱮ ᱦᱤᱡᱩᱜᱼᱟ ᱴᱷᱤᱠ ᱩᱱᱜᱮ ᱤᱧᱨᱮᱱ ᱤᱥᱤᱱᱤᱡ ᱪᱷᱩᱴᱤᱭ ᱦᱟᱛᱟᱣ ᱞᱮᱫᱟ ᱾,I was enraged when my cook took the day off just when my boss came to dinner.,मुझे बहुत गुस्सा आया जब मेरे रसोइये ने ठीक उसी दिन छुट्टी ले ली जब मेरे बॉस रात के खाने पर आए थे।
40845842,"ᱤᱧ ᱥᱟᱹᱨᱤᱜᱮ ᱨᱤᱦᱟᱹᱭ ᱤᱧ  ᱧᱟᱢ ᱟᱠᱟᱫᱟ ᱡᱮ, ᱵᱷᱤ ᱯᱤ ᱫᱚ ᱤᱧᱟᱹᱜ ᱤᱧᱡᱤᱱ ᱨᱮᱭᱟᱜ ᱟᱱᱟᱴ ᱨᱮ ᱜᱚᱲᱚ ᱮᱢ ᱞᱟᱹᱜᱤᱫ ᱪᱮᱱᱱᱟᱭ ᱨᱮᱱ ᱢᱤᱫ ᱟᱹᱠᱤᱞᱟᱱ ᱦᱚᱲ  ᱾",I'm really relieved that VP is such a knowledgeable service person in Chennai to help me with my engine trouble.,मुझे सचमुच बहुत राहत मिली है कि मेरी इंजन की परेशानी में मेरी मदद करने के लिए वीपी चेन्नई में इतना जानकार सर्विस व्यक्ति है।
40855842,ᱤᱧ ᱛᱤᱥᱦᱚᱸ ᱵᱟᱹᱧ ᱵᱩᱡᱷᱟᱹᱣ ᱫᱟᱲᱮᱠᱟᱣᱫᱟ ᱡᱮ ᱤᱧᱟᱹᱜ ᱡᱤᱭᱚᱱ ᱨᱮ ᱛᱤᱱᱟᱹᱜ ᱪᱟᱯ ᱟᱨ ᱩᱭᱦᱟᱹᱨ ᱤᱧᱮ ᱟᱴᱚᱠ ᱫᱚᱦᱚ  ᱟᱠᱟᱫᱤᱧᱟᱹ ᱾ᱱᱚᱶᱟ ᱠᱟᱣᱩᱱᱥᱤᱞᱝ ᱦᱚᱨᱟ ᱫᱚ ᱯᱩᱨᱟᱹᱯᱩᱨᱤ ᱱᱟᱣᱟᱱ ᱧᱮᱞᱟᱹᱨᱤ ᱨᱮ ᱤᱧᱟᱹᱜ ᱢᱮᱫ ᱮ ᱵᱩᱥᱟᱹᱲ ᱟᱠᱟᱫᱟ !,I never realized how much stress and anxiety were holding me back in my life. This counseling process has opened my eyes to a whole new perspective!.,मुझे कभी एहसास नहीं हुआ कि तनाव और चिंता मुझे मेरे जीवन में कितना पीछे रोक रहे थे। इस परामर्श प्रक्रिया ने मेरी आँखों को एक बिल्कुल नए दृष्टिकोण के लिए खोल दिया है!
40865842,ᱠᱞᱟᱭᱮᱱᱴ ᱜᱟᱦᱟᱠ ᱠᱚ ᱴᱷᱮᱱ ᱵᱤᱞᱚᱢ ᱟᱠᱟᱱ ᱰᱮᱞᱤᱵᱷᱟᱨᱤ ᱵᱟᱵᱟᱚᱫᱽ ᱢᱤᱫᱴᱟᱝ ᱠᱞᱟᱭᱮᱱᱴ ᱨᱮᱭᱟᱜ ᱞᱟᱞᱤᱥ ᱥᱚᱞᱦᱮ ᱵᱟᱨᱮᱛᱮ ᱤᱧ ᱪᱤᱱᱛᱟᱹ ᱨᱮ ᱢᱤᱱᱟᱹᱧᱼᱟ ᱾,I'm concerned about addressing a client's complaint regarding the late delivery to the client's customers.,मैं मुवक्किल के ग्राहकों को देर से डिलीवरी के संबंध में मुवक्किल की शिकायत को हल करने को लेकर चिंतित हूँ।
40875842,᱒᱐ ᱴᱟᱠᱟ ᱜᱚᱱᱚᱝ ᱠᱚᱢ ᱞᱟᱹᱜᱤᱫ ᱛᱮ ᱢᱤᱫᱴᱟᱝ   ᱨᱮᱸᱜᱮᱪ ᱟᱹᱠᱷᱨᱤᱧᱤᱭᱟᱹ ᱥᱟᱞᱟᱜ ᱫᱚᱨᱫᱟᱢ ᱛᱟᱭᱚᱢ ᱤᱧ ᱤᱧᱨᱮᱱ ᱯᱮᱲᱟ ᱠᱚ ᱥᱟᱞᱟᱜ ᱤᱧ ᱟᱹᱲᱤᱥ ᱞᱮᱱᱟ ᱾,I was vexed with my relative after she bargained with a poor vendor to reduce the price 20 rupees.,मैं अपनी रिश्तेदार से बहुत नाराज था जब उसने एक गरीब विक्रेता से कीमत 20 रुपये कम करने के लिए मोलभाव किया।
40885842,ᱤᱧᱤᱧ ᱢᱚᱱᱮᱭᱟ ᱡᱮ ᱤᱵᱷᱮᱱᱴ ᱢᱮᱱᱮᱡᱟᱨ ᱦᱟᱜ ᱠᱟᱛᱷᱟ ᱮᱢ ᱥᱟᱨᱵᱷᱟᱨ ᱨᱮᱭᱟᱜ ᱥᱤᱢᱟᱹ ᱟᱞᱮᱭᱟᱜ ᱤᱵᱷᱮᱱᱴ ᱞᱟᱹᱜᱤᱫ ᱫᱚ ᱵᱟᱝ ᱛᱟᱦᱮᱸ ᱠᱟᱱᱟ ᱾,I feel let down that the range of services promised by the event manager initially was not available for our event.,मुझे निराशा महसूस हो रही है कि इवेंट मैनेजर द्वारा शुरुआत में वादा की गई सेवाओं की श्रृंखला हमारे कार्यक्रम के लिए उपलब्ध नहीं थी।
40895842,ᱤᱧᱤᱧ ᱟᱹᱲᱤᱥ ᱞᱮᱱᱟ ᱡᱚᱠᱷᱚᱱ ᱤᱞᱮᱠᱴᱨᱤᱠᱮᱞ  ᱫᱳᱠᱟᱱ ᱤᱧ ᱵᱟᱞᱠ ᱠᱤᱨᱤᱧ ᱞᱟᱹᱜᱤᱫ ᱪᱷᱟᱹᱲ ᱨᱮᱭᱟᱜ ᱯᱨᱚᱥᱛᱟᱵᱽ ᱮᱢ ᱠᱟᱛᱮ ᱢᱤᱫ ᱯᱟᱹᱛᱭᱟᱹᱣᱟᱱ ᱜᱟᱦᱟᱠ ᱦᱩᱭᱩᱜ ᱞᱟᱹᱜᱤᱫ ᱠᱨᱮᱰᱤᱴ ᱵᱟᱭ ᱮᱢᱟᱫᱤᱧᱟᱹ ᱾,I was annoyed when the electrical store did not give me credit for being a loyal customer by offering a discount for bulk purchases.,मुझे तब गुस्सा आया जब बिजली की दुकान ने थोक खरीद के लिए छूट देकर मुझे एक वफादार ग्राहक होने का श्रेय नहीं दिया।
40905842,ᱦᱳᱴᱮᱞ ᱨᱮᱭᱟᱜ ᱟᱹᱰᱤ ᱡᱳᱨ  ᱥᱟᱰᱮ ᱠᱷᱟᱹᱛᱤᱨ ᱧᱤᱫᱟᱹ ᱵᱷᱟᱜᱮ ᱴᱷᱤᱠᱛᱮ ᱡᱟᱹᱯᱤᱫᱽ ᱫᱚ ᱢᱩᱥᱠᱤᱞ ᱜᱮ ᱛᱟᱦᱮᱸ ᱠᱟᱱᱟ ᱟᱨ ᱤᱧ ᱮᱵᱷᱮᱱ ᱠᱟᱛᱮ ᱡᱚᱵᱽᱨᱟ ᱥᱮ ᱚᱸᱡᱽᱨᱟ ᱨᱮ ᱢᱤᱱᱟᱹᱧ ᱞᱮᱠᱟᱧ ᱟᱹᱭᱠᱟᱹᱣ ᱞᱮᱫᱟ ᱾,"The hotel's high noise levels made it difficult to get a good night's sleep, and I woke up feeling down in the dumps.","होटल के उच्च शोर स्तर के कारण रात में अच्छी नींद लेना मुश्किल हो गया, और मैं बहुत उदास होकर उठा।"
40915842,ᱫᱷᱚᱨᱚᱢ ᱜᱩᱨᱩ ᱠᱚ ᱡᱟᱦᱟᱸ ᱞᱮᱠᱟ ᱥᱟᱬᱮᱥᱤᱭᱟ ᱠᱷᱚᱸᱫᱽᱨᱚᱱ ᱟᱨ ᱵᱩᱡᱩᱱ ᱠᱚ ᱠᱷᱟᱴᱚ ᱟᱠᱟᱫᱟ ᱚᱱᱟᱛᱮ ᱤᱧ ᱥᱟᱹᱨᱤᱜᱮᱧ  ᱟᱹᱲᱤᱥ ᱟᱠᱟᱱᱟ ᱾,I'm really irritated by the way the clerics are undermining scientific research and expertise.,धर्मगुरुओं द्वारा वैज्ञानिक अनुसंधान और विशेषज्ञता को कमजोर करने के तरीके से मैं सचमुच बहुत चिढ़ गया हूँ।
40925842,ᱤᱧ ᱱᱤᱨᱟᱹᱥ ᱞᱤᱱᱟᱹᱧ ᱡᱚᱠᱷᱮᱡ ᱤᱧ ᱵᱮᱝᱠᱤᱝ ᱥᱮᱠᱴᱚᱨ ᱨᱮᱱ ᱦᱚᱲ ᱠᱚ ᱴᱷᱚᱠᱼᱟᱱ ᱞᱮᱠᱟᱛᱤᱧ ᱧᱮᱞ ᱞᱮᱫ ᱠᱚᱣᱟ ᱾,I was disappointed after the people that I looked up to in the banking sector turned out to be cheats.,"बैंकिंग क्षेत्र में जिन लोगों का मैं सम्मान करता था, उनके धोखेबाज निकलने के बाद मैं निराश हो गया था।"
40935842,ᱡᱟᱦᱟᱸ ᱥᱟᱸᱭᱟᱫᱽ ᱟᱛᱮ ᱜᱤᱜ ᱠᱟᱹᱣᱰᱤᱟᱹᱨᱤ ᱪᱟᱹᱠᱨᱤ ᱨᱮᱭᱟᱜ ᱵᱟᱡᱟᱨ ᱱᱟᱶᱟ ᱜᱚᱲᱦᱚᱱᱮ ᱮᱢᱟᱜ ᱠᱟᱱᱟ ᱚᱱᱟ ᱫᱚ ᱦᱟᱦᱟᱲᱟᱼᱟᱱᱟᱜ ᱾,The speed at which the gig economy is reshaping the job market is astonishing.,गिग अर्थव्यवस्था जिस गति से नौकरी के बाजार को नया आकार दे रही है वह आश्चर्यजनक है।
40945842,ᱤᱧ ᱱᱟᱥᱮᱱᱟᱜ ᱵᱷᱟᱵᱽᱱᱟᱧ ᱟᱹᱭᱠᱟᱹᱣ ᱮᱫᱟ ᱚᱡᱮᱫᱚ ᱟᱞᱮᱭᱟᱜ ᱫᱳᱠᱟᱱ ᱨᱮᱭᱟᱜ ᱵᱨᱮᱱᱰᱤᱝ ᱫᱚ ᱢᱟᱨᱮ ᱜᱮ ᱢᱚᱱᱮ ᱦᱩᱭᱩᱜ ᱠᱟᱱᱟ ᱾,I'm feeling a bit down because our store's branding feels outdated.,मुझे थोड़ी निराशा हो रही है क्योंकि हमारे स्टोर की ब्रांडिंग पुरानी लगती है।
40955842,ᱤᱧ ᱟᱹᱲᱤᱥᱚᱜ ᱠᱟᱱᱟ ᱡᱮ ᱟᱞᱮ ᱜᱟᱹᱰᱤᱛᱮ ᱵᱮᱝᱜᱟᱞᱳᱨ ᱞᱮ ᱪᱟᱞᱟᱜ ᱠᱟᱱᱟ ᱾ ᱜᱟᱹᱰᱤᱼᱜᱷᱚᱲᱟ ᱟᱱᱟᱴ ᱟᱨ ᱵᱷᱤᱲ ᱨᱮ ᱜᱟᱹᱰᱤ ᱪᱟᱞᱟᱣ ᱫᱚ ᱵᱚᱛᱚᱨ ᱜᱮᱭᱟ  ᱾,I am annoyed we're heading all the way to Bangalore by car. it's such a nightmare to drive through with all the traffic and chaos!,मुझे गुस्सा आ रहा है कि हम कार से पूरी दूरी तय करके बैंगलोर जा रहे हैं। पूरे ट्रैफिक और अराजकता के साथ गाड़ी चलाना एक बुरा सपना है!
40965842,ᱤᱧᱤᱧ ᱵᱚᱛᱚᱨᱚᱜ ᱠᱟᱱᱟ ᱡᱮ ᱟᱵᱚᱨᱮᱱ ᱦᱮᱯᱨᱟᱣᱤᱭᱟᱹ ᱠᱚ ᱟᱨᱦᱚᱸ ᱵᱷᱟᱜᱮ ᱯᱨᱚᱥᱛᱟᱵᱽ ᱠᱚ ᱮᱢ ᱫᱟᱲᱮᱭᱟᱜᱼᱟ ᱟᱨ ᱟᱵᱚᱨᱮᱱ ᱜᱟᱦᱟᱠ ᱠᱚ ᱜᱚᱵᱚᱞ ᱫᱟᱲᱮ ᱟᱠᱚᱣᱟ ᱾,I'm frightened that our competitors might offer better pricing and steal our customers.,मुझे डर है कि हमारे प्रतिस्पर्धी बेहतर मूल्य निर्धारण की पेशकश कर सकते हैं और हमारे ग्राहकों को छीन सकते हैं।
40975842,ᱤᱧ ᱡᱚᱠᱷᱚᱱ ᱠᱟᱛᱷᱟᱧ ᱨᱚᱲᱟ ᱟᱢ ᱤᱧᱟᱹᱜ ᱠᱟᱛᱷᱟ ᱵᱟᱢ ᱟᱸᱡᱚᱢᱟ  ᱱᱚᱶᱟ ᱫᱚ ᱤᱧᱮ ᱟᱹᱲᱤᱥ ᱤᱧᱟᱹ ᱾ ᱤᱧ ᱦᱚᱞᱟᱧ ᱢᱮᱛᱟᱫ ᱢᱮ ᱛᱟᱦᱮᱫ ᱡᱮ ᱤᱧ ᱴᱷᱮᱱ ᱞᱩᱠ ᱥᱠᱟᱭ ᱳᱣᱟᱠᱟᱨ ᱟᱜ ᱟᱥᱚᱞ ᱪᱤᱛᱟᱹᱨ ᱢᱮᱱᱟᱜᱼᱟ ᱾ (ᱜᱟᱛᱮ ᱒),It ticks me off when you don't listen when I talk. I told you yesterday that I had an original Luke Skywalker figure. (Friend 2),जब मैं बात करता हूँ और आप नहीं सुनते तो मुझे बहुत गुस्सा आता है। मैंने आपको कल बताया था कि मेरे पास एक असली ल्यूक स्काईवॉकर की मूर्ति थी। (दोस्त 2)
40985842,ᱟᱹᱠᱤᱞᱢᱟᱹᱱ ᱰᱤᱜᱨᱤ ᱞᱟᱹᱜᱤᱫ ᱢᱟᱨᱠᱤᱱ ᱡᱩᱠᱛᱚᱨᱟᱥᱴᱨᱚ ᱨᱮ ᱥᱮᱱ ᱞᱮᱱ ᱢᱤᱫ ᱛᱤᱨᱞᱟᱹ ᱫᱚ ᱰᱟᱦᱟᱨ ᱨᱮ ᱨᱮᱸᱜᱮᱡᱽᱛᱮ ᱛᱟᱦᱮᱱ ᱧᱮᱞᱫᱚ ᱱᱚᱶᱟ ᱪᱤᱱᱛᱟᱹᱣᱟᱱᱟᱜ ᱛᱟᱦᱮᱸ ᱠᱟᱱᱟ ᱾,"It was depressing to see a woman who went to the US for a master's degree, starving on the streets.",मास्टर्स डिग्री के लिए अमेरिका गई एक महिला को सड़कों पर भूखा मरते देखना निराशाजनक था।
40995842,ᱤᱧ ᱫᱩᱲᱩᱵ ᱫᱩᱲᱩᱵ ᱟᱹᱰᱤ ᱫᱷᱳᱨᱡᱳ ᱠᱟᱛᱮ ᱢᱤᱫᱴᱟᱝ ᱦᱩᱰᱤᱧ ᱦᱩᱰᱤᱧ ᱟᱹᱰᱤ ᱪᱮᱨᱦᱟᱱ ᱛᱩᱲ ᱜᱩᱰᱩ ᱦᱩᱲᱩ ᱨᱮᱭᱟᱜ ᱥᱤᱥ ᱡᱚᱢᱤᱧ ᱧᱮᱞᱮ ᱠᱟᱱ ᱛᱟᱦᱮᱱᱟ ᱡᱟᱦᱟᱸᱫᱚ ᱟᱞᱮ ᱛᱤᱦᱤᱧ ᱟᱞᱮᱭᱟᱜ ᱵᱟᱨᱟᱱᱫᱟ ᱨᱮᱞᱮ ᱫᱚᱦᱚ ᱟᱠᱟᱫᱟ ᱾,I watched a cute little squirrel sit and patiently eat rice grains that we had put on our balcony today.,मैंने एक प्यारी सी छोटी गिलहरी को बैठकर धैर्यपूर्वक चावल के दाने खाते देखा जो हमने आज अपनी बालकनी में रखे थे।
41005842,"ᱱᱚᱶᱟ ᱧᱮᱞᱛᱮᱧ ᱵᱷᱟᱵᱱᱟᱜ ᱠᱟᱱᱟ ᱡᱮ ᱤᱧᱟᱹᱜ ᱪᱟᱸᱫᱳᱠᱤᱭᱟᱹ ᱵᱤᱞ ᱞᱮᱛᱟᱲᱜᱮ ᱰᱷᱮᱨᱚᱜ ᱠᱟᱱᱟ, ᱟᱨ ᱤᱧ ᱤᱧᱟᱹᱜ ᱦᱚᱠ ᱨᱮᱭᱟᱜ ᱥᱟᱨᱵᱷᱟᱨ ᱦᱚᱸ ᱵᱟᱹᱧ ᱧᱟᱢ ᱮᱫᱟ ᱾ᱤᱧ ᱟᱹᱢᱤᱡ ᱥᱩᱯᱟᱨᱵᱷᱟᱭᱡᱟᱨ ᱴᱷᱮᱱᱤᱧ ᱞᱟᱹᱞᱤᱥ ᱮᱫᱟ ᱾","It's frustrating to see that my monthly bill keeps creeping up, and I don't even get the service I deserve. I am complaining to your supervisor.","यह देखकर निराशा होती है कि मेरा मासिक बिल बढ़ता ही जा रहा है, और मुझे वह सेवा भी नहीं मिलती जिसका मैं हकदार हूँ। मैं आपके पर्यवेक्षक से शिकायत कर रहा हूँ।"
41015842,ᱤᱧ ᱯᱩᱸᱲ ᱪᱚᱠᱞᱮᱴ ᱤᱧ ᱠᱩᱥᱤᱭᱟᱜᱼᱟ ᱚᱡᱮᱫᱚ ᱱᱚᱶᱟ ᱤᱧᱟᱹᱜ ᱢᱚᱪᱟᱨᱮ ᱜᱚᱞᱟᱜᱼᱟ ᱾,I love white chocolate as it melts in my mouth.,मुझे सफेद चॉकलेट बहुत पसंद है क्योंकि यह मेरे मुंह में पिघल जाती है।
