demo0001	यह नीला फर्श है।	ᱱᱚᱣᱟ ᱱᱤᱞ ᱚᱛ ᱠᱟᱱᱟ।
demo0002	यह पीला फर्श है।	ᱱᱚᱣᱟ ᱯᱤᱞ ᱚᱛ ᱠᱟᱱᱟ।
demo0003	यह लाल फर्श है।	ᱱᱚᱣᱟ ᱞᱟᱞ ᱚᱛ ᱠᱟᱱᱟ।
demo0004	फर्श कहाँ है?	ᱚᱛ ᱚᱠᱟᱨᱮ ᱢᱮᱱᱟᱜᱼᱟ?
demo0005	चॉक कहाँ है?	ᱪᱟᱠ ᱚᱠᱟᱨᱮ ᱢᱮᱱᱟᱜᱼᱟ?
demo0006	यह पीला चॉक है।	ᱱᱚᱣᱟ ᱯᱤᱞ ᱪᱟᱠ ᱠᱟᱱᱟ।
demo0007	यह पुराना फर्श है।	ᱱᱚᱣᱟ ᱢᱟᱨᱮ ᱚᱛ ᱠᱟᱱᱟ।
demo0008	यह पीला पेन है।	ᱱᱚᱣᱟ ᱯᱤᱞ ᱯᱮᱱ ᱠᱟᱱᱟ।
demo0009	यह सफ़ेद फर्श है।	ᱱᱚᱣᱟ ᱫᱟᱹᱲ ᱚᱛ ᱠᱟᱱᱟ।
demo0010	यह काला फर्श है।	ᱱᱚᱣᱟ ᱠᱟᱞᱟ ᱚᱛ ᱠᱟᱱᱟ।
demo0011	यह नीला पेन है।	ᱱᱚᱣᱟ ᱱᱤᱞ ᱯᱮᱱ ᱠᱟᱱᱟ।
demo0012	पेन कहाँ है?	ᱯᱮᱱ ᱚᱠᱟᱨᱮ ᱢᱮᱱᱟᱜᱼᱟ?
demo0013	यह नया फर्श है।	ᱱᱚᱣᱟ ᱱᱟᱣᱟ ᱚᱛ ᱠᱟᱱᱟ।
demo0014	यह लाल चॉक है।	ᱱᱚᱣᱟ ᱞᱟᱞ ᱪᱟᱠ ᱠᱟᱱᱟ।
demo0015	यह हरा फर्श है।	ᱱᱚᱣᱟ ᱦᱟᱨᱟ ᱚᱛ ᱠᱟᱱᱟ।
demo0016	यह नीला चॉक है।	ᱱᱚᱣᱟ ᱱᱤᱞ ᱪᱟᱠ ᱠᱟᱱᱟ।
demo0017	यह लाल पेन है।	ᱱᱚᱣᱟ ᱞᱟᱞ ᱯᱮᱱ ᱠᱟᱱᱟ।
demo0018	यह नया चॉक है।	ᱱᱚᱣᱟ ᱱᱟᱣᱟ ᱪᱟᱠ ᱠᱟᱱᱟ।
demo0019	खेल कहाँ है?	ᱠᱷᱮᱞ ᱚᱠᱟᱨᱮ ᱢᱮᱱᱟᱜᱼᱟ?
demo0020	मेरे पास फर्श है।	ᱤᱧ ᱴᱷᱮᱱ ᱚᱛ ᱢᱮᱱᱟᱜᱼᱟ।
demo0021	यह नीला प्रश्न है।	ᱱᱚᱣᱟ ᱱᱤᱞ ᱠᱩᱞᱤ ᱠᱟᱱᱟ।
demo0022	यह अच्छा फर्श है।	ᱱᱚᱣᱟ ᱱᱟᱯᱟᱭ ᱚᱛ ᱠᱟᱱᱟ।
demo0023	यह काला चॉक है।	ᱱᱚᱣᱟ ᱠᱟᱞᱟ ᱪᱟᱠ ᱠᱟᱱᱟ।
demo0024	यह पुराना चॉक है।	ᱱᱚᱣᱟ ᱢᱟᱨᱮ ᱪᱟᱠ ᱠᱟᱱᱟ।
demo0025	यह पीला प्रश्न है।	ᱱᱚᱣᱟ ᱯᱤᱞ ᱠᱩᱞᱤ ᱠᱟᱱᱟ।
demo0026	यह पीला स्कूल है।	ᱱᱚᱣᱟ ᱯᱤᱞ ᱥᱠᱩᱞ ᱠᱟᱱᱟ।
demo0027	यह पीला उत्तर है।	ᱱᱚᱣᱟ ᱯᱤᱞ ᱛᱮᱞᱟ ᱠᱟᱱᱟ।
demo0028	यह लाल बस्ता है।	ᱱᱚᱣᱟ ᱞᱟᱞ ᱵᱟᱹᱜ ᱠᱟᱱᱟ।
demo0029	कक्षा में फर्श है।	ᱠᱞᱟᱥ ᱨᱮ ᱚᱛ ᱢᱮᱱᱟᱜᱼᱟ।
demo0030	यह नीला स्लेट है।	ᱱᱚᱣᱟ ᱱᱤᱞ ᱥᱞᱮᱴ ᱠᱟᱱᱟ।
demo0031	यह हरा चॉक है।	ᱱᱚᱣᱟ ᱦᱟᱨᱟ ᱪᱟᱠ ᱠᱟᱱᱟ।
demo0032	यह पीला कक्षा है।	ᱱᱚᱣᱟ ᱯᱤᱞ ᱠᱞᱟᱥ ᱠᱟᱱᱟ।
demo0033	कक्षा कहाँ है?	ᱠᱞᱟᱥ ᱚᱠᱟᱨᱮ ᱢᱮᱱᱟᱜᱼᱟ?
demo0034	यह नीला कक्षा है।	ᱱᱚᱣᱟ ᱱᱤᱞ ᱠᱞᱟᱥ ᱠᱟᱱᱟ।
demo0035	यह नया पेन है।	ᱱᱚᱣᱟ ᱱᱟᱣᱟ ᱯᱮᱱ ᱠᱟᱱᱟ।
demo0036	यह लाल स्कूल है।	ᱱᱚᱣᱟ ᱞᱟᱞ ᱥᱠᱩᱞ ᱠᱟᱱᱟ।
demo0037	यह पीला खेल है।	ᱱᱚᱣᱟ ᱯᱤᱞ ᱠᱷᱮᱞ ᱠᱟᱱᱟ।
demo0038	पाठ कहाँ है?	ᱯᱟᱴᱷ ᱚᱠᱟᱨᱮ ᱢᱮᱱᱟᱜᱼᱟ?
demo0039	यह काला पेन है।	ᱱᱚᱣᱟ ᱠᱟᱞᱟ ᱯᱮᱱ ᱠᱟᱱᱟ।
demo0040	यह लाल पाठ है।	ᱱᱚᱣᱟ ᱞᱟᱞ ᱯᱟᱴᱷ ᱠᱟᱱᱟ।
demo0041	यह लाल प्रश्न है।	ᱱᱚᱣᱟ ᱞᱟᱞ ᱠᱩᱞᱤ ᱠᱟᱱᱟ।
demo0042	यह सफ़ेद पेन है।	ᱱᱚᱣᱟ ᱫᱟᱹᱲ ᱯᱮᱱ ᱠᱟᱱᱟ।
demo0043	यह छोटा फर्श है।	ᱱᱚᱣᱟ ᱦᱩᱰᱤᱧ ᱚᱛ ᱠᱟᱱᱟ।
demo0044	यह पुराना पेन है।	ᱱᱚᱣᱟ ᱢᱟᱨᱮ ᱯᱮᱱ ᱠᱟᱱᱟ।
demo0045	स्कूल कहाँ है?	ᱥᱠᱩᱞ ᱚᱠᱟᱨᱮ ᱢᱮᱱᱟᱜᱼᱟ?
demo0046	यह पीला स्लेट है।	ᱱᱚᱣᱟ ᱯᱤᱞ ᱥᱞᱮᱴ ᱠᱟᱱᱟ।
demo0047	यह लाल स्लेट है।	ᱱᱚᱣᱟ ᱞᱟᱞ ᱥᱞᱮᱴ ᱠᱟᱱᱟ।
demo0048	यह पीला पाठ है।	ᱱᱚᱣᱟ ᱯᱤᱞ ᱯᱟᱴᱷ ᱠᱟᱱᱟ।
demo0049	उत्तर कहाँ है?	ᱛᱮᱞᱟ ᱚᱠᱟᱨᱮ ᱢᱮᱱᱟᱜᱼᱟ?
demo0050	यह सफ़ेद चॉक है।	ᱱᱚᱣᱟ ᱫᱟᱹᱲ ᱪᱟᱠ ᱠᱟᱱᱟ।
demo0051	यह नीला खेल है।	ᱱᱚᱣᱟ ᱱᱤᱞ ᱠᱷᱮᱞ ᱠᱟᱱᱟ।
demo0052	यह पीला बस्ता है।	ᱱᱚᱣᱟ ᱯᱤᱞ ᱵᱟᱹᱜ ᱠᱟᱱᱟ।
demo0053	यह लाल कक्षा है।	ᱱᱚᱣᱟ ᱞᱟᱞ ᱠᱞᱟᱥ ᱠᱟᱱᱟ।
demo0054	यह लाल उत्तर है।	ᱱᱚᱣᱟ ᱞᱟᱞ ᱛᱮᱞᱟ ᱠᱟᱱᱟ।
demo0055	यह फर्श अच्छा है।	ᱱᱚᱣᱟ ᱚᱛ ᱱᱟᱯᱟᱭ ᱜᱮᱭᱟ।
demo0056	प्रश्न कहाँ है?	ᱠᱩᱞᱤ ᱚᱠᱟᱨᱮ ᱢᱮᱱᱟᱜᱼᱟ?
demo0057	यह नीला स्कूल है।	ᱱᱚᱣᱟ ᱱᱤᱞ ᱥᱠᱩᱞ ᱠᱟᱱᱟ।
demo0058	यह नीला उत्तर है।	ᱱᱚᱣᱟ ᱱᱤᱞ ᱛᱮᱞᱟ ᱠᱟᱱᱟ।
demo0059	यह नीला पाठ है।	ᱱᱚᱣᱟ ᱱᱤᱞ ᱯᱟᱴᱷ ᱠᱟᱱᱟ।
demo0060	बस्ता कहाँ है?	ᱵᱟᱹᱜ ᱚᱠᱟᱨᱮ ᱢᱮᱱᱟᱜᱼᱟ?
demo0061	यह हरा पेन है।	ᱱᱚᱣᱟ ᱦᱟᱨᱟ ᱯᱮᱱ ᱠᱟᱱᱟ।
demo0062	स्लेट कहाँ है?	ᱥᱞᱮᱴ ᱚᱠᱟᱨᱮ ᱢᱮᱱᱟᱜᱼᱟ?
demo0063	यह लाल खेल है।	ᱱᱚᱣᱟ ᱞᱟᱞ ᱠᱷᱮᱞ ᱠᱟᱱᱟ।
demo0064	यह नीला बस्ता है।	ᱱᱚᱣᱟ ᱱᱤᱞ ᱵᱟᱹᱜ ᱠᱟᱱᱟ।
demo0065	यह पुराना पाठ है।	ᱱᱚᱣᱟ ᱢᱟᱨᱮ ᱯᱟᱴᱷ ᱠᱟᱱᱟ।
demo0066	यह चॉक अच्छा है।	ᱱᱚᱣᱟ ᱪᱟᱠ ᱱᱟᱯᱟᱭ ᱜᱮᱭᱟ।
demo0067	यह नीला मेज़ है।	ᱱᱚᱣᱟ ᱱᱤᱞ ᱴᱮᱵᱩᱞ ᱠᱟᱱᱟ।
demo0068	यह लाल विज्ञान है।	ᱱᱚᱣᱟ ᱞᱟᱞ ᱥᱟᱬᱮᱥ ᱠᱟᱱᱟ।
demo0069	यह नया कक्षा है।	ᱱᱚᱣᱟ ᱱᱟᱣᱟ ᱠᱞᱟᱥ ᱠᱟᱱᱟ।
demo0070	मेरे पास पेन है।	ᱤᱧ ᱴᱷᱮᱱ ᱯᱮᱱ ᱢᱮᱱᱟᱜᱼᱟ।
demo0071	यह नीला गणित है।	ᱱᱚᱣᱟ ᱱᱤᱞ ᱮᱞᱠᱷᱟ ᱠᱟᱱᱟ।
demo0072	यह नया पाठ है।	ᱱᱚᱣᱟ ᱱᱟᱣᱟ ᱯᱟᱴᱷ ᱠᱟᱱᱟ।
demo0073	यह लाल अध्यापक है।	ᱱᱚᱣᱟ ᱞᱟᱞ ᱢᱟᱪᱮᱫ ᱠᱟᱱᱟ।
demo0074	यह नया स्कूल है।	ᱱᱚᱣᱟ ᱱᱟᱣᱟ ᱥᱠᱩᱞ ᱠᱟᱱᱟ।
demo0075	मेरे पास चॉक है।	ᱤᱧ ᱴᱷᱮᱱ ᱪᱟᱠ ᱢᱮᱱᱟᱜᱼᱟ।
demo0076	यह छोटा चॉक है।	ᱱᱚᱣᱟ ᱦᱩᱰᱤᱧ ᱪᱟᱠ ᱠᱟᱱᱟ।
demo0077	शब्द कहाँ है?	ᱥᱚᱵᱚᱫ ᱚᱠᱟᱨᱮ ᱢᱮᱱᱟᱜᱼᱟ?
demo0078	यह पुराना उत्तर है।	ᱱᱚᱣᱟ ᱢᱟᱨᱮ ᱛᱮᱞᱟ ᱠᱟᱱᱟ।
demo0079	शिक्षक कहाँ है?	ᱥᱟᱦᱟᱸ ᱚᱠᱟᱨᱮ ᱢᱮᱱᱟᱜᱼᱟ?
demo0080	अक्षर कहाँ है?	ᱚᱠᱷᱚᱨ ᱚᱠᱟᱨᱮ ᱢᱮᱱᱟᱜᱼᱟ?
demo0081	यह लाल कुर्सी है।	ᱱᱚᱣᱟ ᱞᱟᱞ ᱠᱩᱨᱥᱤ ᱠᱟᱱᱟ।
demo0082	यह सफ़ेद पाठ है।	ᱱᱚᱣᱟ ᱫᱟᱹᱲ ᱯᱟᱴᱷ ᱠᱟᱱᱟ।
demo0083	यह छोटा पेन है।	ᱱᱚᱣᱟ ᱦᱩᱰᱤᱧ ᱯᱮᱱ ᱠᱟᱱᱟ।
demo0084	यह पीला इतिहास है।	ᱱᱚᱣᱟ ᱯᱤᱞ ᱱᱟᱜᱟᱢ ᱠᱟᱱᱟ।
demo0085	यह लाल नक्शा है।	ᱱᱚᱣᱟ ᱞᱟᱞ ᱱᱚᱠᱥᱟ ᱠᱟᱱᱟ।
demo0086	यह हरा स्कूल है।	ᱱᱚᱣᱟ ᱦᱟᱨᱟ ᱥᱠᱩᱞ ᱠᱟᱱᱟ।
demo0087	यह नीला कुर्सी है।	ᱱᱚᱣᱟ ᱱᱤᱞ ᱠᱩᱨᱥᱤ ᱠᱟᱱᱟ।
demo0088	यह नया उत्तर है।	ᱱᱚᱣᱟ ᱱᱟᱣᱟ ᱛᱮᱞᱟ ᱠᱟᱱᱟ।
demo0089	यह सफ़ेद खेल है।	ᱱᱚᱣᱟ ᱫᱟᱹᱲ ᱠᱷᱮᱞ ᱠᱟᱱᱟ।
demo0090	यह नया बस्ता है।	ᱱᱚᱣᱟ ᱱᱟᱣᱟ ᱵᱟᱹᱜ ᱠᱟᱱᱟ।
demo0091	यह लाल घड़ी है।	ᱱᱚᱣᱟ ᱞᱟᱞ ᱜᱷᱟᱲᱤ ᱠᱟᱱᱟ।
demo0092	यह पुराना कक्षा है।	ᱱᱚᱣᱟ ᱢᱟᱨᱮ ᱠᱞᱟᱥ ᱠᱟᱱᱟ।
demo0093	यह हरा बस्ता है।	ᱱᱚᱣᱟ ᱦᱟᱨᱟ ᱵᱟᱹᱜ ᱠᱟᱱᱟ।
demo0094	यह नीला अध्यापक है।	ᱱᱚᱣᱟ ᱱᱤᱞ ᱢᱟᱪᱮᱫ ᱠᱟᱱᱟ।
demo0095	यह काला प्रश्न है।	ᱱᱚᱣᱟ ᱠᱟᱞᱟ ᱠᱩᱞᱤ ᱠᱟᱱᱟ।
demo0096	यह सफ़ेद प्रश्न है।	ᱱᱚᱣᱟ ᱫᱟᱹᱲ ᱠᱩᱞᱤ ᱠᱟᱱᱟ।
demo0097	वह एक फर्श है।	ᱱᱚᱶᱟ ᱫᱚ ᱢᱤᱫ ᱚᱛ ᱠᱟᱱᱟ।
demo0098	यह काला कक्षा है।	ᱱᱚᱣᱟ ᱠᱟᱞᱟ ᱠᱞᱟᱥ ᱠᱟᱱᱟ।
demo0099	यह नया खेल है।	ᱱᱚᱣᱟ ᱱᱟᱣᱟ ᱠᱷᱮᱞ ᱠᱟᱱᱟ।
demo0100	कलम कहाँ है?	ᱠᱟᱞᱟᱢ ᱚᱠᱟᱨᱮ ᱢᱮᱱᱟᱜᱼᱟ?
demo0101	अध्यापक कहाँ है?	ᱢᱟᱪᱮᱫ ᱚᱠᱟᱨᱮ ᱢᱮᱱᱟᱜᱼᱟ?
demo0102	यह पीला कुर्सी है।	ᱱᱚᱣᱟ ᱯᱤᱞ ᱠᱩᱨᱥᱤ ᱠᱟᱱᱟ।
demo0103	यह हरा स्लेट है।	ᱱᱚᱣᱟ ᱦᱟᱨᱟ ᱥᱞᱮᱴ ᱠᱟᱱᱟ।
demo0104	यह लाल गणित है।	ᱱᱚᱣᱟ ᱞᱟᱞ ᱮᱞᱠᱷᱟ ᱠᱟᱱᱟ।
demo0105	यह काला पाठ है।	ᱱᱚᱣᱟ ᱠᱟᱞᱟ ᱯᱟᱴᱷ ᱠᱟᱱᱟ।
demo0106	यह पीला शिक्षक है।	ᱱᱚᱣᱟ ᱯᱤᱞ ᱥᱟᱦᱟᱸ ᱠᱟᱱᱟ।
demo0107	यह नीला कलम है।	ᱱᱚᱣᱟ ᱱᱤᱞ ᱠᱟᱞᱟᱢ ᱠᱟᱱᱟ।
demo0108	यह हरा कक्षा है।	ᱱᱚᱣᱟ ᱦᱟᱨᱟ ᱠᱞᱟᱥ ᱠᱟᱱᱟ।
demo0109	यह पीला किताब है।	ᱱᱚᱣᱟ ᱯᱤᱞ ᱯᱚᱛᱚᱢ ᱠᱟᱱᱟ।
demo0110	यह नीला शिक्षक है।	ᱱᱚᱣᱟ ᱱᱤᱞ ᱥᱟᱦᱟᱸ ᱠᱟᱱᱟ।
demo0111	यह सफ़ेद स्कूल है।	ᱱᱚᱣᱟ ᱫᱟᱹᱲ ᱥᱠᱩᱞ ᱠᱟᱱᱟ।
demo0112	यह अच्छा पेन है।	ᱱᱚᱣᱟ ᱱᱟᱯᱟᱭ ᱯᱮᱱ ᱠᱟᱱᱟ।
demo0113	शिक्षक ने फर्श दिया।	ᱢᱟᱪᱮᱫ ᱫᱚ ᱚᱛ ᱮᱢ ᱠᱮᱫᱟ।
demo0114	यह पुराना प्रश्न है।	ᱱᱚᱣᱟ ᱢᱟᱨᱮ ᱠᱩᱞᱤ ᱠᱟᱱᱟ।
demo0115	कक्षा में चॉक है।	ᱠᱞᱟᱥ ᱨᱮ ᱪᱟᱠ ᱢᱮᱱᱟᱜᱼᱟ।
demo0116	यह काला उत्तर है।	ᱱᱚᱣᱟ ᱠᱟᱞᱟ ᱛᱮᱞᱟ ᱠᱟᱱᱟ।
demo0117	विज्ञान कहाँ है?	ᱥᱟᱬᱮᱥ ᱚᱠᱟᱨᱮ ᱢᱮᱱᱟᱜᱼᱟ?
demo0118	यह नीला दीवार है।	ᱱᱚᱣᱟ ᱱᱤᱞ ᱫᱮᱣᱟᱞ ᱠᱟᱱᱟ।
demo0119	यह सफ़ेद बस्ता है।	ᱱᱚᱣᱟ ᱫᱟᱹᱲ ᱵᱟᱹᱜ ᱠᱟᱱᱟ।
demo0120	दीवार कहाँ है?	ᱫᱮᱣᱟᱞ ᱚᱠᱟᱨᱮ ᱢᱮᱱᱟᱜᱼᱟ?
demo0121	यह नीला किताब है।	ᱱᱚᱣᱟ ᱱᱤᱞ ᱯᱚᱛᱚᱢ ᱠᱟᱱᱟ।
demo0122	यह नीला नक्शा है।	ᱱᱚᱣᱟ ᱱᱤᱞ ᱱᱚᱠᱥᱟ ᱠᱟᱱᱟ।
demo0123	यह सफ़ेद कक्षा है।	ᱱᱚᱣᱟ ᱫᱟᱹᱲ ᱠᱞᱟᱥ ᱠᱟᱱᱟ।
demo0124	यह लाल इतिहास है।	ᱱᱚᱣᱟ ᱞᱟᱞ ᱱᱟᱜᱟᱢ ᱠᱟᱱᱟ।
demo0125	यह पीला शब्द है।	ᱱᱚᱣᱟ ᱯᱤᱞ ᱥᱚᱵᱚᱫ ᱠᱟᱱᱟ।
demo0126	यह पीला गणित है।	ᱱᱚᱣᱟ ᱯᱤᱞ ᱮᱞᱠᱷᱟ ᱠᱟᱱᱟ।
demo0127	यह काला बस्ता है।	ᱱᱚᱣᱟ ᱠᱟᱞᱟ ᱵᱟᱹᱜ ᱠᱟᱱᱟ।
demo0128	मेज़ कहाँ है?	ᱴᱮᱵᱩᱞ ᱚᱠᱟᱨᱮ ᱢᱮᱱᱟᱜᱼᱟ?
demo0129	यह नीला विज्ञान है।	ᱱᱚᱣᱟ ᱱᱤᱞ ᱥᱟᱬᱮᱥ ᱠᱟᱱᱟ।
demo0130	यह पीला कलम है।	ᱱᱚᱣᱟ ᱯᱤᱞ ᱠᱟᱞᱟᱢ ᱠᱟᱱᱟ।
demo0131	यह हरा खेल है।	ᱱᱚᱣᱟ ᱦᱟᱨᱟ ᱠᱷᱮᱞ ᱠᱟᱱᱟ।
demo0132	यह नया स्लेट है।	ᱱᱚᱣᱟ ᱱᱟᱣᱟ ᱥᱞᱮᱴ ᱠᱟᱱᱟ।
demo0133	यह नीला घड़ी है।	ᱱᱚᱣᱟ ᱱᱤᱞ ᱜᱷᱟᱲᱤ ᱠᱟᱱᱟ।
demo0134	यह लाल दीवार है।	ᱱᱚᱣᱟ ᱞᱟᱞ ᱫᱮᱣᱟᱞ ᱠᱟᱱᱟ।
demo0135	यह काला स्कूल है।	ᱱᱚᱣᱟ ᱠᱟᱞᱟ ᱥᱠᱩᱞ ᱠᱟᱱᱟ।
demo0136	यह सफ़ेद स्लेट है।	ᱱᱚᱣᱟ ᱫᱟᱹᱲ ᱥᱞᱮᱴ ᱠᱟᱱᱟ।
demo0137	यह सफ़ेद उत्तर है।	ᱱᱚᱣᱟ ᱫᱟᱹᱲ ᱛᱮᱞᱟ ᱠᱟᱱᱟ।
demo0138	यह पीला अध्यापक है।	ᱱᱚᱣᱟ ᱯᱤᱞ ᱢᱟᱪᱮᱫ ᱠᱟᱱᱟ।
demo0139	यह हरा उत्तर है।	ᱱᱚᱣᱟ ᱦᱟᱨᱟ ᱛᱮᱞᱟ ᱠᱟᱱᱟ।
demo0140	कुर्सी कहाँ है?	ᱠᱩᱨᱥᱤ ᱚᱠᱟᱨᱮ ᱢᱮᱱᱟᱜᱼᱟ?
demo0141	यह पुराना स्कूल है।	ᱱᱚᱣᱟ ᱢᱟᱨᱮ ᱥᱠᱩᱞ ᱠᱟᱱᱟ।
demo0142	यह काला खेल है।	ᱱᱚᱣᱟ ᱠᱟᱞᱟ ᱠᱷᱮᱞ ᱠᱟᱱᱟ।
demo0143	यह एक फर्श है।	ᱱᱚᱣᱟ ᱫᱚ ᱢᱤᱫ ᱚᱛ ᱠᱟᱱᱟ।
demo0144	यह लाल किताब है।	ᱱᱚᱣᱟ ᱞᱟᱞ ᱯᱚᱛᱚᱢ ᱠᱟᱱᱟ।
demo0145	यह पुराना स्लेट है।	ᱱᱚᱣᱟ ᱢᱟᱨᱮ ᱥᱞᱮᱴ ᱠᱟᱱᱟ।
demo0146	यह पीला नक्शा है।	ᱱᱚᱣᱟ ᱯᱤᱞ ᱱᱚᱠᱥᱟ ᱠᱟᱱᱟ।
demo0147	इतिहास कहाँ है?	ᱱᱟᱜᱟᱢ ᱚᱠᱟᱨᱮ ᱢᱮᱱᱟᱜᱼᱟ?
demo0148	यह पेन अच्छा है।	ᱱᱚᱣᱟ ᱯᱮᱱ ᱱᱟᱯᱟᱭ ᱜᱮᱭᱟ।
demo0149	यह लाल शब्द है।	ᱱᱚᱣᱟ ᱞᱟᱞ ᱥᱚᱵᱚᱫ ᱠᱟᱱᱟ।
demo0150	यह नीला इतिहास है।	ᱱᱚᱣᱟ ᱱᱤᱞ ᱱᱟᱜᱟᱢ ᱠᱟᱱᱟ।
demo0151	यह पीला विज्ञान है।	ᱱᱚᱣᱟ ᱯᱤᱞ ᱥᱟᱬᱮᱥ ᱠᱟᱱᱟ।
demo0152	यह अच्छा चॉक है।	ᱱᱚᱣᱟ ᱱᱟᱯᱟᱭ ᱪᱟᱠ ᱠᱟᱱᱟ।
demo0153	यह नीला अक्षर है।	ᱱᱚᱣᱟ ᱱᱤᱞ ᱚᱠᱷᱚᱨ ᱠᱟᱱᱟ।
demo0154	घड़ी कहाँ है?	ᱜᱷᱟᱲᱤ ᱚᱠᱟᱨᱮ ᱢᱮᱱᱟᱜᱼᱟ?
demo0155	यह पीला अक्षर है।	ᱱᱚᱣᱟ ᱯᱤᱞ ᱚᱠᱷᱚᱨ ᱠᱟᱱᱟ।
demo0156	यह पीला दीवार है।	ᱱᱚᱣᱟ ᱯᱤᱞ ᱫᱮᱣᱟᱞ ᱠᱟᱱᱟ।
demo0157	यह काला स्लेट है।	ᱱᱚᱣᱟ ᱠᱟᱞᱟ ᱥᱞᱮᱴ ᱠᱟᱱᱟ।
demo0158	कक्षा में पेन है।	ᱠᱞᱟᱥ ᱨᱮ ᱯᱮᱱ ᱢᱮᱱᱟᱜᱼᱟ।
demo0159	यह लाल मेज़ है।	ᱱᱚᱣᱟ ᱞᱟᱞ ᱴᱮᱵᱩᱞ ᱠᱟᱱᱟ।
demo0160	यह पुराना बस्ता है।	ᱱᱚᱣᱟ ᱢᱟᱨᱮ ᱵᱟᱹᱜ ᱠᱟᱱᱟ।
demo0161	किताब कहाँ है?	ᱯᱚᱛᱚᱢ ᱚᱠᱟᱨᱮ ᱢᱮᱱᱟᱜᱼᱟ?
demo0162	यह पीला घड़ी है।	ᱱᱚᱣᱟ ᱯᱤᱞ ᱜᱷᱟᱲᱤ ᱠᱟᱱᱟ।
demo0163	यह नया प्रश्न है।	ᱱᱚᱣᱟ ᱱᱟᱣᱟ ᱠᱩᱞᱤ ᱠᱟᱱᱟ।
demo0164	यह हरा प्रश्न है।	ᱱᱚᱣᱟ ᱦᱟᱨᱟ ᱠᱩᱞᱤ ᱠᱟᱱᱟ।
demo0165	यह हरा पाठ है।	ᱱᱚᱣᱟ ᱦᱟᱨᱟ ᱯᱟᱴᱷ ᱠᱟᱱᱟ।
demo0166	यह पीला मेज़ है।	ᱱᱚᱣᱟ ᱯᱤᱞ ᱴᱮᱵᱩᱞ ᱠᱟᱱᱟ।
demo0167	गणित कहाँ है?	ᱮᱞᱠᱷᱟ ᱚᱠᱟᱨᱮ ᱢᱮᱱᱟᱜᱼᱟ?
demo0168	यह नीला शब्द है।	ᱱᱚᱣᱟ ᱱᱤᱞ ᱥᱚᱵᱚᱫ ᱠᱟᱱᱟ।
demo0169	यह लाल शिक्षक है।	ᱱᱚᱣᱟ ᱞᱟᱞ ᱥᱟᱦᱟᱸ ᱠᱟᱱᱟ।
demo0170	यह लाल कलम है।	ᱱᱚᱣᱟ ᱞᱟᱞ ᱠᱟᱞᱟᱢ ᱠᱟᱱᱟ।
demo0171	नक्शा कहाँ है?	ᱱᱚᱠᱥᱟ ᱚᱠᱟᱨᱮ ᱢᱮᱱᱟᱜᱼᱟ?
demo0172	यह पुराना खेल है।	ᱱᱚᱣᱟ ᱢᱟᱨᱮ ᱠᱷᱮᱞ ᱠᱟᱱᱟ।
demo0173	यह लाल अक्षर है।	ᱱᱚᱣᱟ ᱞᱟᱞ ᱚᱠᱷᱚᱨ ᱠᱟᱱᱟ।
demo0174	यह लाल पेंसिल है।	ᱱᱚᱣᱟ ᱞᱟᱞ ᱯᱮᱱᱥᱤᱞ ᱠᱟᱱᱟ।
demo0175	यह नीला काग़ज़ है।	ᱱᱚᱣᱟ ᱱᱤᱞ ᱠᱟᱜᱚᱡᱽ ᱠᱟᱱᱟ।
demo0176	यह सफ़ेद नक्शा है।	ᱱᱚᱣᱟ ᱫᱟᱹᱲ ᱱᱚᱠᱥᱟ ᱠᱟᱱᱟ।
demo0177	यह हरा मेज़ है।	ᱱᱚᱣᱟ ᱦᱟᱨᱟ ᱴᱮᱵᱩᱞ ᱠᱟᱱᱟ।
demo0178	यह अच्छा उत्तर है।	ᱱᱚᱣᱟ ᱱᱟᱯᱟᱭ ᱛᱮᱞᱟ ᱠᱟᱱᱟ।
demo0179	यह छोटा कक्षा है।	ᱱᱚᱣᱟ ᱦᱩᱰᱤᱧ ᱠᱞᱟᱥ ᱠᱟᱱᱟ।
demo0180	यह काला शब्द है।	ᱱᱚᱣᱟ ᱠᱟᱞᱟ ᱥᱚᱵᱚᱫ ᱠᱟᱱᱟ।
demo0181	यह काला दीवार है।	ᱱᱚᱣᱟ ᱠᱟᱞᱟ ᱫᱮᱣᱟᱞ ᱠᱟᱱᱟ।
demo0182	यह नीला चित्र है।	ᱱᱚᱣᱟ ᱱᱤᱞ ᱪᱤᱛᱟᱹᱨ ᱠᱟᱱᱟ।
demo0183	यह स्लेट अच्छा है।	ᱱᱚᱣᱟ ᱥᱞᱮᱴ ᱱᱟᱯᱟᱭ ᱜᱮᱭᱟ।
demo0184	यह काला मेज़ है।	ᱱᱚᱣᱟ ᱠᱟᱞᱟ ᱴᱮᱵᱩᱞ ᱠᱟᱱᱟ।
demo0185	यह नीला कहानी है।	ᱱᱚᱣᱟ ᱱᱤᱞ ᱠᱟᱹᱦᱱᱤ ᱠᱟᱱᱟ।
demo0186	यह सफ़ेद किताब है।	ᱱᱚᱣᱟ ᱫᱟᱹᱲ ᱯᱚᱛᱚᱢ ᱠᱟᱱᱟ।
demo0187	यह पुराना शब्द है।	ᱱᱚᱣᱟ ᱢᱟᱨᱮ ᱥᱚᱵᱚᱫ ᱠᱟᱱᱟ।
demo0188	यह अच्छा कक्षा है।	ᱱᱚᱣᱟ ᱱᱟᱯᱟᱭ ᱠᱞᱟᱥ ᱠᱟᱱᱟ।
demo0189	यह अच्छा प्रश्न है।	ᱱᱚᱣᱟ ᱱᱟᱯᱟᱭ ᱠᱩᱞᱤ ᱠᱟᱱᱟ।
demo0190	यह छोटा पाठ है।	ᱱᱚᱣᱟ ᱦᱩᱰᱤᱧ ᱯᱟᱴᱷ ᱠᱟᱱᱟ।
demo0191	यह पीला चित्र है।	ᱱᱚᱣᱟ ᱯᱤᱞ ᱪᱤᱛᱟᱹᱨ ᱠᱟᱱᱟ।
demo0192	यह पुराना मेज़ है।	ᱱᱚᱣᱟ ᱢᱟᱨᱮ ᱴᱮᱵᱩᱞ ᱠᱟᱱᱟ।
demo0193	यह पीला घंटी है।	ᱱᱚᱣᱟ ᱯᱤᱞ ᱜᱷᱟᱱᱴᱤ ᱠᱟᱱᱟ।
demo0194	यह सफ़ेद इतिहास है।	ᱱᱚᱣᱟ ᱫᱟᱹᱲ ᱱᱟᱜᱟᱢ ᱠᱟᱱᱟ।
demo0195	यह हरा अध्यापक है।	ᱱᱚᱣᱟ ᱦᱟᱨᱟ ᱢᱟᱪᱮᱫ ᱠᱟᱱᱟ।
demo0196	मेरे पास पाठ है।	ᱤᱧ ᱴᱷᱮᱱ ᱯᱟᱴᱷ ᱢᱮᱱᱟᱜᱼᱟ।
demo0197	यह सफ़ेद शिक्षक है।	ᱱᱚᱣᱟ ᱫᱟᱹᱲ ᱥᱟᱦᱟᱸ ᱠᱟᱱᱟ।
demo0198	यह पीला पेंसिल है।	ᱱᱚᱣᱟ ᱯᱤᱞ ᱯᱮᱱᱥᱤᱞ ᱠᱟᱱᱟ।
demo0199	यह लाल मैदान है।	ᱱᱚᱣᱟ ᱞᱟᱞ ᱢᱟᱭᱫᱟᱱ ᱠᱟᱱᱟ।
demo0200	यह छोटा स्लेट है।	ᱱᱚᱣᱟ ᱦᱩᱰᱤᱧ ᱥᱞᱮᱴ ᱠᱟᱱᱟ।
demo0201	यह काला कुर्सी है।	ᱱᱚᱣᱟ ᱠᱟᱞᱟ ᱠᱩᱨᱥᱤ ᱠᱟᱱᱟ।
demo0202	यह पुराना अक्षर है।	ᱱᱚᱣᱟ ᱢᱟᱨᱮ ᱚᱠᱷᱚᱨ ᱠᱟᱱᱟ।
demo0203	यह पुराना दीवार है।	ᱱᱚᱣᱟ ᱢᱟᱨᱮ ᱫᱮᱣᱟᱞ ᱠᱟᱱᱟ।
demo0204	यह छोटा प्रश्न है।	ᱱᱚᱣᱟ ᱦᱩᱰᱤᱧ ᱠᱩᱞᱤ ᱠᱟᱱᱟ।
demo0205	यह हरा घड़ी है।	ᱱᱚᱣᱟ ᱦᱟᱨᱟ ᱜᱷᱟᱲᱤ ᱠᱟᱱᱟ।
demo0206	यह काला अक्षर है।	ᱱᱚᱣᱟ ᱠᱟᱞᱟ ᱚᱠᱷᱚᱨ ᱠᱟᱱᱟ।
demo0207	यह अच्छा स्कूल है।	ᱱᱚᱣᱟ ᱱᱟᱯᱟᱭ ᱥᱠᱩᱞ ᱠᱟᱱᱟ।
demo0208	यह काला अध्यापक है।	ᱱᱚᱣᱟ ᱠᱟᱞᱟ ᱢᱟᱪᱮᱫ ᱠᱟᱱᱟ।
demo0209	यह बस्ता अच्छा है।	ᱱᱚᱣᱟ ᱵᱟᱹᱜ ᱱᱟᱯᱟᱭ ᱜᱮᱭᱟ।
demo0210	यह अच्छा स्लेट है।	ᱱᱚᱣᱟ ᱱᱟᱯᱟᱭ ᱥᱞᱮᱴ ᱠᱟᱱᱟ।
demo0211	यह नया किताब है।	ᱱᱚᱣᱟ ᱱᱟᱣᱟ ᱯᱚᱛᱚᱢ ᱠᱟᱱᱟ।
demo0212	शिक्षक ने पेन दिया।	ᱢᱟᱪᱮᱫ ᱫᱚ ᱯᱮᱱ ᱮᱢ ᱠᱮᱫᱟ।
demo0213	यह लाल काग़ज़ है।	ᱱᱚᱣᱟ ᱞᱟᱞ ᱠᱟᱜᱚᱡᱽ ᱠᱟᱱᱟ।
demo0214	यह सफ़ेद दीवार है।	ᱱᱚᱣᱟ ᱫᱟᱹᱲ ᱫᱮᱣᱟᱞ ᱠᱟᱱᱟ।
demo0215	यह नीला डस्टर है।	ᱱᱚᱣᱟ ᱱᱤᱞ ᱰᱟᱥᱴᱟᱨ ᱠᱟᱱᱟ।
demo0216	यह सफ़ेद घड़ी है।	ᱱᱚᱣᱟ ᱫᱟᱹᱲ ᱜᱷᱟᱲᱤ ᱠᱟᱱᱟ।
demo0217	यह नया अध्यापक है।	ᱱᱚᱣᱟ ᱱᱟᱣᱟ ᱢᱟᱪᱮᱫ ᱠᱟᱱᱟ।
demo0218	यह सफ़ेद गणित है।	ᱱᱚᱣᱟ ᱫᱟᱹᱲ ᱮᱞᱠᱷᱟ ᱠᱟᱱᱟ।
demo0219	यह पीला खिड़की है।	ᱱᱚᱣᱟ ᱯᱤᱞ ᱡᱷᱚᱨᱠᱟ ᱠᱟᱱᱟ।
demo0220	यह नया विज्ञान है।	ᱱᱚᱣᱟ ᱱᱟᱣᱟ ᱥᱟᱬᱮᱥ ᱠᱟᱱᱟ।
demo0221	कक्षा में स्लेट है।	ᱠᱞᱟᱥ ᱨᱮ ᱥᱞᱮᱴ ᱢᱮᱱᱟᱜᱼᱟ।
demo0222	यह सफ़ेद कुर्सी है।	ᱱᱚᱣᱟ ᱫᱟᱹᱲ ᱠᱩᱨᱥᱤ ᱠᱟᱱᱟ।
demo0223	यह नया शब्द है।	ᱱᱚᱣᱟ ᱱᱟᱣᱟ ᱥᱚᱵᱚᱫ ᱠᱟᱱᱟ।
demo0224	यह कक्षा अच्छा है।	ᱱᱚᱣᱟ ᱠᱞᱟᱥ ᱱᱟᱯᱟᱭ ᱜᱮᱭᱟ।
demo0225	यह नया दीवार है।	ᱱᱚᱣᱟ ᱱᱟᱣᱟ ᱫᱮᱣᱟᱞ ᱠᱟᱱᱟ।
demo0226	कक्षा में प्रश्न है।	ᱠᱞᱟᱥ ᱨᱮ ᱠᱩᱞᱤ ᱢᱮᱱᱟᱜᱼᱟ।
demo0227	यह पुराना कलम है।	ᱱᱚᱣᱟ ᱢᱟᱨᱮ ᱠᱟᱞᱟᱢ ᱠᱟᱱᱟ।
demo0228	यह लाल खिड़की है।	ᱱᱚᱣᱟ ᱞᱟᱞ ᱡᱷᱚᱨᱠᱟ ᱠᱟᱱᱟ।
demo0229	मेरे पास बस्ता है।	ᱤᱧ ᱴᱷᱮᱱ ᱵᱟᱹᱜ ᱢᱮᱱᱟᱜᱼᱟ।
demo0230	यह छोटा स्कूल है।	ᱱᱚᱣᱟ ᱦᱩᱰᱤᱧ ᱥᱠᱩᱞ ᱠᱟᱱᱟ।
demo0231	यह लाल कविता है।	ᱱᱚᱣᱟ ᱞᱟᱞ ᱚᱱᱚᱬᱦᱮ ᱠᱟᱱᱟ।
demo0232	यह पीला डस्टर है।	ᱱᱚᱣᱟ ᱯᱤᱞ ᱰᱟᱥᱴᱟᱨ ᱠᱟᱱᱟ।
demo0233	यह हरा शिक्षक है।	ᱱᱚᱣᱟ ᱦᱟᱨᱟ ᱥᱟᱦᱟᱸ ᱠᱟᱱᱟ।
demo0234	यह नया घड़ी है।	ᱱᱚᱣᱟ ᱱᱟᱣᱟ ᱜᱷᱟᱲᱤ ᱠᱟᱱᱟ।
demo0235	कविता कहाँ है?	ᱚᱱᱚᱬᱦᱮ ᱚᱠᱟᱨᱮ ᱢᱮᱱᱟᱜᱼᱟ?
demo0236	यह लाल अध्याय है।	ᱱᱚᱣᱟ ᱞᱟᱞ ᱟᱫᱷᱭᱟᱭ ᱠᱟᱱᱟ।
demo0237	यह खेल अच्छा है।	ᱱᱚᱣᱟ ᱠᱷᱮᱞ ᱱᱟᱯᱟᱭ ᱜᱮᱭᱟ।
demo0238	यह पुराना गणित है।	ᱱᱚᱣᱟ ᱢᱟᱨᱮ ᱮᱞᱠᱷᱟ ᱠᱟᱱᱟ।
demo0239	यह पीला मैदान है।	ᱱᱚᱣᱟ ᱯᱤᱞ ᱢᱟᱭᱫᱟᱱ ᱠᱟᱱᱟ।
demo0240	यह अच्छा खेल है।	ᱱᱚᱣᱟ ᱱᱟᱯᱟᱭ ᱠᱷᱮᱞ ᱠᱟᱱᱟ।
demo0241	यह हरा इतिहास है।	ᱱᱚᱣᱟ ᱦᱟᱨᱟ ᱱᱟᱜᱟᱢ ᱠᱟᱱᱟ।
demo0242	यह पीला कहानी है।	ᱱᱚᱣᱟ ᱯᱤᱞ ᱠᱟᱹᱦᱱᱤ ᱠᱟᱱᱟ।
demo0243	यह नीला खिड़की है।	ᱱᱚᱣᱟ ᱱᱤᱞ ᱡᱷᱚᱨᱠᱟ ᱠᱟᱱᱟ।
demo0244	यह अच्छा बस्ता है।	ᱱᱚᱣᱟ ᱱᱟᱯᱟᱭ ᱵᱟᱹᱜ ᱠᱟᱱᱟ।
demo0245	यह पीला अध्याय है।	ᱱᱚᱣᱟ ᱯᱤᱞ ᱟᱫᱷᱭᱟᱭ ᱠᱟᱱᱟ।
demo0246	यह काला किताब है।	ᱱᱚᱣᱟ ᱠᱟᱞᱟ ᱯᱚᱛᱚᱢ ᱠᱟᱱᱟ।
demo0247	यह काला नक्शा है।	ᱱᱚᱣᱟ ᱠᱟᱞᱟ ᱱᱚᱠᱥᱟ ᱠᱟᱱᱟ।
demo0248	यह हरा अक्षर है।	ᱱᱚᱣᱟ ᱦᱟᱨᱟ ᱚᱠᱷᱚᱨ ᱠᱟᱱᱟ।
demo0249	यह नीला पेंसिल है।	ᱱᱚᱣᱟ ᱱᱤᱞ ᱯᱮᱱᱥᱤᱞ ᱠᱟᱱᱟ।
demo0250	मेरे पास स्लेट है।	ᱤᱧ ᱴᱷᱮᱱ ᱥᱞᱮᱴ ᱢᱮᱱᱟᱜᱼᱟ।
demo0251	अध्याय कहाँ है?	ᱟᱫᱷᱭᱟᱭ ᱚᱠᱟᱨᱮ ᱢᱮᱱᱟᱜᱼᱟ?
demo0252	मेरे पास प्रश्न है।	ᱤᱧ ᱴᱷᱮᱱ ᱠᱩᱞᱤ ᱢᱮᱱᱟᱜᱼᱟ।
demo0253	यह लाल घंटी है।	ᱱᱚᱣᱟ ᱞᱟᱞ ᱜᱷᱟᱱᱴᱤ ᱠᱟᱱᱟ।
demo0254	यह हरा दीवार है।	ᱱᱚᱣᱟ ᱦᱟᱨᱟ ᱫᱮᱣᱟᱞ ᱠᱟᱱᱟ।
demo0255	यह नीला घंटी है।	ᱱᱚᱣᱟ ᱱᱤᱞ ᱜᱷᱟᱱᱴᱤ ᱠᱟᱱᱟ।
demo0256	मैदान कहाँ है?	ᱢᱟᱭᱫᱟᱱ ᱚᱠᱟᱨᱮ ᱢᱮᱱᱟᱜᱼᱟ?
demo0257	यह नीला कविता है।	ᱱᱚᱣᱟ ᱱᱤᱞ ᱚᱱᱚᱬᱦᱮ ᱠᱟᱱᱟ।
demo0258	वह एक पेन है।	ᱱᱚᱶᱟ ᱫᱚ ᱢᱤᱫ ᱯᱮᱱ ᱠᱟᱱᱟ।
demo0259	यह लाल दरवाज़ा है।	ᱱᱚᱣᱟ ᱞᱟᱞ ᱫᱩᱣᱟᱹᱨ ᱠᱟᱱᱟ।
demo0260	यह सफ़ेद विज्ञान है।	ᱱᱚᱣᱟ ᱫᱟᱹᱲ ᱥᱟᱬᱮᱥ ᱠᱟᱱᱟ।
demo0261	यह नीला मैदान है।	ᱱᱚᱣᱟ ᱱᱤᱞ ᱢᱟᱭᱫᱟᱱ ᱠᱟᱱᱟ।
demo0262	यह नया कुर्सी है।	ᱱᱚᱣᱟ ᱱᱟᱣᱟ ᱠᱩᱨᱥᱤ ᱠᱟᱱᱟ।
demo0263	काग़ज़ कहाँ है?	ᱠᱟᱜᱚᱡᱽ ᱚᱠᱟᱨᱮ ᱢᱮᱱᱟᱜᱼᱟ?
demo0264	वह एक चॉक है।	ᱱᱚᱶᱟ ᱫᱚ ᱢᱤᱫ ᱪᱟᱠ ᱠᱟᱱᱟ।
demo0265	यह पुराना घड़ी है।	ᱱᱚᱣᱟ ᱢᱟᱨᱮ ᱜᱷᱟᱲᱤ ᱠᱟᱱᱟ।
demo0266	यह सफ़ेद शब्द है।	ᱱᱚᱣᱟ ᱫᱟᱹᱲ ᱥᱚᱵᱚᱫ ᱠᱟᱱᱟ।
demo0267	यह पीला कविता है।	ᱱᱚᱣᱟ ᱯᱤᱞ ᱚᱱᱚᱬᱦᱮ ᱠᱟᱱᱟ।
demo0268	यह हरा गणित है।	ᱱᱚᱣᱟ ᱦᱟᱨᱟ ᱮᱞᱠᱷᱟ ᱠᱟᱱᱟ।
demo0269	यह पुराना इतिहास है।	ᱱᱚᱣᱟ ᱢᱟᱨᱮ ᱱᱟᱜᱟᱢ ᱠᱟᱱᱟ।
demo0270	यह प्रश्न अच्छा है।	ᱱᱚᱣᱟ ᱠᱩᱞᱤ ᱱᱟᱯᱟᱭ ᱜᱮᱭᱟ।
demo0271	यह पीला काग़ज़ है।	ᱱᱚᱣᱟ ᱯᱤᱞ ᱠᱟᱜᱚᱡᱽ ᱠᱟᱱᱟ।
demo0272	मेरे पास खेल है।	ᱤᱧ ᱴᱷᱮᱱ ᱠᱷᱮᱞ ᱢᱮᱱᱟᱜᱼᱟ।
demo0273	यह पुराना नक्शा है।	ᱱᱚᱣᱟ ᱢᱟᱨᱮ ᱱᱚᱠᱥᱟ ᱠᱟᱱᱟ।
demo0274	यह नया कलम है।	ᱱᱚᱣᱟ ᱱᱟᱣᱟ ᱠᱟᱞᱟᱢ ᱠᱟᱱᱟ।
demo0275	डस्टर कहाँ है?	ᱰᱟᱥᱴᱟᱨ ᱚᱠᱟᱨᱮ ᱢᱮᱱᱟᱜᱼᱟ?
demo0276	यह सफ़ेद अक्षर है।	ᱱᱚᱣᱟ ᱫᱟᱹᱲ ᱚᱠᱷᱚᱨ ᱠᱟᱱᱟ।
demo0277	कक्षा में स्कूल है।	ᱠᱞᱟᱥ ᱨᱮ ᱥᱠᱩᱞ ᱢᱮᱱᱟᱜᱼᱟ।
demo0278	यह पुराना विज्ञान है।	ᱱᱚᱣᱟ ᱢᱟᱨᱮ ᱥᱟᱬᱮᱥ ᱠᱟᱱᱟ।
demo0279	यह नया इतिहास है।	ᱱᱚᱣᱟ ᱱᱟᱣᱟ ᱱᱟᱜᱟᱢ ᱠᱟᱱᱟ।
demo0280	यह नया शिक्षक है।	ᱱᱚᱣᱟ ᱱᱟᱣᱟ ᱥᱟᱦᱟᱸ ᱠᱟᱱᱟ।
demo0281	चित्र कहाँ है?	ᱪᱤᱛᱟᱹᱨ ᱚᱠᱟᱨᱮ ᱢᱮᱱᱟᱜᱼᱟ?
demo0282	यह नया गणित है।	ᱱᱚᱣᱟ ᱱᱟᱣᱟ ᱮᱞᱠᱷᱟ ᱠᱟᱱᱟ।
demo0283	यह हरा किताब है।	ᱱᱚᱣᱟ ᱦᱟᱨᱟ ᱯᱚᱛᱚᱢ ᱠᱟᱱᱟ।
demo0284	यह काला घड़ी है।	ᱱᱚᱣᱟ ᱠᱟᱞᱟ ᱜᱷᱟᱲᱤ ᱠᱟᱱᱟ।
demo0285	मेरे पास कक्षा है।	ᱤᱧ ᱴᱷᱮᱱ ᱠᱞᱟᱥ ᱢᱮᱱᱟᱜᱼᱟ।
demo0286	यह लाल कहानी है।	ᱱᱚᱣᱟ ᱞᱟᱞ ᱠᱟᱹᱦᱱᱤ ᱠᱟᱱᱟ।
demo0287	यह काला विज्ञान है।	ᱱᱚᱣᱟ ᱠᱟᱞᱟ ᱥᱟᱬᱮᱥ ᱠᱟᱱᱟ।
demo0288	यह हरा कलम है।	ᱱᱚᱣᱟ ᱦᱟᱨᱟ ᱠᱟᱞᱟᱢ ᱠᱟᱱᱟ।
demo0289	कक्षा में खेल है।	ᱠᱞᱟᱥ ᱨᱮ ᱠᱷᱮᱞ ᱢᱮᱱᱟᱜᱼᱟ।
demo0290	खिड़की कहाँ है?	ᱡᱷᱚᱨᱠᱟ ᱚᱠᱟᱨᱮ ᱢᱮᱱᱟᱜᱼᱟ?
demo0291	यह सफ़ेद मेज़ है।	ᱱᱚᱣᱟ ᱫᱟᱹᱲ ᱴᱮᱵᱩᱞ ᱠᱟᱱᱟ।
demo0292	यह हरा विज्ञान है।	ᱱᱚᱣᱟ ᱦᱟᱨᱟ ᱥᱟᱬᱮᱥ ᱠᱟᱱᱟ।
demo0293	यह काला कलम है।	ᱱᱚᱣᱟ ᱠᱟᱞᱟ ᱠᱟᱞᱟᱢ ᱠᱟᱱᱟ।
demo0294	मेरे पास स्कूल है।	ᱤᱧ ᱴᱷᱮᱱ ᱥᱠᱩᱞ ᱢᱮᱱᱟᱜᱼᱟ।
demo0295	यह हरा शब्द है।	ᱱᱚᱣᱟ ᱦᱟᱨᱟ ᱥᱚᱵᱚᱫ ᱠᱟᱱᱟ।
demo0296	यह नया अक्षर है।	ᱱᱚᱣᱟ ᱱᱟᱣᱟ ᱚᱠᱷᱚᱨ ᱠᱟᱱᱟ।
demo0297	घंटी कहाँ है?	ᱜᱷᱟᱱᱴᱤ ᱚᱠᱟᱨᱮ ᱢᱮᱱᱟᱜᱼᱟ?
demo0298	यह हरा नक्शा है।	ᱱᱚᱣᱟ ᱦᱟᱨᱟ ᱱᱚᱠᱥᱟ ᱠᱟᱱᱟ।
demo0299	पेंसिल कहाँ है?	ᱯᱮᱱᱥᱤᱞ ᱚᱠᱟᱨᱮ ᱢᱮᱱᱟᱜᱼᱟ?
demo0300	यह एक पेन है।	ᱱᱚᱣᱟ ᱫᱚ ᱢᱤᱫ ᱯᱮᱱ ᱠᱟᱱᱟ।
demo0301	मेरे पास उत्तर है।	ᱤᱧ ᱴᱷᱮᱱ ᱛᱮᱞᱟ ᱢᱮᱱᱟᱜᱼᱟ।
demo0302	यह काला गणित है।	ᱱᱚᱣᱟ ᱠᱟᱞᱟ ᱮᱞᱠᱷᱟ ᱠᱟᱱᱟ।
demo0303	यह छोटा खेल है।	ᱱᱚᱣᱟ ᱦᱩᱰᱤᱧ ᱠᱷᱮᱞ ᱠᱟᱱᱟ।
demo0304	यह पुराना कुर्सी है।	ᱱᱚᱣᱟ ᱢᱟᱨᱮ ᱠᱩᱨᱥᱤ ᱠᱟᱱᱟ।
demo0305	यह पुराना अध्यापक है।	ᱱᱚᱣᱟ ᱢᱟᱨᱮ ᱢᱟᱪᱮᱫ ᱠᱟᱱᱟ।
demo0306	यह पुराना किताब है।	ᱱᱚᱣᱟ ᱢᱟᱨᱮ ᱯᱚᱛᱚᱢ ᱠᱟᱱᱟ।
demo0307	दरवाज़ा कहाँ है?	ᱫᱩᱣᱟᱹᱨ ᱚᱠᱟᱨᱮ ᱢᱮᱱᱟᱜᱼᱟ?
demo0308	यह नीला दरवाज़ा है।	ᱱᱚᱣᱟ ᱱᱤᱞ ᱫᱩᱣᱟᱹᱨ ᱠᱟᱱᱟ।
demo0309	यह स्कूल अच्छा है।	ᱱᱚᱣᱟ ᱥᱠᱩᱞ ᱱᱟᱯᱟᱭ ᱜᱮᱭᱟ।
demo0310	यह छोटा उत्तर है।	ᱱᱚᱣᱟ ᱦᱩᱰᱤᱧ ᱛᱮᱞᱟ ᱠᱟᱱᱟ।
demo0311	कक्षा में बस्ता है।	ᱠᱞᱟᱥ ᱨᱮ ᱵᱟᱹᱜ ᱢᱮᱱᱟᱜᱼᱟ।
demo0312	यह लाल डस्टर है।	ᱱᱚᱣᱟ ᱞᱟᱞ ᱰᱟᱥᱴᱟᱨ ᱠᱟᱱᱟ।
demo0313	यह उत्तर अच्छा है।	ᱱᱚᱣᱟ ᱛᱮᱞᱟ ᱱᱟᱯᱟᱭ ᱜᱮᱭᱟ।
demo0314	यह नया मेज़ है।	ᱱᱚᱣᱟ ᱱᱟᱣᱟ ᱴᱮᱵᱩᱞ ᱠᱟᱱᱟ।
demo0315	यह नया नक्शा है।	ᱱᱚᱣᱟ ᱱᱟᱣᱟ ᱱᱚᱠᱥᱟ ᱠᱟᱱᱟ।
demo0316	कक्षा में कक्षा है।	ᱠᱞᱟᱥ ᱨᱮ ᱠᱞᱟᱥ ᱢᱮᱱᱟᱜᱼᱟ।
demo0317	यह हरा कुर्सी है।	ᱱᱚᱣᱟ ᱦᱟᱨᱟ ᱠᱩᱨᱥᱤ ᱠᱟᱱᱟ।
demo0318	यह अच्छा पाठ है।	ᱱᱚᱣᱟ ᱱᱟᱯᱟᱭ ᱯᱟᱴᱷ ᱠᱟᱱᱟ।
demo0319	शिक्षक ने चॉक दिया।	ᱢᱟᱪᱮᱫ ᱫᱚ ᱪᱟᱠ ᱮᱢ ᱠᱮᱫᱟ।
demo0320	यह एक चॉक है।	ᱱᱚᱣᱟ ᱫᱚ ᱢᱤᱫ ᱪᱟᱠ ᱠᱟᱱᱟ।
demo0321	यह पुराना शिक्षक है।	ᱱᱚᱣᱟ ᱢᱟᱨᱮ ᱥᱟᱦᱟᱸ ᱠᱟᱱᱟ।
demo0322	यह लाल चित्र है।	ᱱᱚᱣᱟ ᱞᱟᱞ ᱪᱤᱛᱟᱹᱨ ᱠᱟᱱᱟ।
demo0323	यह पाठ अच्छा है।	ᱱᱚᱣᱟ ᱯᱟᱴᱷ ᱱᱟᱯᱟᱭ ᱜᱮᱭᱟ।
demo0324	यह नीला अध्याय है।	ᱱᱚᱣᱟ ᱱᱤᱞ ᱟᱫᱷᱭᱟᱭ ᱠᱟᱱᱟ।
demo0325	कक्षा में उत्तर है।	ᱠᱞᱟᱥ ᱨᱮ ᱛᱮᱞᱟ ᱢᱮᱱᱟᱜᱼᱟ।
demo0326	यह छोटा बस्ता है।	ᱱᱚᱣᱟ ᱦᱩᱰᱤᱧ ᱵᱟᱹᱜ ᱠᱟᱱᱟ।
demo0327	यह काला इतिहास है।	ᱱᱚᱣᱟ ᱠᱟᱞᱟ ᱱᱟᱜᱟᱢ ᱠᱟᱱᱟ।
demo0328	कक्षा में पाठ है।	ᱠᱞᱟᱥ ᱨᱮ ᱯᱟᱴᱷ ᱢᱮᱱᱟᱜᱼᱟ।
demo0329	यह काला शिक्षक है।	ᱱᱚᱣᱟ ᱠᱟᱞᱟ ᱥᱟᱦᱟᱸ ᱠᱟᱱᱟ।
demo0330	यह सफ़ेद अध्यापक है।	ᱱᱚᱣᱟ ᱫᱟᱹᱲ ᱢᱟᱪᱮᱫ ᱠᱟᱱᱟ।
demo0331	यह सफ़ेद कलम है।	ᱱᱚᱣᱟ ᱫᱟᱹᱲ ᱠᱟᱞᱟᱢ ᱠᱟᱱᱟ।
demo0332	कहानी कहाँ है?	ᱠᱟᱹᱦᱱᱤ ᱚᱠᱟᱨᱮ ᱢᱮᱱᱟᱜᱼᱟ?
demo0333	यह पीला दरवाज़ा है।	ᱱᱚᱣᱟ ᱯᱤᱞ ᱫᱩᱣᱟᱹᱨ ᱠᱟᱱᱟ।
demo0334	यह छोटा अक्षर है।	ᱱᱚᱣᱟ ᱦᱩᱰᱤᱧ ᱚᱠᱷᱚᱨ ᱠᱟᱱᱟ।
demo0335	कक्षा में कुर्सी है।	ᱠᱞᱟᱥ ᱨᱮ ᱠᱩᱨᱥᱤ ᱢᱮᱱᱟᱜᱼᱟ।
demo0336	यह सफ़ेद चित्र है।	ᱱᱚᱣᱟ ᱫᱟᱹᱲ ᱪᱤᱛᱟᱹᱨ ᱠᱟᱱᱟ।
demo0337	शिक्षक ने पाठ दिया।	ᱢᱟᱪᱮᱫ ᱫᱚ ᱯᱟᱴᱷ ᱮᱢ ᱠᱮᱫᱟ।
demo0338	यह छोटा गणित है।	ᱱᱚᱣᱟ ᱦᱩᱰᱤᱧ ᱮᱞᱠᱷᱟ ᱠᱟᱱᱟ।
demo0339	मेरे पास दीवार है।	ᱤᱧ ᱴᱷᱮᱱ ᱫᱮᱣᱟᱞ ᱢᱮᱱᱟᱜᱼᱟ।
demo0340	यह काला कहानी है।	ᱱᱚᱣᱟ ᱠᱟᱞᱟ ᱠᱟᱹᱦᱱᱤ ᱠᱟᱱᱟ।
demo0341	यह नया खिड़की है।	ᱱᱚᱣᱟ ᱱᱟᱣᱟ ᱡᱷᱚᱨᱠᱟ ᱠᱟᱱᱟ।
demo0342	कक्षा में इतिहास है।	ᱠᱞᱟᱥ ᱨᱮ ᱱᱟᱜᱟᱢ ᱢᱮᱱᱟᱜᱼᱟ।
demo0343	मेरे पास गणित है।	ᱤᱧ ᱴᱷᱮᱱ ᱮᱞᱠᱷᱟ ᱢᱮᱱᱟᱜᱼᱟ।
demo0344	यह अच्छा घड़ी है।	ᱱᱚᱣᱟ ᱱᱟᱯᱟᱭ ᱜᱷᱟᱲᱤ ᱠᱟᱱᱟ।
demo0345	यह शिक्षक अच्छा है।	ᱱᱚᱣᱟ ᱥᱟᱦᱟᱸ ᱱᱟᱯᱟᱭ ᱜᱮᱭᱟ।
demo0346	यह शब्द अच्छा है।	ᱱᱚᱣᱟ ᱥᱚᱵᱚᱫ ᱱᱟᱯᱟᱭ ᱜᱮᱭᱟ।
demo0347	यह पुराना डस्टर है।	ᱱᱚᱣᱟ ᱢᱟᱨᱮ ᱰᱟᱥᱴᱟᱨ ᱠᱟᱱᱟ।
demo0348	यह नीला अभ्यास है।	ᱱᱚᱣᱟ ᱱᱤᱞ ᱟᱹᱵᱷᱭᱟᱥ ᱠᱟᱱᱟ।
demo0349	यह सफ़ेद कहानी है।	ᱱᱚᱣᱟ ᱫᱟᱹᱲ ᱠᱟᱹᱦᱱᱤ ᱠᱟᱱᱟ।
demo0350	यह हरा मैदान है।	ᱱᱚᱣᱟ ᱦᱟᱨᱟ ᱢᱟᱭᱫᱟᱱ ᱠᱟᱱᱟ।
demo0351	यह छोटा मेज़ है।	ᱱᱚᱣᱟ ᱦᱩᱰᱤᱧ ᱴᱮᱵᱩᱞ ᱠᱟᱱᱟ।
demo0352	यह एक स्लेट है।	ᱱᱚᱣᱟ ᱫᱚ ᱢᱤᱫ ᱥᱞᱮᱴ ᱠᱟᱱᱟ।
demo0353	यह दीवार अच्छा है।	ᱱᱚᱣᱟ ᱫᱮᱣᱟᱞ ᱱᱟᱯᱟᱭ ᱜᱮᱭᱟ।
demo0354	कक्षा में दीवार है।	ᱠᱞᱟᱥ ᱨᱮ ᱫᱮᱣᱟᱞ ᱢᱮᱱᱟᱜᱼᱟ।
demo0355	यह छोटा शिक्षक है।	ᱱᱚᱣᱟ ᱦᱩᱰᱤᱧ ᱥᱟᱦᱟᱸ ᱠᱟᱱᱟ।
demo0356	यह अच्छा इतिहास है।	ᱱᱚᱣᱟ ᱱᱟᱯᱟᱭ ᱱᱟᱜᱟᱢ ᱠᱟᱱᱟ।
demo0357	वह एक स्कूल है।	ᱱᱚᱶᱟ ᱫᱚ ᱢᱤᱫ ᱥᱠᱩᱞ ᱠᱟᱱᱟ।
demo0358	यह काला खिड़की है।	ᱱᱚᱣᱟ ᱠᱟᱞᱟ ᱡᱷᱚᱨᱠᱟ ᱠᱟᱱᱟ।
demo0359	मेरे पास शिक्षक है।	ᱤᱧ ᱴᱷᱮᱱ ᱥᱟᱦᱟᱸ ᱢᱮᱱᱟᱜᱼᱟ।
demo0360	मेरे पास किताब है।	ᱤᱧ ᱴᱷᱮᱱ ᱯᱚᱛᱚᱢ ᱢᱮᱱᱟᱜᱼᱟ।
demo0361	यह घड़ी अच्छा है।	ᱱᱚᱣᱟ ᱜᱷᱟᱲᱤ ᱱᱟᱯᱟᱭ ᱜᱮᱭᱟ।
demo0362	शिक्षक ने प्रश्न दिया।	ᱢᱟᱪᱮᱫ ᱫᱚ ᱠᱩᱞᱤ ᱮᱢ ᱠᱮᱫᱟ।
demo0363	यह सफ़ेद मैदान है।	ᱱᱚᱣᱟ ᱫᱟᱹᱲ ᱢᱟᱭᱫᱟᱱ ᱠᱟᱱᱟ।
demo0364	यह छोटा शब्द है।	ᱱᱚᱣᱟ ᱦᱩᱰᱤᱧ ᱥᱚᱵᱚᱫ ᱠᱟᱱᱟ।
demo0365	यह नया मैदान है।	ᱱᱚᱣᱟ ᱱᱟᱣᱟ ᱢᱟᱭᱫᱟᱱ ᱠᱟᱱᱟ।
demo0366	यह अच्छा शब्द है।	ᱱᱚᱣᱟ ᱱᱟᱯᱟᱭ ᱥᱚᱵᱚᱫ ᱠᱟᱱᱟ।
demo0367	यह अच्छा दीवार है।	ᱱᱚᱣᱟ ᱱᱟᱯᱟᱭ ᱫᱮᱣᱟᱞ ᱠᱟᱱᱟ।
demo0368	यह अच्छा किताब है।	ᱱᱚᱣᱟ ᱱᱟᱯᱟᱭ ᱯᱚᱛᱚᱢ ᱠᱟᱱᱟ।
demo0369	यह अच्छा मेज़ है।	ᱱᱚᱣᱟ ᱱᱟᱯᱟᱭ ᱴᱮᱵᱩᱞ ᱠᱟᱱᱟ।
demo0370	यह सफ़ेद डस्टर है।	ᱱᱚᱣᱟ ᱫᱟᱹᱲ ᱰᱟᱥᱴᱟᱨ ᱠᱟᱱᱟ।
demo0371	कक्षा में शिक्षक है।	ᱠᱞᱟᱥ ᱨᱮ ᱥᱟᱦᱟᱸ ᱢᱮᱱᱟᱜᱼᱟ।
demo0372	मेरे पास शब्द है।	ᱤᱧ ᱴᱷᱮᱱ ᱥᱚᱵᱚᱫ ᱢᱮᱱᱟᱜᱼᱟ।
demo0373	यह अच्छा गणित है।	ᱱᱚᱣᱟ ᱱᱟᱯᱟᱭ ᱮᱞᱠᱷᱟ ᱠᱟᱱᱟ।
demo0374	यह सफ़ेद खिड़की है।	ᱱᱚᱣᱟ ᱫᱟᱹᱲ ᱡᱷᱚᱨᱠᱟ ᱠᱟᱱᱟ।
demo0375	मेरे पास इतिहास है।	ᱤᱧ ᱴᱷᱮᱱ ᱱᱟᱜᱟᱢ ᱢᱮᱱᱟᱜᱼᱟ।
demo0376	यह काला घंटी है।	ᱱᱚᱣᱟ ᱠᱟᱞᱟ ᱜᱷᱟᱱᱴᱤ ᱠᱟᱱᱟ।
demo0377	कक्षा में गणित है।	ᱠᱞᱟᱥ ᱨᱮ ᱮᱞᱠᱷᱟ ᱢᱮᱱᱟᱜᱼᱟ।
demo0378	यह हरा खिड़की है।	ᱱᱚᱣᱟ ᱦᱟᱨᱟ ᱡᱷᱚᱨᱠᱟ ᱠᱟᱱᱟ।
demo0379	यह विज्ञान अच्छा है।	ᱱᱚᱣᱟ ᱥᱟᱬᱮᱥ ᱱᱟᱯᱟᱭ ᱜᱮᱭᱟ।
demo0380	यह हरा दरवाज़ा है।	ᱱᱚᱣᱟ ᱦᱟᱨᱟ ᱫᱩᱣᱟᱹᱨ ᱠᱟᱱᱟ।
demo0381	शिक्षक ने बस्ता दिया।	ᱢᱟᱪᱮᱫ ᱫᱚ ᱵᱟᱹᱜ ᱮᱢ ᱠᱮᱫᱟ।
demo0382	यह अक्षर अच्छा है।	ᱱᱚᱣᱟ ᱚᱠᱷᱚᱨ ᱱᱟᱯᱟᱭ ᱜᱮᱭᱟ।
demo0383	यह मेज़ अच्छा है।	ᱱᱚᱣᱟ ᱴᱮᱵᱩᱞ ᱱᱟᱯᱟᱭ ᱜᱮᱭᱟ।
demo0384	वह एक खेल है।	ᱱᱚᱶᱟ ᱫᱚ ᱢᱤᱫ ᱠᱷᱮᱞ ᱠᱟᱱᱟ।
demo0385	यह नया अध्याय है।	ᱱᱚᱣᱟ ᱱᱟᱣᱟ ᱟᱫᱷᱭᱟᱭ ᱠᱟᱱᱟ।
demo0386	यह पुराना काग़ज़ है।	ᱱᱚᱣᱟ ᱢᱟᱨᱮ ᱠᱟᱜᱚᱡᱽ ᱠᱟᱱᱟ।
demo0387	यह पुराना कहानी है।	ᱱᱚᱣᱟ ᱢᱟᱨᱮ ᱠᱟᱹᱦᱱᱤ ᱠᱟᱱᱟ।
demo0388	शिक्षक ने खेल दिया।	ᱢᱟᱪᱮᱫ ᱫᱚ ᱠᱷᱮᱞ ᱮᱢ ᱠᱮᱫᱟ।
demo0389	यह अच्छा कलम है।	ᱱᱚᱣᱟ ᱱᱟᱯᱟᱭ ᱠᱟᱞᱟᱢ ᱠᱟᱱᱟ।
demo0390	कक्षा में किताब है।	ᱠᱞᱟᱥ ᱨᱮ ᱯᱚᱛᱚᱢ ᱢᱮᱱᱟᱜᱼᱟ।
demo0391	यह एक खेल है।	ᱱᱚᱣᱟ ᱫᱚ ᱢᱤᱫ ᱠᱷᱮᱞ ᱠᱟᱱᱟ।
demo0392	यह नया कविता है।	ᱱᱚᱣᱟ ᱱᱟᱣᱟ ᱚᱱᱚᱬᱦᱮ ᱠᱟᱱᱟ।
demo0393	यह हरा कविता है।	ᱱᱚᱣᱟ ᱦᱟᱨᱟ ᱚᱱᱚᱬᱦᱮ ᱠᱟᱱᱟ।
demo0394	शिक्षक ने उत्तर दिया।	ᱢᱟᱪᱮᱫ ᱫᱚ ᱛᱮᱞᱟ ᱮᱢ ᱠᱮᱫᱟ।
demo0395	यह पुराना कविता है।	ᱱᱚᱣᱟ ᱢᱟᱨᱮ ᱚᱱᱚᱬᱦᱮ ᱠᱟᱱᱟ।
demo0396	वह एक स्लेट है।	ᱱᱚᱶᱟ ᱫᱚ ᱢᱤᱫ ᱥᱞᱮᱴ ᱠᱟᱱᱟ।
demo0397	यह काला पेंसिल है।	ᱱᱚᱣᱟ ᱠᱟᱞᱟ ᱯᱮᱱᱥᱤᱞ ᱠᱟᱱᱟ।
demo0398	यह अध्यापक अच्छा है।	ᱱᱚᱣᱟ ᱢᱟᱪᱮᱫ ᱱᱟᱯᱟᱭ ᱜᱮᱭᱟ।
demo0399	यह हरा चित्र है।	ᱱᱚᱣᱟ ᱦᱟᱨᱟ ᱪᱤᱛᱟᱹᱨ ᱠᱟᱱᱟ।
demo0400	यह सफ़ेद दरवाज़ा है।	ᱱᱚᱣᱟ ᱫᱟᱹᱲ ᱫᱩᱣᱟᱹᱨ ᱠᱟᱱᱟ।
demo0401	मेरे पास घड़ी है।	ᱤᱧ ᱴᱷᱮᱱ ᱜᱷᱟᱲᱤ ᱢᱮᱱᱟᱜᱼᱟ।
demo0402	यह काला कविता है।	ᱱᱚᱣᱟ ᱠᱟᱞᱟ ᱚᱱᱚᱬᱦᱮ ᱠᱟᱱᱟ।
demo0403	यह छोटा अध्यापक है।	ᱱᱚᱣᱟ ᱦᱩᱰᱤᱧ ᱢᱟᱪᱮᱫ ᱠᱟᱱᱟ।
demo0404	यह नक्शा अच्छा है।	ᱱᱚᱣᱟ ᱱᱚᱠᱥᱟ ᱱᱟᱯᱟᱭ ᱜᱮᱭᱟ।
demo0405	यह पुराना पेंसिल है।	ᱱᱚᱣᱟ ᱢᱟᱨᱮ ᱯᱮᱱᱥᱤᱞ ᱠᱟᱱᱟ।
demo0406	यह काला डस्टर है।	ᱱᱚᱣᱟ ᱠᱟᱞᱟ ᱰᱟᱥᱴᱟᱨ ᱠᱟᱱᱟ।
demo0407	यह अच्छा शिक्षक है।	ᱱᱚᱣᱟ ᱱᱟᱯᱟᱭ ᱥᱟᱦᱟᱸ ᱠᱟᱱᱟ।
demo0408	यह सफ़ेद अध्याय है।	ᱱᱚᱣᱟ ᱫᱟᱹᱲ ᱟᱫᱷᱭᱟᱭ ᱠᱟᱱᱟ।
demo0409	यह हरा पेंसिल है।	ᱱᱚᱣᱟ ᱦᱟᱨᱟ ᱯᱮᱱᱥᱤᱞ ᱠᱟᱱᱟ।
demo0410	यह नया पेंसिल है।	ᱱᱚᱣᱟ ᱱᱟᱣᱟ ᱯᱮᱱᱥᱤᱞ ᱠᱟᱱᱟ।
demo0411	कक्षा में कलम है।	ᱠᱞᱟᱥ ᱨᱮ ᱠᱟᱞᱟᱢ ᱢᱮᱱᱟᱜᱼᱟ।
demo0412	यह छोटा कलम है।	ᱱᱚᱣᱟ ᱦᱩᱰᱤᱧ ᱠᱟᱞᱟᱢ ᱠᱟᱱᱟ।
demo0413	मेरे पास कलम है।	ᱤᱧ ᱴᱷᱮᱱ ᱠᱟᱞᱟᱢ ᱢᱮᱱᱟᱜᱼᱟ।
demo0414	यह हरा काग़ज़ है।	ᱱᱚᱣᱟ ᱦᱟᱨᱟ ᱠᱟᱜᱚᱡᱽ ᱠᱟᱱᱟ।
demo0415	यह काला काग़ज़ है।	ᱱᱚᱣᱟ ᱠᱟᱞᱟ ᱠᱟᱜᱚᱡᱽ ᱠᱟᱱᱟ।
demo0416	यह अच्छा कुर्सी है।	ᱱᱚᱣᱟ ᱱᱟᱯᱟᱭ ᱠᱩᱨᱥᱤ ᱠᱟᱱᱟ।
demo0417	मेरे पास अक्षर है।	ᱤᱧ ᱴᱷᱮᱱ ᱚᱠᱷᱚᱨ ᱢᱮᱱᱟᱜᱼᱟ।
demo0418	यह अच्छा विज्ञान है।	ᱱᱚᱣᱟ ᱱᱟᱯᱟᱭ ᱥᱟᱬᱮᱥ ᱠᱟᱱᱟ।
demo0419	कक्षा में घड़ी है।	ᱠᱞᱟᱥ ᱨᱮ ᱜᱷᱟᱲᱤ ᱢᱮᱱᱟᱜᱼᱟ।
demo0420	यह छोटा विज्ञान है।	ᱱᱚᱣᱟ ᱦᱩᱰᱤᱧ ᱥᱟᱬᱮᱥ ᱠᱟᱱᱟ।
demo0421	यह नया घंटी है।	ᱱᱚᱣᱟ ᱱᱟᱣᱟ ᱜᱷᱟᱱᱴᱤ ᱠᱟᱱᱟ।
demo0422	वह एक पाठ है।	ᱱᱚᱶᱟ ᱫᱚ ᱢᱤᱫ ᱯᱟᱴᱷ ᱠᱟᱱᱟ।
demo0423	शिक्षक ने कक्षा दिया।	ᱢᱟᱪᱮᱫ ᱫᱚ ᱠᱞᱟᱥ ᱮᱢ ᱠᱮᱫᱟ।
demo0424	यह एक पाठ है।	ᱱᱚᱣᱟ ᱫᱚ ᱢᱤᱫ ᱯᱟᱴᱷ ᱠᱟᱱᱟ।
demo0425	यह सफ़ेद घंटी है।	ᱱᱚᱣᱟ ᱫᱟᱹᱲ ᱜᱷᱟᱱᱴᱤ ᱠᱟᱱᱟ।
demo0426	अभ्यास कहाँ है?	ᱟᱹᱵᱷᱭᱟᱥ ᱚᱠᱟᱨᱮ ᱢᱮᱱᱟᱜᱼᱟ?
demo0427	यह सफ़ेद पेंसिल है।	ᱱᱚᱣᱟ ᱫᱟᱹᱲ ᱯᱮᱱᱥᱤᱞ ᱠᱟᱱᱟ।
demo0428	यह नया डस्टर है।	ᱱᱚᱣᱟ ᱱᱟᱣᱟ ᱰᱟᱥᱴᱟᱨ ᱠᱟᱱᱟ।
demo0429	यह हरा अध्याय है।	ᱱᱚᱣᱟ ᱦᱟᱨᱟ ᱟᱫᱷᱭᱟᱭ ᱠᱟᱱᱟ।
demo0430	यह नया दरवाज़ा है।	ᱱᱚᱣᱟ ᱱᱟᱣᱟ ᱫᱩᱣᱟᱹᱨ ᱠᱟᱱᱟ।
demo0431	यह पुराना चित्र है।	ᱱᱚᱣᱟ ᱢᱟᱨᱮ ᱪᱤᱛᱟᱹᱨ ᱠᱟᱱᱟ।
demo0432	कक्षा में अध्यापक है।	ᱠᱞᱟᱥ ᱨᱮ ᱢᱟᱪᱮᱫ ᱢᱮᱱᱟᱜᱼᱟ।
demo0433	यह नया कहानी है।	ᱱᱚᱣᱟ ᱱᱟᱣᱟ ᱠᱟᱹᱦᱱᱤ ᱠᱟᱱᱟ।
demo0434	कक्षा में नक्शा है।	ᱠᱞᱟᱥ ᱨᱮ ᱱᱚᱠᱥᱟ ᱢᱮᱱᱟᱜᱼᱟ।
demo0435	यह अच्छा अध्यापक है।	ᱱᱚᱣᱟ ᱱᱟᱯᱟᱭ ᱢᱟᱪᱮᱫ ᱠᱟᱱᱟ।
demo0436	यह काला मैदान है।	ᱱᱚᱣᱟ ᱠᱟᱞᱟ ᱢᱟᱭᱫᱟᱱ ᱠᱟᱱᱟ।
demo0437	यह सफ़ेद कविता है।	ᱱᱚᱣᱟ ᱫᱟᱹᱲ ᱚᱱᱚᱬᱦᱮ ᱠᱟᱱᱟ।
demo0438	कक्षा में अक्षर है।	ᱠᱞᱟᱥ ᱨᱮ ᱚᱠᱷᱚᱨ ᱢᱮᱱᱟᱜᱼᱟ।
demo0439	यह छोटा नक्शा है।	ᱱᱚᱣᱟ ᱦᱩᱰᱤᱧ ᱱᱚᱠᱥᱟ ᱠᱟᱱᱟ।
demo0440	मेरे पास मेज़ है।	ᱤᱧ ᱴᱷᱮᱱ ᱴᱮᱵᱩᱞ ᱢᱮᱱᱟᱜᱼᱟ।
demo0441	वह एक कक्षा है।	ᱱᱚᱶᱟ ᱫᱚ ᱢᱤᱫ ᱠᱞᱟᱥ ᱠᱟᱱᱟ।
demo0442	यह किताब अच्छा है।	ᱱᱚᱣᱟ ᱯᱚᱛᱚᱢ ᱱᱟᱯᱟᱭ ᱜᱮᱭᱟ।
demo0443	वह एक उत्तर है।	ᱱᱚᱶᱟ ᱫᱚ ᱢᱤᱫ ᱛᱮᱞᱟ ᱠᱟᱱᱟ।
demo0444	यह नया काग़ज़ है।	ᱱᱚᱣᱟ ᱱᱟᱣᱟ ᱠᱟᱜᱚᱡᱽ ᱠᱟᱱᱟ।
demo0445	यह छोटा कुर्सी है।	ᱱᱚᱣᱟ ᱦᱩᱰᱤᱧ ᱠᱩᱨᱥᱤ ᱠᱟᱱᱟ।
demo0446	यह एक बस्ता है।	ᱱᱚᱣᱟ ᱫᱚ ᱢᱤᱫ ᱵᱟᱹᱜ ᱠᱟᱱᱟ।
demo0447	यह अच्छा नक्शा है।	ᱱᱚᱣᱟ ᱱᱟᱯᱟᱭ ᱱᱚᱠᱥᱟ ᱠᱟᱱᱟ।
demo0448	यह पुराना अध्याय है।	ᱱᱚᱣᱟ ᱢᱟᱨᱮ ᱟᱫᱷᱭᱟᱭ ᱠᱟᱱᱟ।
demo0449	मेरे पास नक्शा है।	ᱤᱧ ᱴᱷᱮᱱ ᱱᱚᱠᱥᱟ ᱢᱮᱱᱟᱜᱼᱟ।
demo0450	यह काला अध्याय है।	ᱱᱚᱣᱟ ᱠᱟᱞᱟ ᱟᱫᱷᱭᱟᱭ ᱠᱟᱱᱟ।
demo0451	यह एक कक्षा है।	ᱱᱚᱣᱟ ᱫᱚ ᱢᱤᱫ ᱠᱞᱟᱥ ᱠᱟᱱᱟ।
demo0452	कक्षा में शब्द है।	ᱠᱞᱟᱥ ᱨᱮ ᱥᱚᱵᱚᱫ ᱢᱮᱱᱟᱜᱼᱟ।
demo0453	यह कुर्सी अच्छा है।	ᱱᱚᱣᱟ ᱠᱩᱨᱥᱤ ᱱᱟᱯᱟᱭ ᱜᱮᱭᱟ।
demo0454	यह छोटा इतिहास है।	ᱱᱚᱣᱟ ᱦᱩᱰᱤᱧ ᱱᱟᱜᱟᱢ ᱠᱟᱱᱟ।
demo0455	यह एक उत्तर है।	ᱱᱚᱣᱟ ᱫᱚ ᱢᱤᱫ ᱛᱮᱞᱟ ᱠᱟᱱᱟ।
demo0456	यह हरा घंटी है।	ᱱᱚᱣᱟ ᱦᱟᱨᱟ ᱜᱷᱟᱱᱴᱤ ᱠᱟᱱᱟ।
demo0457	मेरे पास कुर्सी है।	ᱤᱧ ᱴᱷᱮᱱ ᱠᱩᱨᱥᱤ ᱢᱮᱱᱟᱜᱼᱟ।
demo0458	मेरे पास विज्ञान है।	ᱤᱧ ᱴᱷᱮᱱ ᱥᱟᱬᱮᱥ ᱢᱮᱱᱟᱜᱼᱟ।
demo0459	यह पुराना घंटी है।	ᱱᱚᱣᱟ ᱢᱟᱨᱮ ᱜᱷᱟᱱᱴᱤ ᱠᱟᱱᱟ।
demo0460	यह काला चित्र है।	ᱱᱚᱣᱟ ᱠᱟᱞᱟ ᱪᱤᱛᱟᱹᱨ ᱠᱟᱱᱟ।
demo0461	शिक्षक ने स्कूल दिया।	ᱢᱟᱪᱮᱫ ᱫᱚ ᱥᱠᱩᱞ ᱮᱢ ᱠᱮᱫᱟ।
demo0462	यह पुराना दरवाज़ा है।	ᱱᱚᱣᱟ ᱢᱟᱨᱮ ᱫᱩᱣᱟᱹᱨ ᱠᱟᱱᱟ।
demo0463	शिक्षक ने स्लेट दिया।	ᱢᱟᱪᱮᱫ ᱫᱚ ᱥᱞᱮᱴ ᱮᱢ ᱠᱮᱫᱟ।
demo0464	यह नया चित्र है।	ᱱᱚᱣᱟ ᱱᱟᱣᱟ ᱪᱤᱛᱟᱹᱨ ᱠᱟᱱᱟ।
demo0465	यह गणित अच्छा है।	ᱱᱚᱣᱟ ᱮᱞᱠᱷᱟ ᱱᱟᱯᱟᱭ ᱜᱮᱭᱟ।
demo0466	यह पीला अभ्यास है।	ᱱᱚᱣᱟ ᱯᱤᱞ ᱟᱹᱵᱷᱭᱟᱥ ᱠᱟᱱᱟ।
demo0467	यह पुराना खिड़की है।	ᱱᱚᱣᱟ ᱢᱟᱨᱮ ᱡᱷᱚᱨᱠᱟ ᱠᱟᱱᱟ।
demo0468	वह एक बस्ता है।	ᱱᱚᱶᱟ ᱫᱚ ᱢᱤᱫ ᱵᱟᱹᱜ ᱠᱟᱱᱟ।
demo0469	यह एक प्रश्न है।	ᱱᱚᱣᱟ ᱫᱚ ᱢᱤᱫ ᱠᱩᱞᱤ ᱠᱟᱱᱟ।
demo0470	यह हरा कहानी है।	ᱱᱚᱣᱟ ᱦᱟᱨᱟ ᱠᱟᱹᱦᱱᱤ ᱠᱟᱱᱟ।
demo0471	यह एक स्कूल है।	ᱱᱚᱣᱟ ᱫᱚ ᱢᱤᱫ ᱥᱠᱩᱞ ᱠᱟᱱᱟ।
demo0472	यह लाल अभ्यास है।	ᱱᱚᱣᱟ ᱞᱟᱞ ᱟᱹᱵᱷᱭᱟᱥ ᱠᱟᱱᱟ।
demo0473	यह कलम अच्छा है।	ᱱᱚᱣᱟ ᱠᱟᱞᱟᱢ ᱱᱟᱯᱟᱭ ᱜᱮᱭᱟ।
demo0474	यह हरा डस्टर है।	ᱱᱚᱣᱟ ᱦᱟᱨᱟ ᱰᱟᱥᱴᱟᱨ ᱠᱟᱱᱟ।
demo0475	कक्षा में मेज़ है।	ᱠᱞᱟᱥ ᱨᱮ ᱴᱮᱵᱩᱞ ᱢᱮᱱᱟᱜᱼᱟ।
demo0476	यह पुराना मैदान है।	ᱱᱚᱣᱟ ᱢᱟᱨᱮ ᱢᱟᱭᱫᱟᱱ ᱠᱟᱱᱟ।
demo0477	यह छोटा दीवार है।	ᱱᱚᱣᱟ ᱦᱩᱰᱤᱧ ᱫᱮᱣᱟᱞ ᱠᱟᱱᱟ।
demo0478	यह छोटा किताब है।	ᱱᱚᱣᱟ ᱦᱩᱰᱤᱧ ᱯᱚᱛᱚᱢ ᱠᱟᱱᱟ।
demo0479	यह अच्छा अक्षर है।	ᱱᱚᱣᱟ ᱱᱟᱯᱟᱭ ᱚᱠᱷᱚᱨ ᱠᱟᱱᱟ।
demo0480	यह इतिहास अच्छा है।	ᱱᱚᱣᱟ ᱱᱟᱜᱟᱢ ᱱᱟᱯᱟᱭ ᱜᱮᱭᱟ।
demo0481	कक्षा में विज्ञान है।	ᱠᱞᱟᱥ ᱨᱮ ᱥᱟᱬᱮᱥ ᱢᱮᱱᱟᱜᱼᱟ।
demo0482	यह सफ़ेद काग़ज़ है।	ᱱᱚᱣᱟ ᱫᱟᱹᱲ ᱠᱟᱜᱚᱡᱽ ᱠᱟᱱᱟ।
demo0483	यह छोटा घड़ी है।	ᱱᱚᱣᱟ ᱦᱩᱰᱤᱧ ᱜᱷᱟᱲᱤ ᱠᱟᱱᱟ।
demo0484	यह काला दरवाज़ा है।	ᱱᱚᱣᱟ ᱠᱟᱞᱟ ᱫᱩᱣᱟᱹᱨ ᱠᱟᱱᱟ।
demo0485	मेरे पास अध्यापक है।	ᱤᱧ ᱴᱷᱮᱱ ᱢᱟᱪᱮᱫ ᱢᱮᱱᱟᱜᱼᱟ।
demo0486	वह एक प्रश्न है।	ᱱᱚᱶᱟ ᱫᱚ ᱢᱤᱫ ᱠᱩᱞᱤ ᱠᱟᱱᱟ।
demo0487	यह छोटा खिड़की है।	ᱱᱚᱣᱟ ᱦᱩᱰᱤᱧ ᱡᱷᱚᱨᱠᱟ ᱠᱟᱱᱟ।
demo0488	वह एक अक्षर है।	ᱱᱚᱶᱟ ᱫᱚ ᱢᱤᱫ ᱚᱠᱷᱚᱨ ᱠᱟᱱᱟ।
demo0489	यह एक घड़ी है।	ᱱᱚᱣᱟ ᱫᱚ ᱢᱤᱫ ᱜᱷᱟᱲᱤ ᱠᱟᱱᱟ।
demo0490	यह छोटा दरवाज़ा है।	ᱱᱚᱣᱟ ᱦᱩᱰᱤᱧ ᱫᱩᱣᱟᱹᱨ ᱠᱟᱱᱟ।
demo0491	वह एक अध्यापक है।	ᱱᱚᱶᱟ ᱫᱚ ᱢᱤᱫ ᱢᱟᱪᱮᱫ ᱠᱟᱱᱟ।
demo0492	यह अच्छा काग़ज़ है।	ᱱᱚᱣᱟ ᱱᱟᱯᱟᱭ ᱠᱟᱜᱚᱡᱽ ᱠᱟᱱᱟ।
demo0493	यह पुराना अभ्यास है।	ᱱᱚᱣᱟ ᱢᱟᱨᱮ ᱟᱹᱵᱷᱭᱟᱥ ᱠᱟᱱᱟ।
demo0494	शिक्षक ने शिक्षक दिया।	ᱢᱟᱪᱮᱫ ᱫᱚ ᱥᱟᱦᱟᱸ ᱮᱢ ᱠᱮᱫᱟ।
demo0495	कक्षा में डस्टर है।	ᱠᱞᱟᱥ ᱨᱮ ᱰᱟᱥᱴᱟᱨ ᱢᱮᱱᱟᱜᱼᱟ।
demo0496	कक्षा में पेंसिल है।	ᱠᱞᱟᱥ ᱨᱮ ᱯᱮᱱᱥᱤᱞ ᱢᱮᱱᱟᱜᱼᱟ।
demo0497	कक्षा में खिड़की है।	ᱠᱞᱟᱥ ᱨᱮ ᱡᱷᱚᱨᱠᱟ ᱢᱮᱱᱟᱜᱼᱟ।
demo0498	वह एक शिक्षक है।	ᱱᱚᱶᱟ ᱫᱚ ᱢᱤᱫ ᱥᱟᱦᱟᱸ ᱠᱟᱱᱟ।
demo0499	यह नया अभ्यास है।	ᱱᱚᱣᱟ ᱱᱟᱣᱟ ᱟᱹᱵᱷᱭᱟᱥ ᱠᱟᱱᱟ।
demo0500	शिक्षक ने अध्यापक दिया।	ᱢᱟᱪᱮᱫ ᱫᱚ ᱢᱟᱪᱮᱫ ᱮᱢ ᱠᱮᱫᱟ।
demo0501	यह काग़ज़ अच्छा है।	ᱱᱚᱣᱟ ᱠᱟᱜᱚᱡᱽ ᱱᱟᱯᱟᱭ ᱜᱮᱭᱟ।
demo0502	यह एक दीवार है।	ᱱᱚᱣᱟ ᱫᱚ ᱢᱤᱫ ᱫᱮᱣᱟᱞ ᱠᱟᱱᱟ।
demo0503	यह मेरा फर्श है।	ᱱᱚᱣᱟ ᱫᱚ ᱤᱧ ᱨᱮᱱ ᱚᱛ ᱠᱟᱱᱟ।
demo0504	यह अच्छा दरवाज़ा है।	ᱱᱚᱣᱟ ᱱᱟᱯᱟᱭ ᱫᱩᱣᱟᱹᱨ ᱠᱟᱱᱟ।
demo0505	यह छोटा कविता है।	ᱱᱚᱣᱟ ᱦᱩᱰᱤᱧ ᱚᱱᱚᱬᱦᱮ ᱠᱟᱱᱟ।
demo0506	यह डस्टर अच्छा है।	ᱱᱚᱣᱟ ᱰᱟᱥᱴᱟᱨ ᱱᱟᱯᱟᱭ ᱜᱮᱭᱟ।
demo0507	यह कविता अच्छा है।	ᱱᱚᱣᱟ ᱚᱱᱚᱬᱦᱮ ᱱᱟᱯᱟᱭ ᱜᱮᱭᱟ।
demo0508	यह अच्छा डस्टर है।	ᱱᱚᱣᱟ ᱱᱟᱯᱟᱭ ᱰᱟᱥᱴᱟᱨ ᱠᱟᱱᱟ।
demo0509	कक्षा में कविता है।	ᱠᱞᱟᱥ ᱨᱮ ᱚᱱᱚᱬᱦᱮ ᱢᱮᱱᱟᱜᱼᱟ।
demo0510	वह एक शब्द है।	ᱱᱚᱶᱟ ᱫᱚ ᱢᱤᱫ ᱥᱚᱵᱚᱫ ᱠᱟᱱᱟ।
demo0511	यह पीला परीक्षा है।	ᱱᱚᱣᱟ ᱯᱤᱞ ᱯᱚᱨᱤᱠᱷᱭᱟ ᱠᱟᱱᱟ।
demo0512	शिक्षक ने किताब दिया।	ᱢᱟᱪᱮᱫ ᱫᱚ ᱯᱚᱛᱚᱢ ᱮᱢ ᱠᱮᱫᱟ।
demo0513	यह चित्र अच्छा है।	ᱱᱚᱣᱟ ᱪᱤᱛᱟᱹᱨ ᱱᱟᱯᱟᱭ ᱜᱮᱭᱟ।
demo0514	यह छोटा काग़ज़ है।	ᱱᱚᱣᱟ ᱦᱩᱰᱤᱧ ᱠᱟᱜᱚᱡᱽ ᱠᱟᱱᱟ।
demo0515	कक्षा में काग़ज़ है।	ᱠᱞᱟᱥ ᱨᱮ ᱠᱟᱜᱚᱡᱽ ᱢᱮᱱᱟᱜᱼᱟ।
demo0516	यह मैदान अच्छा है।	ᱱᱚᱣᱟ ᱢᱟᱭᱫᱟᱱ ᱱᱟᱯᱟᱭ ᱜᱮᱭᱟ।
demo0517	यह पीला ब्लैकबोर्ड है।	ᱱᱚᱣᱟ ᱯᱤᱞ ᱵᱞᱟᱠᱵᱚᱨᱰ ᱠᱟᱱᱟ।
demo0518	शिक्षक ने इतिहास दिया।	ᱢᱟᱪᱮᱫ ᱫᱚ ᱱᱟᱜᱟᱢ ᱮᱢ ᱠᱮᱫᱟ।
demo0519	यह एक कलम है।	ᱱᱚᱣᱟ ᱫᱚ ᱢᱤᱫ ᱠᱟᱞᱟᱢ ᱠᱟᱱᱟ।
demo0520	मेरे पास डस्टर है।	ᱤᱧ ᱴᱷᱮᱱ ᱰᱟᱥᱴᱟᱨ ᱢᱮᱱᱟᱜᱼᱟ।
demo0521	ब्लैकबोर्ड कहाँ है?	ᱵᱞᱟᱠᱵᱚᱨᱰ ᱚᱠᱟᱨᱮ ᱢᱮᱱᱟᱜᱼᱟ?
demo0522	शिक्षक ने दीवार दिया।	ᱢᱟᱪᱮᱫ ᱫᱚ ᱫᱮᱣᱟᱞ ᱮᱢ ᱠᱮᱫᱟ।
demo0523	मेरे पास खिड़की है।	ᱤᱧ ᱴᱷᱮᱱ ᱡᱷᱚᱨᱠᱟ ᱢᱮᱱᱟᱜᱼᱟ।
demo0524	यह अच्छा कविता है।	ᱱᱚᱣᱟ ᱱᱟᱯᱟᱭ ᱚᱱᱚᱬᱦᱮ ᱠᱟᱱᱟ।
demo0525	यह खिड़की अच्छा है।	ᱱᱚᱣᱟ ᱡᱷᱚᱨᱠᱟ ᱱᱟᱯᱟᱭ ᱜᱮᱭᱟ।
demo0526	शिक्षक ने नक्शा दिया।	ᱢᱟᱪᱮᱫ ᱫᱚ ᱱᱚᱠᱥᱟ ᱮᱢ ᱠᱮᱫᱟ।
demo0527	कक्षा में चित्र है।	ᱠᱞᱟᱥ ᱨᱮ ᱪᱤᱛᱟᱹᱨ ᱢᱮᱱᱟᱜᱼᱟ।
demo0528	यह घंटी अच्छा है।	ᱱᱚᱣᱟ ᱜᱷᱟᱱᱴᱤ ᱱᱟᱯᱟᱭ ᱜᱮᱭᱟ।
demo0529	कक्षा में कहानी है।	ᱠᱞᱟᱥ ᱨᱮ ᱠᱟᱹᱦᱱᱤ ᱢᱮᱱᱟᱜᱼᱟ।
demo0530	यह अच्छा चित्र है।	ᱱᱚᱣᱟ ᱱᱟᱯᱟᱭ ᱪᱤᱛᱟᱹᱨ ᱠᱟᱱᱟ।
demo0531	मेरे पास कविता है।	ᱤᱧ ᱴᱷᱮᱱ ᱚᱱᱚᱬᱦᱮ ᱢᱮᱱᱟᱜᱼᱟ।
demo0532	यह नीला ब्लैकबोर्ड है।	ᱱᱚᱣᱟ ᱱᱤᱞ ᱵᱞᱟᱠᱵᱚᱨᱰ ᱠᱟᱱᱟ।
demo0533	शिक्षक ने विज्ञान दिया।	ᱢᱟᱪᱮᱫ ᱫᱚ ᱥᱟᱬᱮᱥ ᱮᱢ ᱠᱮᱫᱟ।
demo0534	यह छोटा डस्टर है।	ᱱᱚᱣᱟ ᱦᱩᱰᱤᱧ ᱰᱟᱥᱴᱟᱨ ᱠᱟᱱᱟ।
demo0535	यह एक मेज़ है।	ᱱᱚᱣᱟ ᱫᱚ ᱢᱤᱫ ᱴᱮᱵᱩᱞ ᱠᱟᱱᱟ।
demo0536	शिक्षक ने मेज़ दिया।	ᱢᱟᱪᱮᱫ ᱫᱚ ᱴᱮᱵᱩᱞ ᱮᱢ ᱠᱮᱫᱟ।
demo0537	यह लाल परीक्षा है।	ᱱᱚᱣᱟ ᱞᱟᱞ ᱯᱚᱨᱤᱠᱷᱭᱟ ᱠᱟᱱᱟ।
demo0538	शिक्षक ने कलम दिया।	ᱢᱟᱪᱮᱫ ᱫᱚ ᱠᱟᱞᱟᱢ ᱮᱢ ᱠᱮᱫᱟ।
demo0539	शिक्षक ने घड़ी दिया।	ᱢᱟᱪᱮᱫ ᱫᱚ ᱜᱷᱟᱲᱤ ᱮᱢ ᱠᱮᱫᱟ।
demo0540	कक्षा में दरवाज़ा है।	ᱠᱞᱟᱥ ᱨᱮ ᱫᱩᱣᱟᱹᱨ ᱢᱮᱱᱟᱜᱼᱟ।
demo0541	कक्षा में मैदान है।	ᱠᱞᱟᱥ ᱨᱮ ᱢᱟᱭᱫᱟᱱ ᱢᱮᱱᱟᱜᱼᱟ।
demo0542	यह कहानी अच्छा है।	ᱱᱚᱣᱟ ᱠᱟᱹᱦᱱᱤ ᱱᱟᱯᱟᱭ ᱜᱮᱭᱟ।
demo0543	यह एक अक्षर है।	ᱱᱚᱣᱟ ᱫᱚ ᱢᱤᱫ ᱚᱠᱷᱚᱨ ᱠᱟᱱᱟ।
demo0544	यह अच्छा घंटी है।	ᱱᱚᱣᱟ ᱱᱟᱯᱟᱭ ᱜᱷᱟᱱᱴᱤ ᱠᱟᱱᱟ।
demo0545	यह नीला भूगोल है।	ᱱᱚᱣᱟ ᱱᱤᱞ ᱚᱛ ᱥᱟᱬᱮᱥ ᱠᱟᱱᱟ।
demo0546	यह छोटा घंटी है।	ᱱᱚᱣᱟ ᱦᱩᱰᱤᱧ ᱜᱷᱟᱱᱴᱤ ᱠᱟᱱᱟ।
demo0547	यह पेंसिल अच्छा है।	ᱱᱚᱣᱟ ᱯᱮᱱᱥᱤᱞ ᱱᱟᱯᱟᱭ ᱜᱮᱭᱟ।
demo0548	कक्षा में घंटी है।	ᱠᱞᱟᱥ ᱨᱮ ᱜᱷᱟᱱᱴᱤ ᱢᱮᱱᱟᱜᱼᱟ।
demo0549	शिक्षक ने कुर्सी दिया।	ᱢᱟᱪᱮᱫ ᱫᱚ ᱠᱩᱨᱥᱤ ᱮᱢ ᱠᱮᱫᱟ।
demo0550	विद्यालय में फर्श है।	ᱵᱤᱨᱫᱟᱹᱜᱲ ᱨᱮ ᱚᱛ ᱢᱮᱱᱟᱜᱼᱟ।
demo0551	वह एक इतिहास है।	ᱱᱚᱶᱟ ᱫᱚ ᱢᱤᱫ ᱱᱟᱜᱟᱢ ᱠᱟᱱᱟ।
demo0552	यह अच्छा कहानी है।	ᱱᱚᱣᱟ ᱱᱟᱯᱟᱭ ᱠᱟᱹᱦᱱᱤ ᱠᱟᱱᱟ।
demo0553	मेरे पास घंटी है।	ᱤᱧ ᱴᱷᱮᱱ ᱜᱷᱟᱱᱴᱤ ᱢᱮᱱᱟᱜᱼᱟ।
demo0554	यह एक गणित है।	ᱱᱚᱣᱟ ᱫᱚ ᱢᱤᱫ ᱮᱞᱠᱷᱟ ᱠᱟᱱᱟ।
demo0555	यह छोटा पेंसिल है।	ᱱᱚᱣᱟ ᱦᱩᱰᱤᱧ ᱯᱮᱱᱥᱤᱞ ᱠᱟᱱᱟ।
demo0556	यह छोटा चित्र है।	ᱱᱚᱣᱟ ᱦᱩᱰᱤᱧ ᱪᱤᱛᱟᱹᱨ ᱠᱟᱱᱟ।
demo0557	यह एक इतिहास है।	ᱱᱚᱣᱟ ᱫᱚ ᱢᱤᱫ ᱱᱟᱜᱟᱢ ᱠᱟᱱᱟ।
demo0558	मेरे पास पेंसिल है।	ᱤᱧ ᱴᱷᱮᱱ ᱯᱮᱱᱥᱤᱞ ᱢᱮᱱᱟᱜᱼᱟ।
demo0559	यह सफ़ेद अभ्यास है।	ᱱᱚᱣᱟ ᱫᱟᱹᱲ ᱟᱹᱵᱷᱭᱟᱥ ᱠᱟᱱᱟ।
demo0560	यह एक अध्यापक है।	ᱱᱚᱣᱟ ᱫᱚ ᱢᱤᱫ ᱢᱟᱪᱮᱫ ᱠᱟᱱᱟ।
demo0561	शिक्षक ने गणित दिया।	ᱢᱟᱪᱮᱫ ᱫᱚ ᱮᱞᱠᱷᱟ ᱮᱢ ᱠᱮᱫᱟ।
demo0562	मेरे पास अध्याय है।	ᱤᱧ ᱴᱷᱮᱱ ᱟᱫᱷᱭᱟᱭ ᱢᱮᱱᱟᱜᱼᱟ।
demo0563	शिक्षक ने अक्षर दिया।	ᱢᱟᱪᱮᱫ ᱫᱚ ᱚᱠᱷᱚᱨ ᱮᱢ ᱠᱮᱫᱟ।
demo0564	वह एक नक्शा है।	ᱱᱚᱶᱟ ᱫᱚ ᱢᱤᱫ ᱱᱚᱠᱥᱟ ᱠᱟᱱᱟ।
demo0565	वह एक गणित है।	ᱱᱚᱶᱟ ᱫᱚ ᱢᱤᱫ ᱮᱞᱠᱷᱟ ᱠᱟᱱᱟ।
demo0566	यह काला अभ्यास है।	ᱱᱚᱣᱟ ᱠᱟᱞᱟ ᱟᱹᱵᱷᱭᱟᱥ ᱠᱟᱱᱟ।
demo0567	यह छोटा अध्याय है।	ᱱᱚᱣᱟ ᱦᱩᱰᱤᱧ ᱟᱫᱷᱭᱟᱭ ᱠᱟᱱᱟ।
demo0568	यह एक शिक्षक है।	ᱱᱚᱣᱟ ᱫᱚ ᱢᱤᱫ ᱥᱟᱦᱟᱸ ᱠᱟᱱᱟ।
demo0569	परीक्षा कहाँ है?	ᱯᱚᱨᱤᱠᱷᱭᱟ ᱚᱠᱟᱨᱮ ᱢᱮᱱᱟᱜᱼᱟ?
demo0570	यह एक किताब है।	ᱱᱚᱣᱟ ᱫᱚ ᱢᱤᱫ ᱯᱚᱛᱚᱢ ᱠᱟᱱᱟ।
demo0571	मेरे पास दरवाज़ा है।	ᱤᱧ ᱴᱷᱮᱱ ᱫᱩᱣᱟᱹᱨ ᱢᱮᱱᱟᱜᱼᱟ।
demo0572	यह लाल ब्लैकबोर्ड है।	ᱱᱚᱣᱟ ᱞᱟᱞ ᱵᱞᱟᱠᱵᱚᱨᱰ ᱠᱟᱱᱟ।
demo0573	यह अच्छा अध्याय है।	ᱱᱚᱣᱟ ᱱᱟᱯᱟᱭ ᱟᱫᱷᱭᱟᱭ ᱠᱟᱱᱟ।
demo0574	यह एक कुर्सी है।	ᱱᱚᱣᱟ ᱫᱚ ᱢᱤᱫ ᱠᱩᱨᱥᱤ ᱠᱟᱱᱟ।
demo0575	यह छोटा मैदान है।	ᱱᱚᱣᱟ ᱦᱩᱰᱤᱧ ᱢᱟᱭᱫᱟᱱ ᱠᱟᱱᱟ।
demo0576	वह एक कलम है।	ᱱᱚᱶᱟ ᱫᱚ ᱢᱤᱫ ᱠᱟᱞᱟᱢ ᱠᱟᱱᱟ।
demo0577	यह अच्छा मैदान है।	ᱱᱚᱣᱟ ᱱᱟᱯᱟᱭ ᱢᱟᱭᱫᱟᱱ ᱠᱟᱱᱟ।
demo0578	मेरे पास चित्र है।	ᱤᱧ ᱴᱷᱮᱱ ᱪᱤᱛᱟᱹᱨ ᱢᱮᱱᱟᱜᱼᱟ।
demo0579	यह अच्छा पेंसिल है।	ᱱᱚᱣᱟ ᱱᱟᱯᱟᱭ ᱯᱮᱱᱥᱤᱞ ᱠᱟᱱᱟ।
demo0580	यह दरवाज़ा अच्छा है।	ᱱᱚᱣᱟ ᱫᱩᱣᱟᱹᱨ ᱱᱟᱯᱟᱭ ᱜᱮᱭᱟ।
demo0581	यह पीला भूगोल है।	ᱱᱚᱣᱟ ᱯᱤᱞ ᱚᱛ ᱥᱟᱬᱮᱥ ᱠᱟᱱᱟ।
demo0582	वह एक मेज़ है।	ᱱᱚᱶᱟ ᱫᱚ ᱢᱤᱫ ᱴᱮᱵᱩᱞ ᱠᱟᱱᱟ।
demo0583	यह अध्याय अच्छा है।	ᱱᱚᱣᱟ ᱟᱫᱷᱭᱟᱭ ᱱᱟᱯᱟᱭ ᱜᱮᱭᱟ।
demo0584	यह नीला परीक्षा है।	ᱱᱚᱣᱟ ᱱᱤᱞ ᱯᱚᱨᱤᱠᱷᱭᱟ ᱠᱟᱱᱟ।
demo0585	मेरे पास मैदान है।	ᱤᱧ ᱴᱷᱮᱱ ᱢᱟᱭᱫᱟᱱ ᱢᱮᱱᱟᱜᱼᱟ।
demo0586	वह एक विज्ञान है।	ᱱᱚᱶᱟ ᱫᱚ ᱢᱤᱫ ᱥᱟᱬᱮᱥ ᱠᱟᱱᱟ।
demo0587	मेरे पास कहानी है।	ᱤᱧ ᱴᱷᱮᱱ ᱠᱟᱹᱦᱱᱤ ᱢᱮᱱᱟᱜᱼᱟ।
demo0588	मेरे पास काग़ज़ है।	ᱤᱧ ᱴᱷᱮᱱ ᱠᱟᱜᱚᱡᱽ ᱢᱮᱱᱟᱜᱼᱟ।
demo0589	वह एक कुर्सी है।	ᱱᱚᱶᱟ ᱫᱚ ᱢᱤᱫ ᱠᱩᱨᱥᱤ ᱠᱟᱱᱟ।
demo0590	यह एक विज्ञान है।	ᱱᱚᱣᱟ ᱫᱚ ᱢᱤᱫ ᱥᱟᱬᱮᱥ ᱠᱟᱱᱟ।
demo0591	वह एक किताब है।	ᱱᱚᱶᱟ ᱫᱚ ᱢᱤᱫ ᱯᱚᱛᱚᱢ ᱠᱟᱱᱟ।
demo0592	कक्षा में अध्याय है।	ᱠᱞᱟᱥ ᱨᱮ ᱟᱫᱷᱭᱟᱭ ᱢᱮᱱᱟᱜᱼᱟ।
demo0593	यह हरा अभ्यास है।	ᱱᱚᱣᱟ ᱦᱟᱨᱟ ᱟᱹᱵᱷᱭᱟᱥ ᱠᱟᱱᱟ।
demo0594	यह छोटा कहानी है।	ᱱᱚᱣᱟ ᱦᱩᱰᱤᱧ ᱠᱟᱹᱦᱱᱤ ᱠᱟᱱᱟ।
demo0595	वह एक दीवार है।	ᱱᱚᱶᱟ ᱫᱚ ᱢᱤᱫ ᱫᱮᱣᱟᱞ ᱠᱟᱱᱟ।
demo0596	यह लाल भूगोल है।	ᱱᱚᱣᱟ ᱞᱟᱞ ᱚᱛ ᱥᱟᱬᱮᱥ ᱠᱟᱱᱟ।
demo0597	यह अच्छा खिड़की है।	ᱱᱚᱣᱟ ᱱᱟᱯᱟᱭ ᱡᱷᱚᱨᱠᱟ ᱠᱟᱱᱟ।
demo0598	यह एक शब्द है।	ᱱᱚᱣᱟ ᱫᱚ ᱢᱤᱫ ᱥᱚᱵᱚᱫ ᱠᱟᱱᱟ।
demo0599	शिक्षक ने शब्द दिया।	ᱢᱟᱪᱮᱫ ᱫᱚ ᱥᱚᱵᱚᱫ ᱮᱢ ᱠᱮᱫᱟ।
demo0600	यह एक नक्शा है।	ᱱᱚᱣᱟ ᱫᱚ ᱢᱤᱫ ᱱᱚᱠᱥᱟ ᱠᱟᱱᱟ।
demo0601	भूगोल कहाँ है?	ᱚᱛ ᱥᱟᱬᱮᱥ ᱚᱠᱟᱨᱮ ᱢᱮᱱᱟᱜᱼᱟ?
demo0602	वह एक घड़ी है।	ᱱᱚᱶᱟ ᱫᱚ ᱢᱤᱫ ᱜᱷᱟᱲᱤ ᱠᱟᱱᱟ।
demo0603	छात्र कहाँ है?	ᱯᱟᱹᱴᱷ⵩ᱣᱟᱹ ᱚᱠᱟᱨᱮ ᱢᱮᱱᱟᱜᱼᱟ?
demo0604	यह नया ब्लैकबोर्ड है।	ᱱᱚᱣᱟ ᱱᱟᱣᱟ ᱵᱞᱟᱠᱵᱚᱨᱰ ᱠᱟᱱᱟ।
demo0605	यह पुराना ब्लैकबोर्ड है।	ᱱᱚᱣᱟ ᱢᱟᱨᱮ ᱵᱞᱟᱠᱵᱚᱨᱰ ᱠᱟᱱᱟ।
demo0606	वह एक कविता है।	ᱱᱚᱶᱟ ᱫᱚ ᱢᱤᱫ ᱚᱱᱚᱬᱦᱮ ᱠᱟᱱᱟ।
demo0607	यह एक कहानी है।	ᱱᱚᱣᱟ ᱫᱚ ᱢᱤᱫ ᱠᱟᱹᱦᱱᱤ ᱠᱟᱱᱟ।
demo0608	वह एक पेंसिल है।	ᱱᱚᱶᱟ ᱫᱚ ᱢᱤᱫ ᱯᱮᱱᱥᱤᱞ ᱠᱟᱱᱟ।
demo0609	यह नीला छात्र है।	ᱱᱚᱣᱟ ᱱᱤᱞ ᱯᱟᱹᱴᱷ⵩ᱣᱟᱹ ᱠᱟᱱᱟ।
demo0610	शिक्षक ने घंटी दिया।	ᱢᱟᱪᱮᱫ ᱫᱚ ᱜᱷᱟᱱᱴᱤ ᱮᱢ ᱠᱮᱫᱟ।
demo0611	यह काला भूगोल है।	ᱱᱚᱣᱟ ᱠᱟᱞᱟ ᱚᱛ ᱥᱟᱬᱮᱥ ᱠᱟᱱᱟ।
demo0612	छात्र कहाँ है?	ᱯᱟᱹᱴᱷᱩᱣᱟᱹ ᱚᱠᱟᱨᱮ ᱢᱮᱱᱟᱜᱼᱟ?
demo0613	शिक्षक ने अध्याय दिया।	ᱢᱟᱪᱮᱫ ᱫᱚ ᱟᱫᱷᱭᱟᱭ ᱮᱢ ᱠᱮᱫᱟ।
demo0614	वह एक अध्याय है।	ᱱᱚᱶᱟ ᱫᱚ ᱢᱤᱫ ᱟᱫᱷᱭᱟᱭ ᱠᱟᱱᱟ।
demo0615	यह बड़ा फर्श है।	ᱱᱚᱣᱟ ᱟᱹᱰᱤ ᱢᱟᱨᱟᱝ ᱚᱛ ᱠᱟᱱᱟ।
demo0616	शिक्षक ने कविता दिया।	ᱢᱟᱪᱮᱫ ᱫᱚ ᱚᱱᱚᱬᱦᱮ ᱮᱢ ᱠᱮᱫᱟ।
demo0617	यह काला ब्लैकबोर्ड है।	ᱱᱚᱣᱟ ᱠᱟᱞᱟ ᱵᱞᱟᱠᱵᱚᱨᱰ ᱠᱟᱱᱟ।
demo0618	यह छोटा अभ्यास है।	ᱱᱚᱣᱟ ᱦᱩᱰᱤᱧ ᱟᱹᱵᱷᱭᱟᱥ ᱠᱟᱱᱟ।
demo0619	यह सफ़ेद ब्लैकबोर्ड है।	ᱱᱚᱣᱟ ᱫᱟᱹᱲ ᱵᱞᱟᱠᱵᱚᱨᱰ ᱠᱟᱱᱟ।
demo0620	विद्यालय में चॉक है।	ᱵᱤᱨᱫᱟᱹᱜᱲ ᱨᱮ ᱪᱟᱠ ᱢᱮᱱᱟᱜᱼᱟ।
demo0621	यह लाल विद्यार्थी है।	ᱱᱚᱣᱟ ᱞᱟᱞ ᱯᱟᱹᱴᱷᱩᱣᱟᱹ ᱠᱟᱱᱟ।
demo0622	वह एक दरवाज़ा है।	ᱱᱚᱶᱟ ᱫᱚ ᱢᱤᱫ ᱫᱩᱣᱟᱹᱨ ᱠᱟᱱᱟ।
demo0623	यह मेरा चॉक है।	ᱱᱚᱣᱟ ᱫᱚ ᱤᱧ ᱨᱮᱱ ᱪᱟᱠ ᱠᱟᱱᱟ।
demo0624	कक्षा में अभ्यास है।	ᱠᱞᱟᱥ ᱨᱮ ᱟᱹᱵᱷᱭᱟᱥ ᱢᱮᱱᱟᱜᱼᱟ।
demo0625	यह नीला कंप्यूटर है।	ᱱᱚᱣᱟ ᱱᱤᱞ ᱠᱚᱢᱯᱭᱩᱴᱟᱨ ᱠᱟᱱᱟ।
demo0626	यह एक मैदान है।	ᱱᱚᱣᱟ ᱫᱚ ᱢᱤᱫ ᱢᱟᱭᱫᱟᱱ ᱠᱟᱱᱟ।
demo0627	यह हरा ब्लैकबोर्ड है।	ᱱᱚᱣᱟ ᱦᱟᱨᱟ ᱵᱞᱟᱠᱵᱚᱨᱰ ᱠᱟᱱᱟ।
demo0628	यह पीला छात्र है।	ᱱᱚᱣᱟ ᱯᱤᱞ ᱯᱟᱹᱴᱷᱩᱣᱟᱹ ᱠᱟᱱᱟ।
demo0629	शिक्षक ने कहानी दिया।	ᱢᱟᱪᱮᱫ ᱫᱚ ᱠᱟᱹᱦᱱᱤ ᱮᱢ ᱠᱮᱫᱟ।
demo0630	यह नया भूगोल है।	ᱱᱚᱣᱟ ᱱᱟᱣᱟ ᱚᱛ ᱥᱟᱬᱮᱥ ᱠᱟᱱᱟ।
demo0631	यह नीला छात्र है।	ᱱᱚᱣᱟ ᱱᱤᱞ ᱯᱟᱹᱴᱷᱩᱣᱟᱹ ᱠᱟᱱᱟ।
demo0632	यह एक खिड़की है।	ᱱᱚᱣᱟ ᱫᱚ ᱢᱤᱫ ᱡᱷᱚᱨᱠᱟ ᱠᱟᱱᱟ।
demo0633	यह एक दरवाज़ा है।	ᱱᱚᱣᱟ ᱫᱚ ᱢᱤᱫ ᱫᱩᱣᱟᱹᱨ ᱠᱟᱱᱟ।
demo0634	यह एक काग़ज़ है।	ᱱᱚᱣᱟ ᱫᱚ ᱢᱤᱫ ᱠᱟᱜᱚᱡᱽ ᱠᱟᱱᱟ।
demo0635	यह नया परीक्षा है।	ᱱᱚᱣᱟ ᱱᱟᱣᱟ ᱯᱚᱨᱤᱠᱷᱭᱟ ᱠᱟᱱᱟ।
demo0636	वह एक डस्टर है।	ᱱᱚᱶᱟ ᱫᱚ ᱢᱤᱫ ᱰᱟᱥᱴᱟᱨ ᱠᱟᱱᱟ।
demo0637	छात्र फर्श पढ़ रहा है।	ᱯᱟᱹᱴᱷᱩᱣᱟᱹ ᱚᱛ ᱯᱟᱲᱦᱟᱣ ᱮᱫᱟ।
demo0638	वह एक चित्र है।	ᱱᱚᱶᱟ ᱫᱚ ᱢᱤᱫ ᱪᱤᱛᱟᱹᱨ ᱠᱟᱱᱟ।
demo0639	यह पुराना भूगोल है।	ᱱᱚᱣᱟ ᱢᱟᱨᱮ ᱚᱛ ᱥᱟᱬᱮᱥ ᱠᱟᱱᱟ।
demo0640	यह पीला छात्र है।	ᱱᱚᱣᱟ ᱯᱤᱞ ᱯᱟᱹᱴᱷ⵩ᱣᱟᱹ ᱠᱟᱱᱟ।
demo0641	यह सफ़ेद भूगोल है।	ᱱᱚᱣᱟ ᱫᱟᱹᱲ ᱚᱛ ᱥᱟᱬᱮᱥ ᱠᱟᱱᱟ।
demo0642	शिक्षक ने दरवाज़ा दिया।	ᱢᱟᱪᱮᱫ ᱫᱚ ᱫᱩᱣᱟᱹᱨ ᱮᱢ ᱠᱮᱫᱟ।
demo0643	यह नीला प्रार्थना है।	ᱱᱚᱣᱟ ᱱᱤᱞ ᱯᱨᱟᱨᱛᱷᱚᱱᱟ ᱠᱟᱱᱟ।
demo0644	यह अच्छा अभ्यास है।	ᱱᱚᱣᱟ ᱱᱟᱯᱟᱭ ᱟᱹᱵᱷᱭᱟᱥ ᱠᱟᱱᱟ।
demo0645	शिक्षक ने पेंसिल दिया।	ᱢᱟᱪᱮᱫ ᱫᱚ ᱯᱮᱱᱥᱤᱞ ᱮᱢ ᱠᱮᱫᱟ।
demo0646	यह पीला कंप्यूटर है।	ᱱᱚᱣᱟ ᱯᱤᱞ ᱠᱚᱢᱯᱭᱩᱴᱟᱨ ᱠᱟᱱᱟ।
demo0647	यह पुराना परीक्षा है।	ᱱᱚᱣᱟ ᱢᱟᱨᱮ ᱯᱚᱨᱤᱠᱷᱭᱟ ᱠᱟᱱᱟ।
demo0648	मेरे पास अभ्यास है।	ᱤᱧ ᱴᱷᱮᱱ ᱟᱹᱵᱷᱭᱟᱥ ᱢᱮᱱᱟᱜᱼᱟ।
demo0649	शिक्षक ने खिड़की दिया।	ᱢᱟᱪᱮᱫ ᱫᱚ ᱡᱷᱚᱨᱠᱟ ᱮᱢ ᱠᱮᱫᱟ।
demo0650	यह एक डस्टर है।	ᱱᱚᱣᱟ ᱫᱚ ᱢᱤᱫ ᱰᱟᱥᱴᱟᱨ ᱠᱟᱱᱟ।
demo0651	यह हरा परीक्षा है।	ᱱᱚᱣᱟ ᱦᱟᱨᱟ ᱯᱚᱨᱤᱠᱷᱭᱟ ᱠᱟᱱᱟ।
demo0652	यह मेरा पेन है।	ᱱᱚᱣᱟ ᱫᱚ ᱤᱧ ᱨᱮᱱ ᱯᱮᱱ ᱠᱟᱱᱟ।
demo0653	वह एक घंटी है।	ᱱᱚᱶᱟ ᱫᱚ ᱢᱤᱫ ᱜᱷᱟᱱᱴᱤ ᱠᱟᱱᱟ।
demo0654	यह लाल प्रार्थना है।	ᱱᱚᱣᱟ ᱞᱟᱞ ᱯᱨᱟᱨᱛᱷᱚᱱᱟ ᱠᱟᱱᱟ।
demo0655	यह लाल कंप्यूटर है।	ᱱᱚᱣᱟ ᱞᱟᱞ ᱠᱚᱢᱯᱭᱩᱴᱟᱨ ᱠᱟᱱᱟ।
demo0656	यह लाल छात्र है।	ᱱᱚᱣᱟ ᱞᱟᱞ ᱯᱟᱹᱴᱷ⵩ᱣᱟᱹ ᱠᱟᱱᱟ।
demo0657	वह एक खिड़की है।	ᱱᱚᱶᱟ ᱫᱚ ᱢᱤᱫ ᱡᱷᱚᱨᱠᱟ ᱠᱟᱱᱟ।
demo0658	प्रार्थना कहाँ है?	ᱯᱨᱟᱨᱛᱷᱚᱱᱟ ᱚᱠᱟᱨᱮ ᱢᱮᱱᱟᱜᱼᱟ?
demo0659	यह एक घंटी है।	ᱱᱚᱣᱟ ᱫᱚ ᱢᱤᱫ ᱜᱷᱟᱱᱴᱤ ᱠᱟᱱᱟ।
demo0660	यह हरा भूगोल है।	ᱱᱚᱣᱟ ᱦᱟᱨᱟ ᱚᱛ ᱥᱟᱬᱮᱥ ᱠᱟᱱᱟ।
demo0661	यह एक चित्र है।	ᱱᱚᱣᱟ ᱫᱚ ᱢᱤᱫ ᱪᱤᱛᱟᱹᱨ ᱠᱟᱱᱟ।
demo0662	यह एक अध्याय है।	ᱱᱚᱣᱟ ᱫᱚ ᱢᱤᱫ ᱟᱫᱷᱭᱟᱭ ᱠᱟᱱᱟ।
demo0663	यह पीला प्रार्थना है।	ᱱᱚᱣᱟ ᱯᱤᱞ ᱯᱨᱟᱨᱛᱷᱚᱱᱟ ᱠᱟᱱᱟ।
demo0664	यह एक कविता है।	ᱱᱚᱣᱟ ᱫᱚ ᱢᱤᱫ ᱚᱱᱚᱬᱦᱮ ᱠᱟᱱᱟ।
demo0665	शिक्षक ने मैदान दिया।	ᱢᱟᱪᱮᱫ ᱫᱚ ᱢᱟᱭᱫᱟᱱ ᱮᱢ ᱠᱮᱫᱟ।
demo0666	कंप्यूटर कहाँ है?	ᱠᱚᱢᱯᱭᱩᱴᱟᱨ ᱚᱠᱟᱨᱮ ᱢᱮᱱᱟᱜᱼᱟ?
demo0667	शिक्षक ने काग़ज़ दिया।	ᱢᱟᱪᱮᱫ ᱫᱚ ᱠᱟᱜᱚᱡᱽ ᱮᱢ ᱠᱮᱫᱟ।
demo0668	यह अभ्यास अच्छा है।	ᱱᱚᱣᱟ ᱟᱹᱵᱷᱭᱟᱥ ᱱᱟᱯᱟᱭ ᱜᱮᱭᱟ।
demo0669	शिक्षक ने डस्टर दिया।	ᱢᱟᱪᱮᱫ ᱫᱚ ᱰᱟᱥᱴᱟᱨ ᱮᱢ ᱠᱮᱫᱟ।
demo0670	यह एक पेंसिल है।	ᱱᱚᱣᱟ ᱫᱚ ᱢᱤᱫ ᱯᱮᱱᱥᱤᱞ ᱠᱟᱱᱟ।
demo0671	वह एक मैदान है।	ᱱᱚᱶᱟ ᱫᱚ ᱢᱤᱫ ᱢᱟᱭᱫᱟᱱ ᱠᱟᱱᱟ।
demo0672	वह एक काग़ज़ है।	ᱱᱚᱶᱟ ᱫᱚ ᱢᱤᱫ ᱠᱟᱜᱚᱡᱽ ᱠᱟᱱᱟ।
demo0673	यह काला परीक्षा है।	ᱱᱚᱣᱟ ᱠᱟᱞᱟ ᱯᱚᱨᱤᱠᱷᱭᱟ ᱠᱟᱱᱟ।
demo0674	विद्यालय में पेन है।	ᱵᱤᱨᱫᱟᱹᱜᱲ ᱨᱮ ᱯᱮᱱ ᱢᱮᱱᱟᱜᱼᱟ।
demo0675	शिक्षक ने चित्र दिया।	ᱢᱟᱪᱮᱫ ᱫᱚ ᱪᱤᱛᱟᱹᱨ ᱮᱢ ᱠᱮᱫᱟ।
demo0676	वह एक कहानी है।	ᱱᱚᱶᱟ ᱫᱚ ᱢᱤᱫ ᱠᱟᱹᱦᱱᱤ ᱠᱟᱱᱟ।
demo0677	यह सफ़ेद परीक्षा है।	ᱱᱚᱣᱟ ᱫᱟᱹᱲ ᱯᱚᱨᱤᱠᱷᱭᱟ ᱠᱟᱱᱟ।
demo0678	मेरे पास ब्लैकबोर्ड है।	ᱤᱧ ᱴᱷᱮᱱ ᱵᱞᱟᱠᱵᱚᱨᱰ ᱢᱮᱱᱟᱜᱼᱟ।
demo0679	यह नीला पुस्तकालय है।	ᱱᱚᱣᱟ ᱱᱤᱞ ᱯᱩᱛᱷᱤ ᱚᱲᱟᱜ ᱠᱟᱱᱟ।
demo0680	विद्यालय में पाठ है।	ᱵᱤᱨᱫᱟᱹᱜᱲ ᱨᱮ ᱯᱟᱴᱷ ᱢᱮᱱᱟᱜᱼᱟ।
demo0681	शिक्षक ने अभ्यास दिया।	ᱢᱟᱪᱮᱫ ᱫᱚ ᱟᱹᱵᱷᱭᱟᱥ ᱮᱢ ᱠᱮᱫᱟ।
demo0682	यह काला कंप्यूटर है।	ᱱᱚᱣᱟ ᱠᱟᱞᱟ ᱠᱚᱢᱯᱭᱩᱴᱟᱨ ᱠᱟᱱᱟ।
demo0683	मैं पेन लिखना पसंद करता हूँ।	ᱤᱧ ᱯᱮᱱ ᱚᱞ ᱠᱩᱥᱤᱭᱟᱜ ᱠᱟᱱᱟᱹᱧ।
demo0684	यह पीला गृहकार्य है।	ᱱᱚᱣᱟ ᱯᱤᱞ ᱜᱤᱨᱮ ᱠᱟᱹᱢᱤ ᱠᱟᱱᱟ।
demo0685	विद्यालय में कक्षा है।	ᱵᱤᱨᱫᱟᱹᱜᱲ ᱨᱮ ᱠᱞᱟᱥ ᱢᱮᱱᱟᱜᱼᱟ।
demo0686	गृहकार्य कहाँ है?	ᱜᱤᱨᱮ ᱠᱟᱹᱢᱤ ᱚᱠᱟᱨᱮ ᱢᱮᱱᱟᱜᱼᱟ?
demo0687	यह अच्छा ब्लैकबोर्ड है।	ᱱᱚᱣᱟ ᱱᱟᱯᱟᱭ ᱵᱞᱟᱠᱵᱚᱨᱰ ᱠᱟᱱᱟ।
demo0688	यह लाल गृहकार्य है।	ᱱᱚᱣᱟ ᱞᱟᱞ ᱜᱤᱨᱮ ᱠᱟᱹᱢᱤ ᱠᱟᱱᱟ।
demo0689	यह मेरा कक्षा है।	ᱱᱚᱣᱟ ᱫᱚ ᱤᱧ ᱨᱮᱱ ᱠᱞᱟᱥ ᱠᱟᱱᱟ।
demo0690	यह नया कंप्यूटर है।	ᱱᱚᱣᱟ ᱱᱟᱣᱟ ᱠᱚᱢᱯᱭᱩᱴᱟᱨ ᱠᱟᱱᱟ।
demo0691	यह पीला पुस्तकालय है।	ᱱᱚᱣᱟ ᱯᱤᱞ ᱯᱩᱛᱷᱤ ᱚᱲᱟᱜ ᱠᱟᱱᱟ।
demo0692	यह पुराना छात्र है।	ᱱᱚᱣᱟ ᱢᱟᱨᱮ ᱯᱟᱹᱴᱷᱩᱣᱟᱹ ᱠᱟᱱᱟ।
demo0693	यह सफ़ेद कंप्यूटर है।	ᱱᱚᱣᱟ ᱫᱟᱹᱲ ᱠᱚᱢᱯᱭᱩᱴᱟᱨ ᱠᱟᱱᱟ।
demo0694	यह काला छात्र है।	ᱱᱚᱣᱟ ᱠᱟᱞᱟ ᱯᱟᱹᱴᱷᱩᱣᱟᱹ ᱠᱟᱱᱟ।
demo0695	यह पीला प्रयोगशाला है।	ᱱᱚᱣᱟ ᱯᱤᱞ ᱯᱨᱚᱭᱚᱜᱥᱟᱞᱟ ᱠᱟᱱᱟ।
demo0696	यह लाल प्रयोगशाला है।	ᱱᱚᱣᱟ ᱞᱟᱞ ᱯᱨᱚᱭᱚᱜᱥᱟᱞᱟ ᱠᱟᱱᱟ।
demo0697	विद्यालय में उत्तर है।	ᱵᱤᱨᱫᱟᱹᱜᱲ ᱨᱮ ᱛᱮᱞᱟ ᱢᱮᱱᱟᱜᱼᱟ।
demo0698	यह हरा कंप्यूटर है।	ᱱᱚᱣᱟ ᱦᱟᱨᱟ ᱠᱚᱢᱯᱭᱩᱴᱟᱨ ᱠᱟᱱᱟ।
demo0699	विद्यालय में स्लेट है।	ᱵᱤᱨᱫᱟᱹᱜᱲ ᱨᱮ ᱥᱞᱮᱴ ᱢᱮᱱᱟᱜᱼᱟ।
demo0700	यह अच्छा भूगोल है।	ᱱᱚᱣᱟ ᱱᱟᱯᱟᱭ ᱚᱛ ᱥᱟᱬᱮᱥ ᱠᱟᱱᱟ।
demo0701	प्रयोगशाला कहाँ है?	ᱯᱨᱚᱭᱚᱜᱥᱟᱞᱟ ᱚᱠᱟᱨᱮ ᱢᱮᱱᱟᱜᱼᱟ?
demo0702	यह काला प्रार्थना है।	ᱱᱚᱣᱟ ᱠᱟᱞᱟ ᱯᱨᱟᱨᱛᱷᱚᱱᱟ ᱠᱟᱱᱟ।
demo0703	यह भूगोल अच्छा है।	ᱱᱚᱣᱟ ᱚᱛ ᱥᱟᱬᱮᱥ ᱱᱟᱯᱟᱭ ᱜᱮᱭᱟ।
demo0704	यह हरा छात्र है।	ᱱᱚᱣᱟ ᱦᱟᱨᱟ ᱯᱟᱹᱴᱷ⵩ᱣᱟᱹ ᱠᱟᱱᱟ।
demo0705	यह अच्छा परीक्षा है।	ᱱᱚᱣᱟ ᱱᱟᱯᱟᱭ ᱯᱚᱨᱤᱠᱷᱭᱟ ᱠᱟᱱᱟ।
demo0706	वह एक अभ्यास है।	ᱱᱚᱶᱟ ᱫᱚ ᱢᱤᱫ ᱟᱹᱵᱷᱭᱟᱥ ᱠᱟᱱᱟ।
demo0707	यह छोटा ब्लैकबोर्ड है।	ᱱᱚᱣᱟ ᱦᱩᱰᱤᱧ ᱵᱞᱟᱠᱵᱚᱨᱰ ᱠᱟᱱᱟ।
demo0708	छात्र पेन पढ़ रहा है।	ᱯᱟᱹᱴᱷᱩᱣᱟᱹ ᱯᱮᱱ ᱯᱟᱲᱦᱟᱣ ᱮᱫᱟ।
demo0709	यह सफ़ेद छात्र है।	ᱱᱚᱣᱟ ᱫᱟᱹᱲ ᱯᱟᱹᱴᱷ⵩ᱣᱟᱹ ᱠᱟᱱᱟ।
demo0710	यह एक अभ्यास है।	ᱱᱚᱣᱟ ᱫᱚ ᱢᱤᱫ ᱟᱹᱵᱷᱭᱟᱥ ᱠᱟᱱᱟ।
demo0711	यह काला छात्र है।	ᱱᱚᱣᱟ ᱠᱟᱞᱟ ᱯᱟᱹᱴᱷ⵩ᱣᱟᱹ ᱠᱟᱱᱟ।
demo0712	यह नया छात्र है।	ᱱᱚᱣᱟ ᱱᱟᱣᱟ ᱯᱟᱹᱴᱷᱩᱣᱟᱹ ᱠᱟᱱᱟ।
demo0713	यह ब्लैकबोर्ड अच्छा है।	ᱱᱚᱣᱟ ᱵᱞᱟᱠᱵᱚᱨᱰ ᱱᱟᱯᱟᱭ ᱜᱮᱭᱟ।
demo0714	कक्षा में भूगोल है।	ᱠᱞᱟᱥ ᱨᱮ ᱚᱛ ᱥᱟᱬᱮᱥ ᱢᱮᱱᱟᱜᱼᱟ।
demo0715	यह पुराना छात्र है।	ᱱᱚᱣᱟ ᱢᱟᱨᱮ ᱯᱟᱹᱴᱷ⵩ᱣᱟᱹ ᱠᱟᱱᱟ।
demo0716	यह नया प्रार्थना है।	ᱱᱚᱣᱟ ᱱᱟᱣᱟ ᱯᱨᱟᱨᱛᱷᱚᱱᱟ ᱠᱟᱱᱟ।
demo0717	मेरे पास परीक्षा है।	ᱤᱧ ᱴᱷᱮᱱ ᱯᱚᱨᱤᱠᱷᱭᱟ ᱢᱮᱱᱟᱜᱼᱟ।
demo0718	मेरे पास भूगोल है।	ᱤᱧ ᱴᱷᱮᱱ ᱚᱛ ᱥᱟᱬᱮᱥ ᱢᱮᱱᱟᱜᱼᱟ।
demo0719	यह छोटा परीक्षा है।	ᱱᱚᱣᱟ ᱦᱩᱰᱤᱧ ᱯᱚᱨᱤᱠᱷᱭᱟ ᱠᱟᱱᱟ।
demo0720	यह परीक्षा अच्छा है।	ᱱᱚᱣᱟ ᱯᱚᱨᱤᱠᱷᱭᱟ ᱱᱟᱯᱟᱭ ᱜᱮᱭᱟ।
demo0721	कक्षा में ब्लैकबोर्ड है।	ᱠᱞᱟᱥ ᱨᱮ ᱵᱞᱟᱠᱵᱚᱨᱰ ᱢᱮᱱᱟᱜᱼᱟ।
demo0722	यह पुराना प्रार्थना है।	ᱱᱚᱣᱟ ᱢᱟᱨᱮ ᱯᱨᱟᱨᱛᱷᱚᱱᱟ ᱠᱟᱱᱟ।
demo0723	यह हरा प्रार्थना है।	ᱱᱚᱣᱟ ᱦᱟᱨᱟ ᱯᱨᱟᱨᱛᱷᱚᱱᱟ ᱠᱟᱱᱟ।
demo0724	यह सफ़ेद विद्यार्थी है।	ᱱᱚᱣᱟ ᱫᱟᱹᱲ ᱯᱟᱹᱴᱷᱩᱣᱟᱹ ᱠᱟᱱᱟ।
demo0725	यह लाल पुस्तकालय है।	ᱱᱚᱣᱟ ᱞᱟᱞ ᱯᱩᱛᱷᱤ ᱚᱲᱟᱜ ᱠᱟᱱᱟ।
demo0726	यह हरा विद्यार्थी है।	ᱱᱚᱣᱟ ᱦᱟᱨᱟ ᱯᱟᱹᱴᱷᱩᱣᱟᱹ ᱠᱟᱱᱟ।
demo0727	यह सफ़ेद प्रार्थना है।	ᱱᱚᱣᱟ ᱫᱟᱹᱲ ᱯᱨᱟᱨᱛᱷᱚᱱᱟ ᱠᱟᱱᱟ।
demo0728	यह मेरा उत्तर है।	ᱱᱚᱣᱟ ᱫᱚ ᱤᱧ ᱨᱮᱱ ᱛᱮᱞᱟ ᱠᱟᱱᱟ।
demo0729	यह मेरा स्लेट है।	ᱱᱚᱣᱟ ᱫᱚ ᱤᱧ ᱨᱮᱱ ᱥᱞᱮᱴ ᱠᱟᱱᱟ।
demo0730	यह मेरा खेल है।	ᱱᱚᱣᱟ ᱫᱚ ᱤᱧ ᱨᱮᱱ ᱠᱷᱮᱞ ᱠᱟᱱᱟ।
demo0731	यह नया छात्र है।	ᱱᱚᱣᱟ ᱱᱟᱣᱟ ᱯᱟᱹᱴᱷ⵩ᱣᱟᱹ ᱠᱟᱱᱟ।
demo0732	यह बड़ा पेन है।	ᱱᱚᱣᱟ ᱟᱹᱰᱤ ᱢᱟᱨᱟᱝ ᱯᱮᱱ ᱠᱟᱱᱟ।
demo0733	यह नीला प्रयोगशाला है।	ᱱᱚᱣᱟ ᱱᱤᱞ ᱯᱨᱚᱭᱚᱜᱥᱟᱞᱟ ᱠᱟᱱᱟ।
demo0734	विद्यालय में खेल है।	ᱵᱤᱨᱫᱟᱹᱜᱲ ᱨᱮ ᱠᱷᱮᱞ ᱢᱮᱱᱟᱜᱼᱟ।
demo0735	यह नीला गृहकार्य है।	ᱱᱚᱣᱟ ᱱᱤᱞ ᱜᱤᱨᱮ ᱠᱟᱹᱢᱤ ᱠᱟᱱᱟ।
demo0736	यह बड़ा चॉक है।	ᱱᱚᱣᱟ ᱟᱹᱰᱤ ᱢᱟᱨᱟᱝ ᱪᱟᱠ ᱠᱟᱱᱟ।
demo0737	विद्यालय में स्कूल है।	ᱵᱤᱨᱫᱟᱹᱜᱲ ᱨᱮ ᱥᱠᱩᱞ ᱢᱮᱱᱟᱜᱼᱟ।
demo0738	यह पुराना कंप्यूटर है।	ᱱᱚᱣᱟ ᱢᱟᱨᱮ ᱠᱚᱢᱯᱭᱩᱴᱟᱨ ᱠᱟᱱᱟ।
demo0739	यह मेरा बस्ता है।	ᱱᱚᱣᱟ ᱫᱚ ᱤᱧ ᱨᱮᱱ ᱵᱟᱹᱜ ᱠᱟᱱᱟ।
demo0740	विद्यालय में बस्ता है।	ᱵᱤᱨᱫᱟᱹᱜᱲ ᱨᱮ ᱵᱟᱹᱜ ᱢᱮᱱᱟᱜᱼᱟ।
demo0741	यह छोटा भूगोल है।	ᱱᱚᱣᱟ ᱦᱩᱰᱤᱧ ᱚᱛ ᱥᱟᱬᱮᱥ ᱠᱟᱱᱟ।
demo0742	कक्षा में परीक्षा है।	ᱠᱞᱟᱥ ᱨᱮ ᱯᱚᱨᱤᱠᱷᱭᱟ ᱢᱮᱱᱟᱜᱼᱟ।
demo0743	यह मेरा पाठ है।	ᱱᱚᱣᱟ ᱫᱚ ᱤᱧ ᱨᱮᱱ ᱯᱟᱴᱷ ᱠᱟᱱᱟ।
demo0744	विद्यालय में प्रश्न है।	ᱵᱤᱨᱫᱟᱹᱜᱲ ᱨᱮ ᱠᱩᱞᱤ ᱢᱮᱱᱟᱜᱼᱟ।
demo0745	यह मेरा स्कूल है।	ᱱᱚᱣᱟ ᱫᱚ ᱤᱧ ᱨᱮᱱ ᱥᱠᱩᱞ ᱠᱟᱱᱟ।
demo0746	पुस्तकालय कहाँ है?	ᱯᱩᱛᱷᱤ ᱚᱲᱟᱜ ᱚᱠᱟᱨᱮ ᱢᱮᱱᱟᱜᱼᱟ?
demo0747	छात्र चॉक पढ़ रहा है।	ᱯᱟᱹᱴᱷᱩᱣᱟᱹ ᱪᱟᱠ ᱯᱟᱲᱦᱟᱣ ᱮᱫᱟ।
demo0748	यह मेरा प्रश्न है।	ᱱᱚᱣᱟ ᱫᱚ ᱤᱧ ᱨᱮᱱ ᱠᱩᱞᱤ ᱠᱟᱱᱟ।
demo0749	यह सफ़ेद पुस्तकालय है।	ᱱᱚᱣᱟ ᱫᱟᱹᱲ ᱯᱩᱛᱷᱤ ᱚᱲᱟᱜ ᱠᱟᱱᱟ।
demo0750	यह पुराना गृहकार्य है।	ᱱᱚᱣᱟ ᱢᱟᱨᱮ ᱜᱤᱨᱮ ᱠᱟᱹᱢᱤ ᱠᱟᱱᱟ।
demo0751	वह एक परीक्षा है।	ᱱᱚᱶᱟ ᱫᱚ ᱢᱤᱫ ᱯᱚᱨᱤᱠᱷᱭᱟ ᱠᱟᱱᱟ।
demo0752	विद्यालय में इतिहास है।	ᱵᱤᱨᱫᱟᱹᱜᱲ ᱨᱮ ᱱᱟᱜᱟᱢ ᱢᱮᱱᱟᱜᱼᱟ।
demo0753	छात्र स्कूल पढ़ रहा है।	ᱯᱟᱹᱴᱷᱩᱣᱟᱹ ᱥᱠᱩᱞ ᱯᱟᱲᱦᱟᱣ ᱮᱫᱟ।
demo0754	विद्यालय में शिक्षक है।	ᱵᱤᱨᱫᱟᱹᱜᱲ ᱨᱮ ᱥᱟᱦᱟᱸ ᱢᱮᱱᱟᱜᱼᱟ।
demo0755	यह छोटा कंप्यूटर है।	ᱱᱚᱣᱟ ᱦᱩᱰᱤᱧ ᱠᱚᱢᱯᱭᱩᱴᱟᱨ ᱠᱟᱱᱟ।
demo0756	यह छोटा छात्र है।	ᱱᱚᱣᱟ ᱦᱩᱰᱤᱧ ᱯᱟᱹᱴᱷᱩᱣᱟᱹ ᱠᱟᱱᱟ।
demo0757	कक्षा में प्रार्थना है।	ᱠᱞᱟᱥ ᱨᱮ ᱯᱨᱟᱨᱛᱷᱚᱱᱟ ᱢᱮᱱᱟᱜᱼᱟ।
demo0758	यह मेरा दीवार है।	ᱱᱚᱣᱟ ᱫᱚ ᱤᱧ ᱨᱮᱱ ᱫᱮᱣᱟᱞ ᱠᱟᱱᱟ।
demo0759	मेरे पास कंप्यूटर है।	ᱤᱧ ᱴᱷᱮᱱ ᱠᱚᱢᱯᱭᱩᱴᱟᱨ ᱢᱮᱱᱟᱜᱼᱟ।
demo0760	मेरे पास विद्यार्थी है।	ᱤᱧ ᱴᱷᱮᱱ ᱯᱟᱹᱴᱷᱩᱣᱟᱹ ᱢᱮᱱᱟᱜᱼᱟ।
demo0761	मेरे पास प्रार्थना है।	ᱤᱧ ᱴᱷᱮᱱ ᱯᱨᱟᱨᱛᱷᱚᱱᱟ ᱢᱮᱱᱟᱜᱼᱟ।
demo0762	यह पुराना प्रयोगशाला है।	ᱱᱚᱣᱟ ᱢᱟᱨᱮ ᱯᱨᱚᱭᱚᱜᱥᱟᱞᱟ ᱠᱟᱱᱟ।
demo0763	छात्र खेल पढ़ रहा है।	ᱯᱟᱹᱴᱷᱩᱣᱟᱹ ᱠᱷᱮᱞ ᱯᱟᱲᱦᱟᱣ ᱮᱫᱟ।
demo0764	यह सफ़ेद प्रयोगशाला है।	ᱱᱚᱣᱟ ᱫᱟᱹᱲ ᱯᱨᱚᱭᱚᱜᱥᱟᱞᱟ ᱠᱟᱱᱟ।
demo0765	यह मेरा नक्शा है।	ᱱᱚᱣᱟ ᱫᱚ ᱤᱧ ᱨᱮᱱ ᱱᱚᱠᱥᱟ ᱠᱟᱱᱟ।
demo0766	विद्यालय में अक्षर है।	ᱵᱤᱨᱫᱟᱹᱜᱲ ᱨᱮ ᱚᱠᱷᱚᱨ ᱢᱮᱱᱟᱜᱼᱟ।
demo0767	यह एक भूगोल है।	ᱱᱚᱣᱟ ᱫᱚ ᱢᱤᱫ ᱚᱛ ᱥᱟᱬᱮᱥ ᱠᱟᱱᱟ।
demo0768	यह बड़ा प्रश्न है।	ᱱᱚᱣᱟ ᱟᱹᱰᱤ ᱢᱟᱨᱟᱝ ᱠᱩᱞᱤ ᱠᱟᱱᱟ।
demo0769	मैं पेन बोलना पसंद करता हूँ।	ᱤᱧ ᱯᱮᱱ ᱨᱚᱲ ᱠᱩᱥᱤᱭᱟᱜ ᱠᱟᱱᱟᱹᱧ।
demo0770	यह काला गृहकार्य है।	ᱱᱚᱣᱟ ᱠᱟᱞᱟ ᱜᱤᱨᱮ ᱠᱟᱹᱢᱤ ᱠᱟᱱᱟ।
demo0771	कक्षा में विद्यार्थी है।	ᱠᱞᱟᱥ ᱨᱮ ᱯᱟᱹᱴᱷᱩᱣᱟᱹ ᱢᱮᱱᱟᱜᱼᱟ।
demo0772	यह कंप्यूटर अच्छा है।	ᱱᱚᱣᱟ ᱠᱚᱢᱯᱭᱩᱴᱟᱨ ᱱᱟᱯᱟᱭ ᱜᱮᱭᱟ।
demo0773	विद्यालय में कुर्सी है।	ᱵᱤᱨᱫᱟᱹᱜᱲ ᱨᱮ ᱠᱩᱨᱥᱤ ᱢᱮᱱᱟᱜᱼᱟ।
demo0774	यह बड़ा पाठ है।	ᱱᱚᱣᱟ ᱟᱹᱰᱤ ᱢᱟᱨᱟᱝ ᱯᱟᱴᱷ ᱠᱟᱱᱟ।
demo0775	मेरे पास छात्र है।	ᱤᱧ ᱴᱷᱮᱱ ᱯᱟᱹᱴᱷ⵩ᱣᱟᱹ ᱢᱮᱱᱟᱜᱼᱟ।
demo0776	यह मेरा अध्यापक है।	ᱱᱚᱣᱟ ᱫᱚ ᱤᱧ ᱨᱮᱱ ᱢᱟᱪᱮᱫ ᱠᱟᱱᱟ।
demo0777	यह विद्यार्थी अच्छा है।	ᱱᱚᱣᱟ ᱯᱟᱹᱴᱷᱩᱣᱟᱹ ᱱᱟᱯᱟᱭ ᱜᱮᱭᱟ।
demo0778	यह अच्छा छात्र है।	ᱱᱚᱣᱟ ᱱᱟᱯᱟᱭ ᱯᱟᱹᱴᱷᱩᱣᱟᱹ ᱠᱟᱱᱟ।
demo0779	यह बड़ा बस्ता है।	ᱱᱚᱣᱟ ᱟᱹᱰᱤ ᱢᱟᱨᱟᱝ ᱵᱟᱹᱜ ᱠᱟᱱᱟ।
demo0780	यह छोटा छात्र है।	ᱱᱚᱣᱟ ᱦᱩᱰᱤᱧ ᱯᱟᱹᱴᱷ⵩ᱣᱟᱹ ᱠᱟᱱᱟ।
demo0781	विद्यालय में गणित है।	ᱵᱤᱨᱫᱟᱹᱜᱲ ᱨᱮ ᱮᱞᱠᱷᱟ ᱢᱮᱱᱟᱜᱼᱟ।
demo0782	यह नया गृहकार्य है।	ᱱᱚᱣᱟ ᱱᱟᱣᱟ ᱜᱤᱨᱮ ᱠᱟᱹᱢᱤ ᱠᱟᱱᱟ।
demo0783	वह एक ब्लैकबोर्ड है।	ᱱᱚᱶᱟ ᱫᱚ ᱢᱤᱫ ᱵᱞᱟᱠᱵᱚᱨᱰ ᱠᱟᱱᱟ।
demo0784	छात्र प्रश्न पढ़ रहा है।	ᱯᱟᱹᱴᱷᱩᱣᱟᱹ ᱠᱩᱞᱤ ᱯᱟᱲᱦᱟᱣ ᱮᱫᱟ।
demo0785	कक्षा में कंप्यूटर है।	ᱠᱞᱟᱥ ᱨᱮ ᱠᱚᱢᱯᱭᱩᱴᱟᱨ ᱢᱮᱱᱟᱜᱼᱟ।
demo0786	विद्यालय में किताब है।	ᱵᱤᱨᱫᱟᱹᱜᱲ ᱨᱮ ᱯᱚᱛᱚᱢ ᱢᱮᱱᱟᱜᱼᱟ।
demo0787	यह बड़ा स्लेट है।	ᱱᱚᱣᱟ ᱟᱹᱰᱤ ᱢᱟᱨᱟᱝ ᱥᱞᱮᱴ ᱠᱟᱱᱟ।
demo0788	शिक्षक ने परीक्षा दिया।	ᱢᱟᱪᱮᱫ ᱫᱚ ᱯᱚᱨᱤᱠᱷᱭᱟ ᱮᱢ ᱠᱮᱫᱟ।
demo0789	यह हरा गृहकार्य है।	ᱱᱚᱣᱟ ᱦᱟᱨᱟ ᱜᱤᱨᱮ ᱠᱟᱹᱢᱤ ᱠᱟᱱᱟ।
demo0790	यह बड़ा उत्तर है।	ᱱᱚᱣᱟ ᱟᱹᱰᱤ ᱢᱟᱨᱟᱝ ᱛᱮᱞᱟ ᱠᱟᱱᱟ।
demo0791	यह अच्छा छात्र है।	ᱱᱚᱣᱟ ᱱᱟᱯᱟᱭ ᱯᱟᱹᱴᱷ⵩ᱣᱟᱹ ᱠᱟᱱᱟ।
demo0792	यह अच्छा प्रार्थना है।	ᱱᱚᱣᱟ ᱱᱟᱯᱟᱭ ᱯᱨᱟᱨᱛᱷᱚᱱᱟ ᱠᱟᱱᱟ।
demo0793	यह मेरा विज्ञान है।	ᱱᱚᱣᱟ ᱫᱚ ᱤᱧ ᱨᱮᱱ ᱥᱟᱬᱮᱥ ᱠᱟᱱᱟ।
demo0794	विद्यालय में मेज़ है।	ᱵᱤᱨᱫᱟᱹᱜᱲ ᱨᱮ ᱴᱮᱵᱩᱞ ᱢᱮᱱᱟᱜᱼᱟ।
demo0795	यह काला पुस्तकालय है।	ᱱᱚᱣᱟ ᱠᱟᱞᱟ ᱯᱩᱛᱷᱤ ᱚᱲᱟᱜ ᱠᱟᱱᱟ।
demo0796	यह अच्छा कंप्यूटर है।	ᱱᱚᱣᱟ ᱱᱟᱯᱟᱭ ᱠᱚᱢᱯᱭᱩᱴᱟᱨ ᱠᱟᱱᱟ।
demo0797	यह मेरा शिक्षक है।	ᱱᱚᱣᱟ ᱫᱚ ᱤᱧ ᱨᱮᱱ ᱥᱟᱦᱟᱸ ᱠᱟᱱᱟ।
demo0798	विद्यालय में नक्शा है।	ᱵᱤᱨᱫᱟᱹᱜᱲ ᱨᱮ ᱱᱚᱠᱥᱟ ᱢᱮᱱᱟᱜᱼᱟ।
demo0799	यह एक परीक्षा है।	ᱱᱚᱣᱟ ᱫᱚ ᱢᱤᱫ ᱯᱚᱨᱤᱠᱷᱭᱟ ᱠᱟᱱᱟ।
demo0800	यह सफ़ेद गृहकार्य है।	ᱱᱚᱣᱟ ᱫᱟᱹᱲ ᱜᱤᱨᱮ ᱠᱟᱹᱢᱤ ᱠᱟᱱᱟ।
demo0801	छात्र पाठ पढ़ रहा है।	ᱯᱟᱹᱴᱷᱩᱣᱟᱹ ᱯᱟᱴᱷ ᱯᱟᱲᱦᱟᱣ ᱮᱫᱟ।
demo0802	यह मेरा मेज़ है।	ᱱᱚᱣᱟ ᱫᱚ ᱤᱧ ᱨᱮᱱ ᱴᱮᱵᱩᱞ ᱠᱟᱱᱟ।
demo0803	यह हरा पुस्तकालय है।	ᱱᱚᱣᱟ ᱦᱟᱨᱟ ᱯᱩᱛᱷᱤ ᱚᱲᱟᱜ ᱠᱟᱱᱟ।
demo0804	छात्र कक्षा पढ़ रहा है।	ᱯᱟᱹᱴᱷᱩᱣᱟᱹ ᱠᱞᱟᱥ ᱯᱟᱲᱦᱟᱣ ᱮᱫᱟ।
demo0805	छात्र बस्ता पढ़ रहा है।	ᱯᱟᱹᱴᱷᱩᱣᱟᱹ ᱵᱟᱹᱜ ᱯᱟᱲᱦᱟᱣ ᱮᱫᱟ।
demo0806	यह छात्र अच्छा है।	ᱱᱚᱣᱟ ᱯᱟᱹᱴᱷ⵩ᱣᱟᱹ ᱱᱟᱯᱟᱭ ᱜᱮᱭᱟ।
demo0807	शिक्षक ने ब्लैकबोर्ड दिया।	ᱢᱟᱪᱮᱫ ᱫᱚ ᱵᱞᱟᱠᱵᱚᱨᱰ ᱮᱢ ᱠᱮᱫᱟ।
demo0808	यह नया प्रयोगशाला है।	ᱱᱚᱣᱟ ᱱᱟᱣᱟ ᱯᱨᱚᱭᱚᱜᱥᱟᱞᱟ ᱠᱟᱱᱟ।
demo0809	यह हरा प्रयोगशाला है।	ᱱᱚᱣᱟ ᱦᱟᱨᱟ ᱯᱨᱚᱭᱚᱜᱥᱟᱞᱟ ᱠᱟᱱᱟ।
demo0810	यह मेरा इतिहास है।	ᱱᱚᱣᱟ ᱫᱚ ᱤᱧ ᱨᱮᱱ ᱱᱟᱜᱟᱢ ᱠᱟᱱᱟ।
demo0811	शिक्षक ने भूगोल दिया।	ᱢᱟᱪᱮᱫ ᱫᱚ ᱚᱛ ᱥᱟᱬᱮᱥ ᱮᱢ ᱠᱮᱫᱟ।
demo0812	विद्यालय में घड़ी है।	ᱵᱤᱨᱫᱟᱹᱜᱲ ᱨᱮ ᱜᱷᱟᱲᱤ ᱢᱮᱱᱟᱜᱼᱟ।
demo0813	विद्यालय में अध्यापक है।	ᱵᱤᱨᱫᱟᱹᱜᱲ ᱨᱮ ᱢᱟᱪᱮᱫ ᱢᱮᱱᱟᱜᱼᱟ।
demo0814	यह मेरा गणित है।	ᱱᱚᱣᱟ ᱫᱚ ᱤᱧ ᱨᱮᱱ ᱮᱞᱠᱷᱟ ᱠᱟᱱᱟ।
demo0815	यह छोटा प्रार्थना है।	ᱱᱚᱣᱟ ᱦᱩᱰᱤᱧ ᱯᱨᱟᱨᱛᱷᱚᱱᱟ ᱠᱟᱱᱟ।
demo0816	यह बड़ा स्कूल है।	ᱱᱚᱣᱟ ᱟᱹᱰᱤ ᱢᱟᱨᱟᱝ ᱥᱠᱩᱞ ᱠᱟᱱᱟ।
demo0817	विद्यालय में शब्द है।	ᱵᱤᱨᱫᱟᱹᱜᱲ ᱨᱮ ᱥᱚᱵᱚᱫ ᱢᱮᱱᱟᱜᱼᱟ।
demo0818	मैं पेन देखना पसंद करता हूँ।	ᱤᱧ ᱯᱮᱱ ᱧᱮᱞ ᱠᱩᱥᱤᱭᱟᱜ ᱠᱟᱱᱟᱹᱧ।
demo0819	यह मेरा कलम है।	ᱱᱚᱣᱟ ᱫᱚ ᱤᱧ ᱨᱮᱱ ᱠᱟᱞᱟᱢ ᱠᱟᱱᱟ।
demo0820	यह बड़ा कक्षा है।	ᱱᱚᱣᱟ ᱟᱹᱰᱤ ᱢᱟᱨᱟᱝ ᱠᱞᱟᱥ ᱠᱟᱱᱟ।
demo0821	यह नया पुस्तकालय है।	ᱱᱚᱣᱟ ᱱᱟᱣᱟ ᱯᱩᱛᱷᱤ ᱚᱲᱟᱜ ᱠᱟᱱᱟ।
demo0822	यह एक ब्लैकबोर्ड है।	ᱱᱚᱣᱟ ᱫᱚ ᱢᱤᱫ ᱵᱞᱟᱠᱵᱚᱨᱰ ᱠᱟᱱᱟ।
demo0823	यह मेरा घड़ी है।	ᱱᱚᱣᱟ ᱫᱚ ᱤᱧ ᱨᱮᱱ ᱜᱷᱟᱲᱤ ᱠᱟᱱᱟ।
demo0824	कक्षा में छात्र है।	ᱠᱞᱟᱥ ᱨᱮ ᱯᱟᱹᱴᱷ⵩ᱣᱟᱹ ᱢᱮᱱᱟᱜᱼᱟ।
demo0825	यह मेरा कुर्सी है।	ᱱᱚᱣᱟ ᱫᱚ ᱤᱧ ᱨᱮᱱ ᱠᱩᱨᱥᱤ ᱠᱟᱱᱟ।
demo0826	यह बड़ा खेल है।	ᱱᱚᱣᱟ ᱟᱹᱰᱤ ᱢᱟᱨᱟᱝ ᱠᱷᱮᱞ ᱠᱟᱱᱟ।
demo0827	यह काला प्रयोगशाला है।	ᱱᱚᱣᱟ ᱠᱟᱞᱟ ᱯᱨᱚᱭᱚᱜᱥᱟᱞᱟ ᱠᱟᱱᱟ।
demo0828	विद्यालय में विज्ञान है।	ᱵᱤᱨᱫᱟᱹᱜᱲ ᱨᱮ ᱥᱟᱬᱮᱥ ᱢᱮᱱᱟᱜᱼᱟ।
demo0829	यह मेरा किताब है।	ᱱᱚᱣᱟ ᱫᱚ ᱤᱧ ᱨᱮᱱ ᱯᱚᱛᱚᱢ ᱠᱟᱱᱟ।
demo0830	विद्यालय में कलम है।	ᱵᱤᱨᱫᱟᱹᱜᱲ ᱨᱮ ᱠᱟᱞᱟᱢ ᱢᱮᱱᱟᱜᱼᱟ।
demo0831	यह मेरा अक्षर है।	ᱱᱚᱣᱟ ᱫᱚ ᱤᱧ ᱨᱮᱱ ᱚᱠᱷᱚᱨ ᱠᱟᱱᱟ।
demo0832	यह पुराना पुस्तकालय है।	ᱱᱚᱣᱟ ᱢᱟᱨᱮ ᱯᱩᱛᱷᱤ ᱚᱲᱟᱜ ᱠᱟᱱᱟ।
demo0833	छात्र स्लेट पढ़ रहा है।	ᱯᱟᱹᱴᱷᱩᱣᱟᱹ ᱥᱞᱮᱴ ᱯᱟᱲᱦᱟᱣ ᱮᱫᱟ।
demo0834	वह एक भूगोल है।	ᱱᱚᱶᱟ ᱫᱚ ᱢᱤᱫ ᱚᱛ ᱥᱟᱬᱮᱥ ᱠᱟᱱᱟ।
demo0835	छात्र उत्तर पढ़ रहा है।	ᱯᱟᱹᱴᱷᱩᱣᱟᱹ ᱛᱮᱞᱟ ᱯᱟᱲᱦᱟᱣ ᱮᱫᱟ।
demo0836	यह मेरा शब्द है।	ᱱᱚᱣᱟ ᱫᱚ ᱤᱧ ᱨᱮᱱ ᱥᱚᱵᱚᱫ ᱠᱟᱱᱟ।
demo0837	यह प्रार्थना अच्छा है।	ᱱᱚᱣᱟ ᱯᱨᱟᱨᱛᱷᱚᱱᱟ ᱱᱟᱯᱟᱭ ᱜᱮᱭᱟ।
demo0838	विद्यालय में दीवार है।	ᱵᱤᱨᱫᱟᱹᱜᱲ ᱨᱮ ᱫᱮᱣᱟᱞ ᱢᱮᱱᱟᱜᱼᱟ।
demo0839	विद्यालय में कविता है।	ᱵᱤᱨᱫᱟᱹᱜᱲ ᱨᱮ ᱚᱱᱚᱬᱦᱮ ᱢᱮᱱᱟᱜᱼᱟ।
demo0840	विद्यालय में कहानी है।	ᱵᱤᱨᱫᱟᱹᱜᱲ ᱨᱮ ᱠᱟᱹᱦᱱᱤ ᱢᱮᱱᱟᱜᱼᱟ।
demo0841	छात्र नक्शा पढ़ रहा है।	ᱯᱟᱹᱴᱷᱩᱣᱟᱹ ᱱᱚᱠᱥᱟ ᱯᱟᱲᱦᱟᱣ ᱮᱫᱟ।
demo0842	छात्र विज्ञान पढ़ रहा है।	ᱯᱟᱹᱴᱷᱩᱣᱟᱹ ᱥᱟᱬᱮᱥ ᱯᱟᱲᱦᱟᱣ ᱮᱫᱟ।
demo0843	यह छोटा प्रयोगशाला है।	ᱱᱚᱣᱟ ᱦᱩᱰᱤᱧ ᱯᱨᱚᱭᱚᱜᱥᱟᱞᱟ ᱠᱟᱱᱟ।
demo0844	यह बड़ा घड़ी है।	ᱱᱚᱣᱟ ᱟᱹᱰᱤ ᱢᱟᱨᱟᱝ ᱜᱷᱟᱲᱤ ᱠᱟᱱᱟ।
demo0845	यह मेरा खिड़की है।	ᱱᱚᱣᱟ ᱫᱚ ᱤᱧ ᱨᱮᱱ ᱡᱷᱚᱨᱠᱟ ᱠᱟᱱᱟ।
demo0846	छात्र घड़ी पढ़ रहा है।	ᱯᱟᱹᱴᱷᱩᱣᱟᱹ ᱜᱷᱟᱲᱤ ᱯᱟᱲᱦᱟᱣ ᱮᱫᱟ।
demo0847	शिक्षक ने प्रार्थना दिया।	ᱢᱟᱪᱮᱫ ᱫᱚ ᱯᱨᱟᱨᱛᱷᱚᱱᱟ ᱮᱢ ᱠᱮᱫᱟ।
demo0848	मेरे पास गृहकार्य है।	ᱤᱧ ᱴᱷᱮᱱ ᱜᱤᱨᱮ ᱠᱟᱹᱢᱤ ᱢᱮᱱᱟᱜᱼᱟ।
demo0849	यह बड़ा नक्शा है।	ᱱᱚᱣᱟ ᱟᱹᱰᱤ ᱢᱟᱨᱟᱝ ᱱᱚᱠᱥᱟ ᱠᱟᱱᱟ।
demo0850	शिक्षक ने छात्र दिया।	ᱢᱟᱪᱮᱫ ᱫᱚ ᱯᱟᱹᱴᱷ⵩ᱣᱟᱹ ᱮᱢ ᱠᱮᱫᱟ।
demo0851	यह गृहकार्य अच्छा है।	ᱱᱚᱣᱟ ᱜᱤᱨᱮ ᱠᱟᱹᱢᱤ ᱱᱟᱯᱟᱭ ᱜᱮᱭᱟ।
demo0852	यह प्रयोगशाला अच्छा है।	ᱱᱚᱣᱟ ᱯᱨᱚᱭᱚᱜᱥᱟᱞᱟ ᱱᱟᱯᱟᱭ ᱜᱮᱭᱟ।
demo0853	यह बड़ा किताब है।	ᱱᱚᱣᱟ ᱟᱹᱰᱤ ᱢᱟᱨᱟᱝ ᱯᱚᱛᱚᱢ ᱠᱟᱱᱟ।
demo0854	यह अच्छा पुस्तकालय है।	ᱱᱚᱣᱟ ᱱᱟᱯᱟᱭ ᱯᱩᱛᱷᱤ ᱚᱲᱟᱜ ᱠᱟᱱᱟ।
demo0855	छात्र इतिहास पढ़ रहा है।	ᱯᱟᱹᱴᱷᱩᱣᱟᱹ ᱱᱟᱜᱟᱢ ᱯᱟᱲᱦᱟᱣ ᱮᱫᱟ।
demo0856	यह मेरा दरवाज़ा है।	ᱱᱚᱣᱟ ᱫᱚ ᱤᱧ ᱨᱮᱱ ᱫᱩᱣᱟᱹᱨ ᱠᱟᱱᱟ।
demo0857	यह मेरा चित्र है।	ᱱᱚᱣᱟ ᱫᱚ ᱤᱧ ᱨᱮᱱ ᱪᱤᱛᱟᱹᱨ ᱠᱟᱱᱟ।
demo0858	छात्र किताब पढ़ रहा है।	ᱯᱟᱹᱴᱷᱩᱣᱟᱹ ᱯᱚᱛᱚᱢ ᱯᱟᱲᱦᱟᱣ ᱮᱫᱟ।
demo0859	शिक्षक ने कंप्यूटर दिया।	ᱢᱟᱪᱮᱫ ᱫᱚ ᱠᱚᱢᱯᱭᱩᱴᱟᱨ ᱮᱢ ᱠᱮᱫᱟ।
demo0860	विद्यालय में डस्टर है।	ᱵᱤᱨᱫᱟᱹᱜᱲ ᱨᱮ ᱰᱟᱥᱴᱟᱨ ᱢᱮᱱᱟᱜᱼᱟ।
demo0861	विद्यालय में अध्याय है।	ᱵᱤᱨᱫᱟᱹᱜᱲ ᱨᱮ ᱟᱫᱷᱭᱟᱭ ᱢᱮᱱᱟᱜᱼᱟ।
demo0862	यह मेरा डस्टर है।	ᱱᱚᱣᱟ ᱫᱚ ᱤᱧ ᱨᱮᱱ ᱰᱟᱥᱴᱟᱨ ᱠᱟᱱᱟ।
demo0863	यह एक विद्यार्थी है।	ᱱᱚᱣᱟ ᱫᱚ ᱢᱤᱫ ᱯᱟᱹᱴᱷᱩᱣᱟᱹ ᱠᱟᱱᱟ।
demo0864	मैं किताब लिखना पसंद करता हूँ।	ᱤᱧ ᱯᱚᱛᱚᱢ ᱚᱞ ᱠᱩᱥᱤᱭᱟᱜ ᱠᱟᱱᱟᱹᱧ।
demo0865	कक्षा में प्रयोगशाला है।	ᱠᱞᱟᱥ ᱨᱮ ᱯᱨᱚᱭᱚᱜᱥᱟᱞᱟ ᱢᱮᱱᱟᱜᱼᱟ।
demo0866	यह एक कंप्यूटर है।	ᱱᱚᱣᱟ ᱫᱚ ᱢᱤᱫ ᱠᱚᱢᱯᱭᱩᱴᱟᱨ ᱠᱟᱱᱟ।
demo0867	यह बड़ा शिक्षक है।	ᱱᱚᱣᱟ ᱟᱹᱰᱤ ᱢᱟᱨᱟᱝ ᱥᱟᱦᱟᱸ ᱠᱟᱱᱟ।
demo0868	यह मेरा पेंसिल है।	ᱱᱚᱣᱟ ᱫᱚ ᱤᱧ ᱨᱮᱱ ᱯᱮᱱᱥᱤᱞ ᱠᱟᱱᱟ।
demo0869	यह बड़ा मेज़ है।	ᱱᱚᱣᱟ ᱟᱹᱰᱤ ᱢᱟᱨᱟᱝ ᱴᱮᱵᱩᱞ ᱠᱟᱱᱟ।
demo0870	छात्र अध्यापक पढ़ रहा है।	ᱯᱟᱹᱴᱷᱩᱣᱟᱹ ᱢᱟᱪᱮᱫ ᱯᱟᱲᱦᱟᱣ ᱮᱫᱟ।
demo0871	विद्यालय में मैदान है।	ᱵᱤᱨᱫᱟᱹᱜᱲ ᱨᱮ ᱢᱟᱭᱫᱟᱱ ᱢᱮᱱᱟᱜᱼᱟ।
demo0872	यह एक प्रार्थना है।	ᱱᱚᱣᱟ ᱫᱚ ᱢᱤᱫ ᱯᱨᱟᱨᱛᱷᱚᱱᱟ ᱠᱟᱱᱟ।
demo0873	वह एक विद्यार्थी है।	ᱱᱚᱶᱟ ᱫᱚ ᱢᱤᱫ ᱯᱟᱹᱴᱷᱩᱣᱟᱹ ᱠᱟᱱᱟ।
demo0874	यह मेरा कविता है।	ᱱᱚᱣᱟ ᱫᱚ ᱤᱧ ᱨᱮᱱ ᱚᱱᱚᱬᱦᱮ ᱠᱟᱱᱟ।
demo0875	यह मेरा कहानी है।	ᱱᱚᱣᱟ ᱫᱚ ᱤᱧ ᱨᱮᱱ ᱠᱟᱹᱦᱱᱤ ᱠᱟᱱᱟ।
demo0876	यह मेरा मैदान है।	ᱱᱚᱣᱟ ᱫᱚ ᱤᱧ ᱨᱮᱱ ᱢᱟᱭᱫᱟᱱ ᱠᱟᱱᱟ।
demo0877	छात्र शिक्षक पढ़ रहा है।	ᱯᱟᱹᱴᱷᱩᱣᱟᱹ ᱥᱟᱦᱟᱸ ᱯᱟᱲᱦᱟᱣ ᱮᱫᱟ।
demo0878	यह बड़ा शब्द है।	ᱱᱚᱣᱟ ᱟᱹᱰᱤ ᱢᱟᱨᱟᱝ ᱥᱚᱵᱚᱫ ᱠᱟᱱᱟ।
demo0879	छात्र दीवार पढ़ रहा है।	ᱯᱟᱹᱴᱷᱩᱣᱟᱹ ᱫᱮᱣᱟᱞ ᱯᱟᱲᱦᱟᱣ ᱮᱫᱟ।
demo0880	छात्र कुर्सी पढ़ रहा है।	ᱯᱟᱹᱴᱷᱩᱣᱟᱹ ᱠᱩᱨᱥᱤ ᱯᱟᱲᱦᱟᱣ ᱮᱫᱟ।
demo0881	छात्र कलम पढ़ रहा है।	ᱯᱟᱹᱴᱷᱩᱣᱟᱹ ᱠᱟᱞᱟᱢ ᱯᱟᱲᱦᱟᱣ ᱮᱫᱟ।
demo0882	शिक्षक ने विद्यार्थी दिया।	ᱢᱟᱪᱮᱫ ᱫᱚ ᱯᱟᱹᱴᱷᱩᱣᱟᱹ ᱮᱢ ᱠᱮᱫᱟ।
demo0883	विद्यालय में खिड़की है।	ᱵᱤᱨᱫᱟᱹᱜᱲ ᱨᱮ ᱡᱷᱚᱨᱠᱟ ᱢᱮᱱᱟᱜᱼᱟ।
demo0884	विद्यालय में पेंसिल है।	ᱵᱤᱨᱫᱟᱹᱜᱲ ᱨᱮ ᱯᱮᱱᱥᱤᱞ ᱢᱮᱱᱟᱜᱼᱟ।
demo0885	यह मेरा अध्याय है।	ᱱᱚᱣᱟ ᱫᱚ ᱤᱧ ᱨᱮᱱ ᱟᱫᱷᱭᱟᱭ ᱠᱟᱱᱟ।
demo0886	यह बड़ा गणित है।	ᱱᱚᱣᱟ ᱟᱹᱰᱤ ᱢᱟᱨᱟᱝ ᱮᱞᱠᱷᱟ ᱠᱟᱱᱟ।
demo0887	यह बड़ा दीवार है।	ᱱᱚᱣᱟ ᱟᱹᱰᱤ ᱢᱟᱨᱟᱝ ᱫᱮᱣᱟᱞ ᱠᱟᱱᱟ।
demo0888	विद्यालय में दरवाज़ा है।	ᱵᱤᱨᱫᱟᱹᱜᱲ ᱨᱮ ᱫᱩᱣᱟᱹᱨ ᱢᱮᱱᱟᱜᱼᱟ।
demo0889	वह एक छात्र है।	ᱱᱚᱶᱟ ᱫᱚ ᱢᱤᱫ ᱯᱟᱹᱴᱷ⵩ᱣᱟᱹ ᱠᱟᱱᱟ।
demo0890	विद्यालय में काग़ज़ है।	ᱵᱤᱨᱫᱟᱹᱜᱲ ᱨᱮ ᱠᱟᱜᱚᱡᱽ ᱢᱮᱱᱟᱜᱼᱟ।
demo0891	कक्षा में पुस्तकालय है।	ᱠᱞᱟᱥ ᱨᱮ ᱯᱩᱛᱷᱤ ᱚᱲᱟᱜ ᱢᱮᱱᱟᱜᱼᱟ।
demo0892	यह बड़ा अक्षर है।	ᱱᱚᱣᱟ ᱟᱹᱰᱤ ᱢᱟᱨᱟᱝ ᱚᱠᱷᱚᱨ ᱠᱟᱱᱟ।
demo0893	विद्यालय में घंटी है।	ᱵᱤᱨᱫᱟᱹᱜᱲ ᱨᱮ ᱜᱷᱟᱱᱴᱤ ᱢᱮᱱᱟᱜᱼᱟ।
demo0894	छात्र शब्द पढ़ रहा है।	ᱯᱟᱹᱴᱷᱩᱣᱟᱹ ᱥᱚᱵᱚᱫ ᱯᱟᱲᱦᱟᱣ ᱮᱫᱟ।
demo0895	मैं कुर्सी लिखना पसंद करता हूँ।	ᱤᱧ ᱠᱩᱨᱥᱤ ᱚᱞ ᱠᱩᱥᱤᱭᱟᱜ ᱠᱟᱱᱟᱹᱧ।
demo0896	यह बड़ा कुर्सी है।	ᱱᱚᱣᱟ ᱟᱹᱰᱤ ᱢᱟᱨᱟᱝ ᱠᱩᱨᱥᱤ ᱠᱟᱱᱟ।
demo0897	यह छोटा पुस्तकालय है।	ᱱᱚᱣᱟ ᱦᱩᱰᱤᱧ ᱯᱩᱛᱷᱤ ᱚᱲᱟᱜ ᱠᱟᱱᱟ।
demo0898	छात्र अक्षर पढ़ रहा है।	ᱯᱟᱹᱴᱷᱩᱣᱟᱹ ᱚᱠᱷᱚᱨ ᱯᱟᱲᱦᱟᱣ ᱮᱫᱟ।
demo0899	वह एक कंप्यूटर है।	ᱱᱚᱶᱟ ᱫᱚ ᱢᱤᱫ ᱠᱚᱢᱯᱭᱩᱴᱟᱨ ᱠᱟᱱᱟ।
demo0900	विद्यालय में चित्र है।	ᱵᱤᱨᱫᱟᱹᱜᱲ ᱨᱮ ᱪᱤᱛᱟᱹᱨ ᱢᱮᱱᱟᱜᱼᱟ।
demo0901	छात्र मेज़ पढ़ रहा है।	ᱯᱟᱹᱴᱷᱩᱣᱟᱹ ᱴᱮᱵᱩᱞ ᱯᱟᱲᱦᱟᱣ ᱮᱫᱟ।
demo0902	यह बड़ा अध्यापक है।	ᱱᱚᱣᱟ ᱟᱹᱰᱤ ᱢᱟᱨᱟᱝ ᱢᱟᱪᱮᱫ ᱠᱟᱱᱟ।
demo0903	यह मेरा घंटी है।	ᱱᱚᱣᱟ ᱫᱚ ᱤᱧ ᱨᱮᱱ ᱜᱷᱟᱱᱴᱤ ᱠᱟᱱᱟ।
demo0904	यह अच्छा प्रयोगशाला है।	ᱱᱚᱣᱟ ᱱᱟᱯᱟᱭ ᱯᱨᱚᱭᱚᱜᱥᱟᱞᱟ ᱠᱟᱱᱟ।
demo0905	यह बड़ा कलम है।	ᱱᱚᱣᱟ ᱟᱹᱰᱤ ᱢᱟᱨᱟᱝ ᱠᱟᱞᱟᱢ ᱠᱟᱱᱟ।
demo0906	यह अच्छा गृहकार्य है।	ᱱᱚᱣᱟ ᱱᱟᱯᱟᱭ ᱜᱤᱨᱮ ᱠᱟᱹᱢᱤ ᱠᱟᱱᱟ।
demo0907	यह छोटा गृहकार्य है।	ᱱᱚᱣᱟ ᱦᱩᱰᱤᱧ ᱜᱤᱨᱮ ᱠᱟᱹᱢᱤ ᱠᱟᱱᱟ।
demo0908	यह पुस्तकालय अच्छा है।	ᱱᱚᱣᱟ ᱯᱩᱛᱷᱤ ᱚᱲᱟᱜ ᱱᱟᱯᱟᱭ ᱜᱮᱭᱟ।
demo0909	छात्र गणित पढ़ रहा है।	ᱯᱟᱹᱴᱷᱩᱣᱟᱹ ᱮᱞᱠᱷᱟ ᱯᱟᱲᱦᱟᱣ ᱮᱫᱟ।
demo0910	यह एक छात्र है।	ᱱᱚᱣᱟ ᱫᱚ ᱢᱤᱫ ᱯᱟᱹᱴᱷ⵩ᱣᱟᱹ ᱠᱟᱱᱟ।
demo0911	यह बड़ा विज्ञान है।	ᱱᱚᱣᱟ ᱟᱹᱰᱤ ᱢᱟᱨᱟᱝ ᱥᱟᱬᱮᱥ ᱠᱟᱱᱟ।
demo0912	मेरे पास प्रयोगशाला है।	ᱤᱧ ᱴᱷᱮᱱ ᱯᱨᱚᱭᱚᱜᱥᱟᱞᱟ ᱢᱮᱱᱟᱜᱼᱟ।
demo0913	यह मेरा काग़ज़ है।	ᱱᱚᱣᱟ ᱫᱚ ᱤᱧ ᱨᱮᱱ ᱠᱟᱜᱚᱡᱽ ᱠᱟᱱᱟ।
demo0914	वह एक प्रार्थना है।	ᱱᱚᱶᱟ ᱫᱚ ᱢᱤᱫ ᱯᱨᱟᱨᱛᱷᱚᱱᱟ ᱠᱟᱱᱟ।
demo0915	कक्षा में गृहकार्य है।	ᱠᱞᱟᱥ ᱨᱮ ᱜᱤᱨᱮ ᱠᱟᱹᱢᱤ ᱢᱮᱱᱟᱜᱼᱟ।
demo0916	मेरे पास पुस्तकालय है।	ᱤᱧ ᱴᱷᱮᱱ ᱯᱩᱛᱷᱤ ᱚᱲᱟᱜ ᱢᱮᱱᱟᱜᱼᱟ।
demo0917	यह बड़ा इतिहास है।	ᱱᱚᱣᱟ ᱟᱹᱰᱤ ᱢᱟᱨᱟᱝ ᱱᱟᱜᱟᱢ ᱠᱟᱱᱟ।
demo0918	मैं कुर्सी देखना पसंद करता हूँ।	ᱤᱧ ᱠᱩᱨᱥᱤ ᱧᱮᱞ ᱠᱩᱥᱤᱭᱟᱜ ᱠᱟᱱᱟᱹᱧ।
demo0919	यह एक गृहकार्य है।	ᱱᱚᱣᱟ ᱫᱚ ᱢᱤᱫ ᱜᱤᱨᱮ ᱠᱟᱹᱢᱤ ᱠᱟᱱᱟ।
demo0920	यह बड़ा दरवाज़ा है।	ᱱᱚᱣᱟ ᱟᱹᱰᱤ ᱢᱟᱨᱟᱝ ᱫᱩᱣᱟᱹᱨ ᱠᱟᱱᱟ।
demo0921	मैं काग़ज़ लिखना पसंद करता हूँ।	ᱤᱧ ᱠᱟᱜᱚᱡᱽ ᱚᱞ ᱠᱩᱥᱤᱭᱟᱜ ᱠᱟᱱᱟᱹᱧ।
demo0922	विद्यालय में अभ्यास है।	ᱵᱤᱨᱫᱟᱹᱜᱲ ᱨᱮ ᱟᱹᱵᱷᱭᱟᱥ ᱢᱮᱱᱟᱜᱼᱟ।
demo0923	छात्र चित्र पढ़ रहा है।	ᱯᱟᱹᱴᱷᱩᱣᱟᱹ ᱪᱤᱛᱟᱹᱨ ᱯᱟᱲᱦᱟᱣ ᱮᱫᱟ।
demo0924	शिक्षक ने प्रयोगशाला दिया।	ᱢᱟᱪᱮᱫ ᱫᱚ ᱯᱨᱚᱭᱚᱜᱥᱟᱞᱟ ᱮᱢ ᱠᱮᱫᱟ।
demo0925	यह बड़ा खिड़की है।	ᱱᱚᱣᱟ ᱟᱹᱰᱤ ᱢᱟᱨᱟᱝ ᱡᱷᱚᱨᱠᱟ ᱠᱟᱱᱟ।
demo0926	मैं किताब देखना पसंद करता हूँ।	ᱤᱧ ᱯᱚᱛᱚᱢ ᱧᱮᱞ ᱠᱩᱥᱤᱭᱟᱜ ᱠᱟᱱᱟᱹᱧ।
demo0927	मैं कुर्सी बोलना पसंद करता हूँ।	ᱤᱧ ᱠᱩᱨᱥᱤ ᱨᱚᱲ ᱠᱩᱥᱤᱭᱟᱜ ᱠᱟᱱᱟᱹᱧ।
demo0928	छात्र घंटी पढ़ रहा है।	ᱯᱟᱹᱴᱷᱩᱣᱟᱹ ᱜᱷᱟᱱᱴᱤ ᱯᱟᱲᱦᱟᱣ ᱮᱫᱟ।
demo0929	छात्र डस्टर पढ़ रहा है।	ᱯᱟᱹᱴᱷᱩᱣᱟᱹ ᱰᱟᱥᱴᱟᱨ ᱯᱟᱲᱦᱟᱣ ᱮᱫᱟ।
demo0930	वह एक पुस्तकालय है।	ᱱᱚᱶᱟ ᱫᱚ ᱢᱤᱫ ᱯᱩᱛᱷᱤ ᱚᱲᱟᱜ ᱠᱟᱱᱟ।
demo0931	छात्र मैदान पढ़ रहा है।	ᱯᱟᱹᱴᱷᱩᱣᱟᱹ ᱢᱟᱭᱫᱟᱱ ᱯᱟᱲᱦᱟᱣ ᱮᱫᱟ।
demo0932	यह बड़ा कहानी है।	ᱱᱚᱣᱟ ᱟᱹᱰᱤ ᱢᱟᱨᱟᱝ ᱠᱟᱹᱦᱱᱤ ᱠᱟᱱᱟ।
demo0933	छात्र खिड़की पढ़ रहा है।	ᱯᱟᱹᱴᱷᱩᱣᱟᱹ ᱡᱷᱚᱨᱠᱟ ᱯᱟᱲᱦᱟᱣ ᱮᱫᱟ।
demo0934	छात्र कहानी पढ़ रहा है।	ᱯᱟᱹᱴᱷᱩᱣᱟᱹ ᱠᱟᱹᱦᱱᱤ ᱯᱟᱲᱦᱟᱣ ᱮᱫᱟ।
demo0935	शिक्षक ने पुस्तकालय दिया।	ᱢᱟᱪᱮᱫ ᱫᱚ ᱯᱩᱛᱷᱤ ᱚᱲᱟᱜ ᱮᱢ ᱠᱮᱫᱟ।
demo0936	यह बड़ा पेंसिल है।	ᱱᱚᱣᱟ ᱟᱹᱰᱤ ᱢᱟᱨᱟᱝ ᱯᱮᱱᱥᱤᱞ ᱠᱟᱱᱟ।
demo0937	वह एक प्रयोगशाला है।	ᱱᱚᱶᱟ ᱫᱚ ᱢᱤᱫ ᱯᱨᱚᱭᱚᱜᱥᱟᱞᱟ ᱠᱟᱱᱟ।
demo0938	यह मेरा अभ्यास है।	ᱱᱚᱣᱟ ᱫᱚ ᱤᱧ ᱨᱮᱱ ᱟᱹᱵᱷᱭᱟᱥ ᱠᱟᱱᱟ।
demo0939	यह एक प्रयोगशाला है।	ᱱᱚᱣᱟ ᱫᱚ ᱢᱤᱫ ᱯᱨᱚᱭᱚᱜᱥᱟᱞᱟ ᱠᱟᱱᱟ।
demo0940	यह बड़ा काग़ज़ है।	ᱱᱚᱣᱟ ᱟᱹᱰᱤ ᱢᱟᱨᱟᱝ ᱠᱟᱜᱚᱡᱽ ᱠᱟᱱᱟ।
demo0941	मैं किताब बोलना पसंद करता हूँ।	ᱤᱧ ᱯᱚᱛᱚᱢ ᱨᱚᱲ ᱠᱩᱥᱤᱭᱟᱜ ᱠᱟᱱᱟᱹᱧ।
demo0942	छात्र दरवाज़ा पढ़ रहा है।	ᱯᱟᱹᱴᱷᱩᱣᱟᱹ ᱫᱩᱣᱟᱹᱨ ᱯᱟᱲᱦᱟᱣ ᱮᱫᱟ।
demo0943	यह बड़ा अध्याय है।	ᱱᱚᱣᱟ ᱟᱹᱰᱤ ᱢᱟᱨᱟᱝ ᱟᱫᱷᱭᱟᱭ ᱠᱟᱱᱟ।
demo0944	यह बड़ा घंटी है।	ᱱᱚᱣᱟ ᱟᱹᱰᱤ ᱢᱟᱨᱟᱝ ᱜᱷᱟᱱᱴᱤ ᱠᱟᱱᱟ।
demo0945	छात्र अध्याय पढ़ रहा है।	ᱯᱟᱹᱴᱷᱩᱣᱟᱹ ᱟᱫᱷᱭᱟᱭ ᱯᱟᱲᱦᱟᱣ ᱮᱫᱟ।
demo0946	यह एक पुस्तकालय है।	ᱱᱚᱣᱟ ᱫᱚ ᱢᱤᱫ ᱯᱩᱛᱷᱤ ᱚᱲᱟᱜ ᱠᱟᱱᱟ।
demo0947	यह बड़ा डस्टर है।	ᱱᱚᱣᱟ ᱟᱹᱰᱤ ᱢᱟᱨᱟᱝ ᱰᱟᱥᱴᱟᱨ ᱠᱟᱱᱟ।
demo0948	यह बड़ा मैदान है।	ᱱᱚᱣᱟ ᱟᱹᱰᱤ ᱢᱟᱨᱟᱝ ᱢᱟᱭᱫᱟᱱ ᱠᱟᱱᱟ।
demo0949	मैं पेन सुनना पसंद करता हूँ।	ᱤᱧ ᱯᱮᱱ ᱟᱸᱡᱚᱢ ᱠᱩᱥᱤᱭᱟᱜ ᱠᱟᱱᱟᱹᱧ।
demo0950	यह बड़ा चित्र है।	ᱱᱚᱣᱟ ᱟᱹᱰᱤ ᱢᱟᱨᱟᱝ ᱪᱤᱛᱟᱹᱨ ᱠᱟᱱᱟ।
demo0951	वह एक गृहकार्य है।	ᱱᱚᱶᱟ ᱫᱚ ᱢᱤᱫ ᱜᱤᱨᱮ ᱠᱟᱹᱢᱤ ᱠᱟᱱᱟ।
demo0952	छात्र पेंसिल पढ़ रहा है।	ᱯᱟᱹᱴᱷᱩᱣᱟᱹ ᱯᱮᱱᱥᱤᱞ ᱯᱟᱲᱦᱟᱣ ᱮᱫᱟ।
demo0953	मैं पेंसिल लिखना पसंद करता हूँ।	ᱤᱧ ᱯᱮᱱᱥᱤᱞ ᱚᱞ ᱠᱩᱥᱤᱭᱟᱜ ᱠᱟᱱᱟᱹᱧ।
demo0954	शिक्षक ने गृहकार्य दिया।	ᱢᱟᱪᱮᱫ ᱫᱚ ᱜᱤᱨᱮ ᱠᱟᱹᱢᱤ ᱮᱢ ᱠᱮᱫᱟ।
demo0955	छात्र काग़ज़ पढ़ रहा है।	ᱯᱟᱹᱴᱷᱩᱣᱟᱹ ᱠᱟᱜᱚᱡᱽ ᱯᱟᱲᱦᱟᱣ ᱮᱫᱟ।
demo0956	यह बड़ा कविता है।	ᱱᱚᱣᱟ ᱟᱹᱰᱤ ᱢᱟᱨᱟᱝ ᱚᱱᱚᱬᱦᱮ ᱠᱟᱱᱟ।
demo0957	छात्र कविता पढ़ रहा है।	ᱯᱟᱹᱴᱷᱩᱣᱟᱹ ᱚᱱᱚᱬᱦᱮ ᱯᱟᱲᱦᱟᱣ ᱮᱫᱟ।
demo0958	यह मेरा ब्लैकबोर्ड है।	ᱱᱚᱣᱟ ᱫᱚ ᱤᱧ ᱨᱮᱱ ᱵᱞᱟᱠᱵᱚᱨᱰ ᱠᱟᱱᱟ।
demo0959	मैं पेन पढ़ना पसंद करता हूँ।	ᱤᱧ ᱯᱮᱱ ᱯᱟᱲᱦᱟᱣ ᱠᱩᱥᱤᱭᱟᱜ ᱠᱟᱱᱟᱹᱧ।
demo0960	मैं काग़ज़ देखना पसंद करता हूँ।	ᱤᱧ ᱠᱟᱜᱚᱡᱽ ᱧᱮᱞ ᱠᱩᱥᱤᱭᱟᱜ ᱠᱟᱱᱟᱹᱧ।
demo0961	विद्यालय में भूगोल है।	ᱵᱤᱨᱫᱟᱹᱜᱲ ᱨᱮ ᱚᱛ ᱥᱟᱬᱮᱥ ᱢᱮᱱᱟᱜᱼᱟ।
demo0962	विद्यालय में परीक्षा है।	ᱵᱤᱨᱫᱟᱹᱜᱲ ᱨᱮ ᱯᱚᱨᱤᱠᱷᱭᱟ ᱢᱮᱱᱟᱜᱼᱟ।
demo0963	यह बड़ा अभ्यास है।	ᱱᱚᱣᱟ ᱟᱹᱰᱤ ᱢᱟᱨᱟᱝ ᱟᱹᱵᱷᱭᱟᱥ ᱠᱟᱱᱟ।
demo0964	मैं काग़ज़ बोलना पसंद करता हूँ।	ᱤᱧ ᱠᱟᱜᱚᱡᱽ ᱨᱚᱲ ᱠᱩᱥᱤᱭᱟᱜ ᱠᱟᱱᱟᱹᱧ।
demo0965	छात्र अभ्यास पढ़ रहा है।	ᱯᱟᱹᱴᱷᱩᱣᱟᱹ ᱟᱹᱵᱷᱭᱟᱥ ᱯᱟᱲᱦᱟᱣ ᱮᱫᱟ।
demo0966	यह मेरा भूगोल है।	ᱱᱚᱣᱟ ᱫᱚ ᱤᱧ ᱨᱮᱱ ᱚᱛ ᱥᱟᱬᱮᱥ ᱠᱟᱱᱟ।
demo0967	मैं पेंसिल देखना पसंद करता हूँ।	ᱤᱧ ᱯᱮᱱᱥᱤᱞ ᱧᱮᱞ ᱠᱩᱥᱤᱭᱟᱜ ᱠᱟᱱᱟᱹᱧ।
demo0968	मैं पेंसिल बोलना पसंद करता हूँ।	ᱤᱧ ᱯᱮᱱᱥᱤᱞ ᱨᱚᱲ ᱠᱩᱥᱤᱭᱟᱜ ᱠᱟᱱᱟᱹᱧ।
demo0969	विद्यालय में ब्लैकबोर्ड है।	ᱵᱤᱨᱫᱟᱹᱜᱲ ᱨᱮ ᱵᱞᱟᱠᱵᱚᱨᱰ ᱢᱮᱱᱟᱜᱼᱟ।
demo0970	यह मेरा परीक्षा है।	ᱱᱚᱣᱟ ᱫᱚ ᱤᱧ ᱨᱮᱱ ᱯᱚᱨᱤᱠᱷᱭᱟ ᱠᱟᱱᱟ।
demo0971	छात्र परीक्षा पढ़ रहा है।	ᱯᱟᱹᱴᱷᱩᱣᱟᱹ ᱯᱚᱨᱤᱠᱷᱭᱟ ᱯᱟᱲᱦᱟᱣ ᱮᱫᱟ।
demo0972	मैं कुर्सी सुनना पसंद करता हूँ।	ᱤᱧ ᱠᱩᱨᱥᱤ ᱟᱸᱡᱚᱢ ᱠᱩᱥᱤᱭᱟᱜ ᱠᱟᱱᱟᱹᱧ।
demo0973	छात्र भूगोल पढ़ रहा है।	ᱯᱟᱹᱴᱷᱩᱣᱟᱹ ᱚᱛ ᱥᱟᱬᱮᱥ ᱯᱟᱲᱦᱟᱣ ᱮᱫᱟ।
demo0974	यह मेरा प्रार्थना है।	ᱱᱚᱣᱟ ᱫᱚ ᱤᱧ ᱨᱮᱱ ᱯᱨᱟᱨᱛᱷᱚᱱᱟ ᱠᱟᱱᱟ।
demo0975	मैं किताब सुनना पसंद करता हूँ।	ᱤᱧ ᱯᱚᱛᱚᱢ ᱟᱸᱡᱚᱢ ᱠᱩᱥᱤᱭᱟᱜ ᱠᱟᱱᱟᱹᱧ।
demo0976	यह मेरा कंप्यूटर है।	ᱱᱚᱣᱟ ᱫᱚ ᱤᱧ ᱨᱮᱱ ᱠᱚᱢᱯᱭᱩᱴᱟᱨ ᱠᱟᱱᱟ।
demo0977	विद्यालय में प्रार्थना है।	ᱵᱤᱨᱫᱟᱹᱜᱲ ᱨᱮ ᱯᱨᱟᱨᱛᱷᱚᱱᱟ ᱢᱮᱱᱟᱜᱼᱟ।
demo0978	विद्यालय में विद्यार्थी है।	ᱵᱤᱨᱫᱟᱹᱜᱲ ᱨᱮ ᱯᱟᱹᱴᱷᱩᱣᱟᱹ ᱢᱮᱱᱟᱜᱼᱟ।
demo0979	यह मेरा छात्र है।	ᱱᱚᱣᱟ ᱫᱚ ᱤᱧ ᱨᱮᱱ ᱯᱟᱹᱴᱷᱩᱣᱟᱹ ᱠᱟᱱᱟ।
demo0980	विद्यालय में कंप्यूटर है।	ᱵᱤᱨᱫᱟᱹᱜᱲ ᱨᱮ ᱠᱚᱢᱯᱭᱩᱴᱟᱨ ᱢᱮᱱᱟᱜᱼᱟ।
demo0981	यह बड़ा परीक्षा है।	ᱱᱚᱣᱟ ᱟᱹᱰᱤ ᱢᱟᱨᱟᱝ ᱯᱚᱨᱤᱠᱷᱭᱟ ᱠᱟᱱᱟ।
demo0982	यह बड़ा भूगोल है।	ᱱᱚᱣᱟ ᱟᱹᱰᱤ ᱢᱟᱨᱟᱝ ᱚᱛ ᱥᱟᱬᱮᱥ ᱠᱟᱱᱟ।
demo0983	मैं ब्लैकबोर्ड लिखना पसंद करता हूँ।	ᱤᱧ ᱵᱞᱟᱠᱵᱚᱨᱰ ᱚᱞ ᱠᱩᱥᱤᱭᱟᱜ ᱠᱟᱱᱟᱹᱧ।
demo0984	यह बड़ा ब्लैकबोर्ड है।	ᱱᱚᱣᱟ ᱟᱹᱰᱤ ᱢᱟᱨᱟᱝ ᱵᱞᱟᱠᱵᱚᱨᱰ ᱠᱟᱱᱟ।
demo0985	विद्यालय में छात्र है।	ᱵᱤᱨᱫᱟᱹᱜᱲ ᱨᱮ ᱯᱟᱹᱴᱷ⵩ᱣᱟᱹ ᱢᱮᱱᱟᱜᱼᱟ।
demo0986	यह मेरा छात्र है।	ᱱᱚᱣᱟ ᱫᱚ ᱤᱧ ᱨᱮᱱ ᱯᱟᱹᱴᱷ⵩ᱣᱟᱹ ᱠᱟᱱᱟ।
demo0987	छात्र ब्लैकबोर्ड पढ़ रहा है।	ᱯᱟᱹᱴᱷᱩᱣᱟᱹ ᱵᱞᱟᱠᱵᱚᱨᱰ ᱯᱟᱲᱦᱟᱣ ᱮᱫᱟ।
demo0988	यह बड़ा कंप्यूटर है।	ᱱᱚᱣᱟ ᱟᱹᱰᱤ ᱢᱟᱨᱟᱝ ᱠᱚᱢᱯᱭᱩᱴᱟᱨ ᱠᱟᱱᱟ।
demo0989	यह बड़ा छात्र है।	ᱱᱚᱣᱟ ᱟᱹᱰᱤ ᱢᱟᱨᱟᱝ ᱯᱟᱹᱴᱷ⵩ᱣᱟᱹ ᱠᱟᱱᱟ।
demo0990	छात्र प्रार्थना पढ़ रहा है।	ᱯᱟᱹᱴᱷᱩᱣᱟᱹ ᱯᱨᱟᱨᱛᱷᱚᱱᱟ ᱯᱟᱲᱦᱟᱣ ᱮᱫᱟ।
demo0991	मैं पेंसिल सुनना पसंद करता हूँ।	ᱤᱧ ᱯᱮᱱᱥᱤᱞ ᱟᱸᱡᱚᱢ ᱠᱩᱥᱤᱭᱟᱜ ᱠᱟᱱᱟᱹᱧ।
demo0992	विद्यालय में प्रयोगशाला है।	ᱵᱤᱨᱫᱟᱹᱜᱲ ᱨᱮ ᱯᱨᱚᱭᱚᱜᱥᱟᱞᱟ ᱢᱮᱱᱟᱜᱼᱟ।
demo0993	यह मेरा पुस्तकालय है।	ᱱᱚᱣᱟ ᱫᱚ ᱤᱧ ᱨᱮᱱ ᱯᱩᱛᱷᱤ ᱚᱲᱟᱜ ᱠᱟᱱᱟ।
demo0994	मैं किताब पढ़ना पसंद करता हूँ।	ᱤᱧ ᱯᱚᱛᱚᱢ ᱯᱟᱲᱦᱟᱣ ᱠᱩᱥᱤᱭᱟᱜ ᱠᱟᱱᱟᱹᱧ।
demo0995	यह बड़ा विद्यार्थी है।	ᱱᱚᱣᱟ ᱟᱹᱰᱤ ᱢᱟᱨᱟᱝ ᱯᱟᱹᱴᱷᱩᱣᱟᱹ ᱠᱟᱱᱟ।
demo0996	छात्र छात्र पढ़ रहा है।	ᱯᱟᱹᱴᱷᱩᱣᱟᱹ ᱯᱟᱹᱴᱷ⵩ᱣᱟᱹ ᱯᱟᱲᱦᱟᱣ ᱮᱫᱟ।
demo0997	विद्यालय में गृहकार्य है।	ᱵᱤᱨᱫᱟᱹᱜᱲ ᱨᱮ ᱜᱤᱨᱮ ᱠᱟᱹᱢᱤ ᱢᱮᱱᱟᱜᱼᱟ।
demo0998	छात्र छात्र पढ़ रहा है।	ᱯᱟᱹᱴᱷᱩᱣᱟᱹ ᱯᱟᱹᱴᱷᱩᱣᱟᱹ ᱯᱟᱲᱦᱟᱣ ᱮᱫᱟ।
demo0999	यह मेरा प्रयोगशाला है।	ᱱᱚᱣᱟ ᱫᱚ ᱤᱧ ᱨᱮᱱ ᱯᱨᱚᱭᱚᱜᱥᱟᱞᱟ ᱠᱟᱱᱟ।
demo1000	यह बड़ा प्रार्थना है।	ᱱᱚᱣᱟ ᱟᱹᱰᱤ ᱢᱟᱨᱟᱝ ᱯᱨᱟᱨᱛᱷᱚᱱᱟ ᱠᱟᱱᱟ।
