train_santalimale_04569	ᱡᱚᱠᱷᱚᱱ ᱯᱚᱭᱥᱟ ᱨᱮᱭᱟᱜᱼᱟ ᱞᱟᱹᱜᱛᱤ ᱟᱨ ᱜᱮ ᱯᱟᱲᱟᱣᱟᱫᱮᱭᱟ, ᱩᱱ ᱫᱚ ᱢᱮᱨᱚᱢ ᱵᱷᱤᱰᱤ ᱟᱹᱰᱤ ᱠᱚᱢ ᱫᱟᱢ ᱛᱮ, ᱟᱭᱟᱜᱼᱟ ᱜᱚᱨᱚᱡ ᱛᱮᱭ ᱟᱹᱠᱚᱨᱤᱧ ᱜᱤᱰᱤ ᱠᱟᱠᱚᱟ।
train_santalimale_03349	ᱮᱱᱛᱮ, ᱨᱮᱦᱰᱟ ᱦᱟᱥᱟ ᱨᱮᱭ ᱞᱮᱸᱡᱮᱫᱼᱟ ᱵᱷᱤᱱᱫᱟᱹᱲ ᱢᱟᱲᱟᱹᱝᱮᱱ ᱛᱮ ᱟᱡᱼᱟ ᱜᱮ ᱟᱹᱰᱤᱭ ᱡᱚᱠᱷᱚᱢᱮᱱᱟ।
train_santalimale_04667	ᱯᱟᱹᱦᱤᱞ ᱧᱮᱞ ᱨᱮᱫᱚᱧ ᱟᱱᱫᱦᱟ ᱞᱮᱱ ᱜᱮᱭᱟ।
train_santalimale_01618	ᱢᱤᱫᱼᱟᱫᱷᱟᱲᱤ ᱛᱟᱭᱚᱢ ᱩᱱᱠᱩ ᱮᱭᱟᱭ ᱵᱚᱭᱦᱟᱠᱚ ᱢᱮᱱᱠᱮᱫᱼᱟ ᱟ, ᱦᱚᱯᱚᱱ ᱢᱟᱤᱭᱟ ᱢᱟᱭᱟᱝ ᱜᱮ ᱱᱩᱱᱟ: ᱥᱤᱵᱤᱞᱟ, ᱮᱱᱠᱷᱟᱱ ᱟᱭᱚᱡᱼᱟ ᱫᱚ ᱛᱤᱱᱟ: ᱪᱚᱭ ᱥᱤᱵᱤᱞᱟ।
train_santalimale_02489	ᱱᱟᱸᱣᱟᱸ ᱵᱟᱹᱦᱩ ᱠᱚ ᱧᱮᱞ ᱞᱮᱫᱮ ᱡᱚᱠᱷᱟᱱ ᱟᱛᱚ ᱦᱚᱲ ᱠᱚ ᱴᱷᱟᱠ ᱩᱛᱟᱹᱨ ᱞᱮᱱᱟ।
train_santalimale_04517	ᱫᱤᱱᱟᱹᱢ ᱜᱮ ᱵᱚᱭᱦᱟ ᱛᱟᱞᱟ ᱨᱮ ᱡᱷᱚᱜᱲᱟᱹ ᱛᱟᱯᱟᱢ ᱦᱩᱭᱩᱜᱼᱟ ᱟ।
train_santalimale_05168	ᱛᱚᱵᱮ ᱪᱮᱫᱟᱜᱼᱟ ᱜᱤᱛᱤᱞ ᱲᱟᱹᱰᱤ ᱟᱢ ᱫᱚᱠᱚ ᱚᱱᱠᱟ ᱢᱮᱭᱟ?
train_santalimale_01169	ᱢᱤᱫᱼᱟᱫᱤᱱᱟ: ᱠᱟᱛᱷᱟ ᱠᱟᱱᱟ, ᱱᱟᱨᱚᱥᱤᱸᱜ ᱜᱩᱨᱩ ᱫᱚ ᱜᱤᱫᱤ ᱪᱤᱱᱛᱮ ᱱᱚᱣᱟ ᱚᱛᱮᱫᱼᱟ ᱛᱮ ᱟᱸᱰᱜᱚ ᱦᱮᱡᱼᱟ ᱞᱮᱱᱟᱭ।
train_santalimale_01776	ᱨᱟᱱᱤ ᱚᱲᱟᱹᱷ ᱨᱮ ᱫᱩᱰᱩᱯ ᱟᱠᱟᱱ ᱛᱟᱸᱦᱮᱸᱠᱟᱱᱟ।
train_santalimale_01853	ᱪᱟᱥᱵᱟᱥ ᱠᱚ ᱱᱟᱯᱚᱭᱛᱮ ᱦᱚᱭ ᱦᱚᱪᱚ ᱞᱟᱹᱜᱤᱫᱼᱟ ᱛᱮ ᱢᱟᱱᱣᱟᱠᱚ ᱫᱚ ᱟᱥᱟᱲᱤᱹᱭᱟ ᱵᱚᱸᱜᱟ ᱮ ᱥᱟᱵᱼᱟᱟᱷ ᱠᱚ ᱛᱟᱸᱦᱮᱸᱠᱟᱱᱟ।
train_santalimale_01729	ᱛᱮᱦᱮᱸᱧ ᱫᱚ ᱵᱟᱹᱫ ᱨᱮ ᱫᱚ ᱵᱟᱠᱚ ᱠᱟᱹᱢᱤᱭᱟ, ᱪᱮᱫᱟᱷ ᱮᱢ ᱵᱷᱮᱡᱟ ᱠᱮᱫᱼᱟ ᱠᱤᱱᱟ।
train_santalimale_01800	ᱮᱱᱠᱷᱟᱱ ᱨᱟᱱᱤ ᱮ ᱢᱮᱱᱠᱮᱫᱼᱟ ᱡᱩᱫᱤ ᱥᱟᱱᱟᱢ ᱫᱟᱨᱮ ᱨᱮᱱᱟᱷ ᱵᱟᱦᱟ ᱧᱩᱛᱩᱢ ᱮᱢ ᱞᱟᱹᱤ ᱠᱮᱭᱟ ᱮᱱᱠᱷᱟᱱ ᱤᱧ ᱜᱚᱡᱤᱧ ᱢᱮ।
train_santalimale_02432	ᱢᱮᱱᱠᱷᱟᱱ, ᱛᱮᱦᱮᱧ ᱫᱚ ᱟᱭᱟᱜᱼᱟ ᱢᱚᱱᱮ ᱛᱮ ᱚᱨᱚᱝ ᱪᱮᱫ ᱜᱮᱭ ᱠᱩᱨᱩᱢᱩᱴᱩᱭᱮᱫᱼᱟ ᱠᱟᱱ ᱪᱚ ᱪᱮᱫᱼᱟ ᱪᱚ।
train_santalimale_00685	ᱢᱟᱲᱟᱹᱝ ᱨᱮ ᱡᱟᱦᱟᱸᱭ ᱫᱩᱰᱩᱯ ᱟᱠᱟᱱ ᱵᱩᱰᱩᱵᱼᱟ ᱟᱠᱟᱱ ᱩᱱᱤ ᱢᱤᱫᱼᱟᱴᱟᱝ ᱦᱟᱴᱟ: ᱮ ᱮᱢᱟᱭᱟ, ᱟᱨ ᱚᱱᱟ ᱦᱟᱴᱟ: ᱨᱮ ᱜᱚᱲᱟᱹᱛᱮ, ᱟᱹᱫᱣᱟ ᱪᱟᱣᱞᱮ ᱯᱮ ᱪᱩᱯᱩᱫᱼᱟ ᱮ ᱮᱢᱟ।
train_santalimale_02378	ᱟᱨ, ᱵᱷᱟᱜᱮ ᱪᱟᱹᱞᱪᱚᱞᱚᱱ ᱤᱭᱟᱹ ᱛᱮ ᱤᱱᱟᱹ ᱟᱰᱮᱯᱟᱥᱮ ᱫᱚ ᱵᱷᱟᱜᱮ ᱧᱩᱛᱩᱢ ᱜᱮᱭ ᱦᱟᱹᱨ ᱟᱠᱟᱣᱟᱱᱟ।
train_santalimale_04058	ᱱᱤᱡᱟᱹ ᱦᱟᱱᱦᱟᱨᱚ-ᱦᱚᱧᱦᱟᱨ ᱟᱠᱚ ᱨᱮᱱ ᱡᱟᱸᱣᱟᱸᱭ ᱜᱚᱢᱠᱮ ᱟᱨ ᱠᱤᱢᱤᱱ ᱞᱟᱹᱜᱤᱫᱼᱟ ᱛᱤᱱᱟᱹᱜᱼᱟ ᱥᱟᱫ ᱵᱟᱝ ᱛᱟᱠᱚ ᱚᱱᱟ ᱠᱷᱚᱱ ᱡᱟᱹᱥᱛᱤ ᱥᱟᱫ ᱫᱚ ᱟᱹᱠᱤᱱ ᱟᱜᱼᱟ ᱜᱮ।
train_santalimale_03602	ᱵᱷᱟᱜᱮ ᱜᱮ ᱢᱮᱫᱼᱟ ᱢᱩᱸ ᱥᱮ ᱦᱚᱲᱢᱚ ᱛᱮᱦᱚᱸ ᱢᱮᱱᱟᱭᱟ, ᱟᱹᱰᱤ ᱦᱚᱸ ᱵᱟᱭ ᱩᱥᱩᱞᱟ, ᱟᱹᱰᱤ ᱦᱚᱸ ᱵᱟᱭ ᱯᱷᱮᱰᱟ, ᱟᱹᱰᱤ ᱦᱚᱸ ᱵᱟᱭ ᱦᱮᱱᱫᱮᱭᱟ ᱟᱨ ᱟᱹᱰᱤ ᱦᱚᱸ ᱵᱟᱭ ᱮᱥᱮᱞᱟ ᱟᱨ ᱵᱟᱝ ᱫᱚᱭ ᱢᱚᱴᱟᱣᱟ ᱟᱨ ᱵᱟᱝ ᱫᱚᱭ ᱱᱟᱱᱦᱟᱣᱟ।
train_santalimale_04301	ᱱᱤᱛ ᱫᱚ ᱯᱟᱨᱚᱢ ᱟᱠᱟᱱ ᱫᱤᱱ ᱨᱮᱭᱟᱜᱼᱟ ᱚᱞᱚᱜᱼᱟ ᱡᱤᱭᱚᱱ ᱵᱟᱠᱷᱨᱟ ᱛᱮ ᱡᱟᱣ ᱜᱮᱭ ᱩᱤᱦᱟᱹᱨᱟ।
train_santalimale_03973	ᱠᱤᱫᱩᱵᱼᱟ ᱫᱟᱠᱟ ᱩᱥᱟᱹᱨᱟ ᱤᱥᱤᱱᱟ ᱢᱮᱱᱛᱮ ᱵᱮᱴᱠᱟ ᱟᱡᱼᱟ ᱫᱟᱠᱟᱭ ᱜᱚ ᱫᱚ ᱥᱟᱹᱩ-ᱥᱟᱹᱩ ᱪᱩᱞᱦᱟᱹ ᱨᱮ ᱥᱮᱸᱜᱮᱞ ᱮ ᱡᱩᱞ ᱠᱟᱱᱟ।
train_santalimale_03411	ᱟᱹᱞᱤᱧ ᱫᱚ ᱮᱱᱛᱮᱫᱼᱟ ᱟᱹᱰᱤ ᱜᱮ ᱞᱤᱧ ᱠᱩᱨᱩᱢᱩᱴᱩ ᱞᱮᱫᱟ, ᱛᱷᱚᱲᱟᱹ ᱜᱟᱱ ᱚᱞᱚᱠᱯᱟᱲᱦᱟᱣ ᱫᱚ ᱪᱮᱫᱼᱟ ᱡᱚᱝ ᱢᱮ ᱵᱤᱴᱤ।
train_santalimale_03838	ᱜᱟᱡᱟᱲ ᱞᱟᱛᱟᱨ ᱡᱷᱩᱸᱲ ᱨᱮ ᱪᱟᱞᱟᱣ ᱠᱟᱛᱮᱫᱼᱟ ᱵᱩᱨᱩᱢ ᱦᱟᱯᱮ ᱮᱱᱟᱭ।
train_santalimale_04539	ᱟᱹᱠᱤᱱ ᱵᱟᱱᱟᱨ ᱵᱚᱭᱦᱟ ᱠᱩᱠᱢᱩ ᱛᱮᱦᱚᱸ ᱵᱟᱠᱤᱱ ᱵᱟᱰᱟᱭ ᱧᱟᱢ ᱟᱠᱟᱫᱼᱟ ᱛᱟᱦᱮᱸᱱᱟ ᱡᱮ ᱟᱞᱟᱝ ᱛᱟᱞᱟ ᱨᱮ ᱱᱚᱝᱠᱟᱱ ᱵᱷᱮᱜᱮᱫᱼᱟ ᱨᱮ ᱪᱤᱱᱟᱹ ᱯᱟᱹᱪᱨᱤ ᱛᱮᱸᱜᱚᱱᱟ।
train_santalimale_01397	ᱢᱮᱱᱠᱷᱟᱱ ᱟᱠᱚᱨᱮᱱ ᱡᱟᱸᱣᱟᱭ ᱠᱚ ᱫᱚ ᱪᱮᱫᱼᱟᱦᱚᱸ ᱵᱟᱝᱠᱚ ᱢᱮᱱ ᱫᱟᱲᱮᱹᱭᱟᱠᱚ ᱠᱟᱱ ᱛᱟᱸᱦᱮᱸᱠᱟᱱᱟ।
train_santalimale_04244	ᱢᱤᱫᱼᱟ ᱛᱟᱞᱟᱣ ᱞᱩᱴᱤ ᱨᱮ ᱱᱚᱟ ᱠᱩᱜᱼᱟᱞᱤ ᱜᱮ ᱜᱩᱨᱞᱟᱹᱜᱼᱟ ᱠᱟᱱ ᱛᱟᱭᱟ।
train_santalimale_01489	ᱮᱱᱠᱷᱟᱱ ᱟᱠᱚ ᱨᱮᱱ ᱠᱟᱠᱟ ᱦᱚᱧᱦᱟᱨ ᱦᱟᱸᱥᱫᱟ ᱦᱚᱲ ᱫᱚ ᱩᱱᱤ ᱠᱩᱲᱤᱹᱛ ᱮ ᱛᱩᱧ ᱜᱚᱭᱚᱡᱼᱟ ᱠᱮᱫᱮᱭᱟ।
train_santalimale_03652	ᱵᱞᱚᱠ ᱪᱟᱞᱟᱜᱼᱟ ᱪᱟᱞᱟᱜᱼᱟ ᱛᱮ ᱦᱚᱲ ᱠᱚ ᱦᱚᱸ ᱟᱭᱢᱟᱭ ᱧᱟᱯᱟᱢ ᱵᱟᱲᱟᱹ ᱠᱚᱟ।
train_santalimale_02282	ᱠᱩᱢᱯᱟᱱᱰᱟᱨ ᱫᱚ ᱰᱟᱠᱛᱟᱨ ᱮ ᱞᱟᱹᱭ ᱟᱫᱮᱭᱟ ᱡᱮ ᱨᱩᱯᱩ ᱥᱟᱢᱟᱝ ᱨᱮ ᱢᱮᱱᱟᱭ ᱨᱮᱦᱚᱸ ᱵᱟᱭ ᱦᱤᱡᱩᱜᱼᱟ ᱠᱟᱱᱟ।
train_santalimale_01899	ᱱᱮᱣᱛᱟ ᱟᱠᱟᱱ ᱵᱟᱨᱛᱮ ᱟᱠᱟᱱ ᱥᱟᱱᱟᱢᱜᱮ ᱱᱟᱭ ᱵᱟᱲᱮᱹ, ᱱᱟᱯᱟᱭ ᱵᱟᱲᱮᱹ ᱠᱚ ᱛᱟᱸᱦᱮᱸᱱᱢᱟ।
train_santalimale_03216	ᱦᱩᱫᱤᱥ ᱟᱠᱟᱫᱼᱟ ᱛᱟᱸᱦᱮᱸ ᱠᱟᱱᱟᱭ ᱡᱮ ᱜᱮᱞᱵᱟᱨ ᱵᱚᱪᱷᱚᱨ ᱵᱟᱫ ᱟᱞᱮ ᱚᱲᱟᱜᱼᱟ ᱨᱮᱱ ᱠᱚ ᱧᱮᱞᱮᱧᱟ ᱟᱹᱰᱤ ᱠᱚ ᱠᱩᱥᱤᱠᱟᱛᱮ ᱠᱚ ᱟᱛᱟᱝ ᱟᱫᱮᱨᱤᱧᱟ, ᱢᱮᱱᱠᱷᱟᱱ ᱦᱟᱭᱨᱮ ᱠᱚᱯᱟᱞ।
train_santalimale_04599	ᱵᱤᱪᱠᱚᱢ ᱡᱷᱟᱹᱣᱟᱹᱣᱟᱠᱟᱱ ᱨᱮᱦᱚᱸᱭ ᱡᱷᱟᱹᱣᱟᱹ ᱱᱟᱹᱸᱲᱤ ᱠᱚᱫᱚ ᱟᱨ ᱜᱮ ᱟᱡᱼᱟ ᱥᱮᱱᱮ ᱚᱨ ᱥᱚᱨ ᱡᱚᱝ ᱠᱟᱱᱟ।
train_santalimale_02953	ᱤᱧ ᱮᱢ ᱟᱸᱜᱚᱪ ᱤᱫᱤᱧ ᱠᱟᱱ ᱢᱟ ᱦᱮᱸᱜᱮ, ᱥᱟᱸᱣᱛᱮ ᱢᱮᱱᱟᱜᱼᱟ ᱵᱚᱡᱷᱦᱟ ᱚᱱᱟ ᱦᱚᱢ ᱟᱸᱜᱚᱪ ᱮᱫᱼᱟ ᱠᱟᱱ।
train_santalimale_04180	ᱦᱚᱭᱟᱜᱼᱟ ᱫᱚ ᱦᱚᱭ ᱯᱟᱨᱚᱢᱮᱱᱟ ᱟᱨ ᱡᱟᱦᱚᱸ ᱦᱚᱭᱚᱜᱼᱟ ᱚᱱᱟ ᱫᱚ ᱦᱚᱭᱚᱜᱼᱟ ᱛᱮᱜᱮ ᱛᱟᱦᱮᱸᱱᱟ ᱟᱨ ᱱᱟᱯᱟᱭ ᱦᱚᱭᱚᱜᱼᱟ ᱜᱮᱭᱟ।
train_santalimale_00456	ᱜᱚᱱ ᱯᱚᱱ ᱧᱮᱞ ᱛᱟᱭᱚᱢ ᱠᱩᱲᱤ ᱜᱤᱫᱨᱟᱹᱣᱟᱷ ᱫᱚ ᱢᱟᱛᱠᱚᱢ ᱫᱟᱨᱮ ᱥᱟᱸᱣ ᱵᱟᱵᱼᱟᱞᱟ ᱦᱩᱭᱩ: ᱟ।
train_santalimale_00100	ᱢᱟᱜᱷ ᱪᱟᱸᱫᱚ ᱠᱷᱚᱱ ᱜᱮ ᱮᱭᱦᱚᱵᱼᱟ ᱮᱱᱟ ᱢᱤᱢᱤᱫᱼᱟ ᱥᱮᱨᱢᱟ ᱨᱮᱱᱟᱷ ᱞᱮᱠᱷᱟ ᱫᱤᱱ ᱫᱚ।
train_santalimale_05056	ᱮᱱᱛᱮ ᱨᱮᱦᱚᱸ ᱡᱟᱦᱟᱸ ᱞᱮᱠᱟᱛᱮ ᱡᱤᱨᱟᱹᱩ-ᱡᱤᱨᱟᱹᱩ ᱛᱮ ᱚᱲᱟᱜᱼᱟ ᱮ ᱥᱮᱴᱮᱨᱮᱱᱟ।
train_santalimale_01571	ᱢᱮᱱᱟᱠᱚ ᱥᱮᱫᱟᱭ, ᱢᱟᱸᱰᱮᱭᱟ ᱟᱹᱛᱩ ᱨᱮᱫᱚ ᱴᱩᱲᱩᱹ ᱦᱚᱲ ᱠᱚ ᱛᱟᱸᱦᱮᱱᱠᱟᱱ ᱛᱟᱸᱦᱮᱸᱫᱼᱟ ᱟᱨ ᱚᱱᱟ ᱥᱩᱨ ᱨᱮ ᱢᱮᱱᱟ: ᱪᱟᱹᱭ ᱟᱹᱛᱩ ᱨᱮ ᱫᱚ, ᱵᱮᱥᱨᱟ ᱦᱚᱲᱠᱚ ᱛᱟᱸᱦᱮᱸᱱᱠᱟᱱ ᱛᱟᱦᱮᱫᱼᱟ।
train_santalimale_03391	ᱵᱟᱹᱰᱨᱟᱹᱵᱩᱥᱩᱵᱼᱟ ᱫᱚ ᱥᱮᱭᱟ ᱠᱟᱛᱮ ᱫᱷᱟᱹᱨᱛᱤᱭ ᱜᱚᱵᱨᱟᱣᱮᱫᱼᱟ ᱠᱟᱱᱟ।
train_santalimale_03088	ᱱᱚᱸᱠᱟ ᱧᱮᱞᱛᱮ ᱢᱩᱠᱷᱤ ᱫᱚ ᱟᱹᱰᱤ ᱛᱮᱫᱼᱟ ᱵᱮ ᱵᱟᱹᱲᱤᱡᱼᱟ ᱮ ᱟᱹᱤᱠᱟᱹᱩ ᱠᱮᱫᱟ ᱟᱨ ᱢᱩᱠᱩᱱᱫ ᱨᱮ ᱡᱩᱨᱤ ᱭᱮᱱ ᱢᱚᱱ ᱠᱟᱠᱷᱟᱱ ᱛᱮ ᱠᱩᱸᱠᱤ ᱩᱛᱟᱹᱨ ᱮᱱᱟᱭ।
train_santalimale_03044	ᱟᱛᱚ ᱦᱚᱲ ᱥᱟᱸᱣᱛᱮ ᱩᱱᱤ ᱦᱚᱸ ᱵᱚᱫᱢᱟ ᱴᱷᱤᱠᱟᱹᱫᱟᱨ ᱴᱷᱮᱱᱮ ᱠᱟᱹᱢᱤᱭᱟ।
train_santalimale_01515	ᱩᱱᱡᱚᱦᱚᱸ ᱧᱮᱞᱮᱭᱟᱠᱚ ᱢᱤᱫᱼᱟᱴᱟᱝ ᱢᱤᱨᱩᱪᱮᱸᱲᱮᱹ ᱟᱠᱚᱣᱟ: ᱠᱟᱛᱷᱟᱭ ᱟᱧᱡᱚᱢ ᱟᱠᱟᱫᱼᱟ ᱟ।
train_santalimale_00715	ᱯᱮᱸᱲᱟᱹ, ᱯᱟᱸᱭᱲᱟᱹ ᱠᱚ ᱱᱮᱣᱛᱟ ᱠᱚᱣᱟ।
train_santalimale_04571	ᱛᱤᱱ ᱫᱤᱱ ᱚᱲᱟᱜᱼᱟ ᱨᱮ ᱚᱱᱟ ᱯᱚᱭᱥᱟ ᱛᱟᱦᱮᱸᱱ ᱛᱟᱭ ᱩᱱ ᱫᱤᱱ ᱢᱤᱫᱼᱟ ᱡᱩ ᱵᱩᱞ ᱟᱨ ᱵᱩᱞ ᱜᱮᱭ ᱛᱟᱦᱮᱸᱱᱟ।
train_santalimale_01969	ᱵᱷᱟᱛᱚᱲ ᱫᱚ ᱱᱚᱝᱠᱟ ᱜᱮ ᱪᱚᱴᱯᱷᱮᱰ ᱮᱢᱟᱱ ᱛᱮᱭᱟᱜᱼᱟ ᱮ ᱜᱟᱬᱲᱚᱱ ᱤᱫᱤᱭᱮᱫᱼᱟ ᱠᱟᱱᱟ।
train_santalimale_05215	ᱪᱮᱠᱟ ᱪᱚ ᱞᱮᱵᱟ ᱫᱚ ᱯᱟᱛᱟᱨ ᱞᱟᱜᱟᱣᱟᱠᱟᱱ ᱦᱚᱲ ᱥᱮᱱᱮ ᱠᱚᱭᱚᱜᱼᱟ ᱠᱮᱫᱟ।
train_santalimale_01852	ᱠᱟᱛᱷᱟᱭ ᱢᱮᱱᱟᱠᱚ ᱥᱮᱫᱟᱭ ᱢᱟᱨᱟᱝ ᱵᱩᱨᱩ ᱫᱚ ᱢᱟᱱᱣᱟᱠᱚ ᱪᱟᱥᱵᱟᱥ ᱮ ᱪᱮᱫᱼᱟ ᱟᱫᱼᱟ ᱠᱚ ᱛᱟᱸᱦᱮᱸᱠᱟᱱᱟ।
train_santalimale_04570	ᱮᱱᱛᱮ, ᱦᱟᱹᱬᱰᱤ-ᱯᱟᱹᱩᱨᱟᱹ ᱵᱟᱝᱠᱷᱟᱱ ᱛᱤᱨᱚᱯᱤᱛ ᱜᱮ ᱢᱚᱱ ᱫᱚ ᱵᱟᱝ ᱮ ᱟᱹᱤᱠᱟᱹᱣᱟ।
train_santalimale_01881	ᱚᱱᱟ ᱵᱚᱸᱜᱟ ᱥᱟᱢᱟᱱ ᱠᱚ ᱤᱫᱤ ᱠᱟᱛᱮ, ᱚᱲᱟᱹ ᱨᱮᱱ ᱟᱭᱚ ᱵᱟᱵᱟ ᱫᱚ ᱡᱟᱝᱜᱟ ᱟᱨᱩᱯ ᱠᱟᱛᱮ, ᱞᱚᱴᱟ ᱫᱟ: ᱥᱟᱵᱼᱟᱠᱟᱛᱮ ᱵᱷᱤᱛᱟᱹᱨᱛᱮ ᱠᱤᱱ ᱵᱚᱞᱚᱱᱟ।
train_santalimale_04402	ᱮᱱᱛᱮ ᱴᱩᱤᱞᱟᱹ ᱣᱟᱜᱼᱟ ᱡᱤᱭᱚᱱ ᱠᱩᱠᱞᱤ ᱟᱨ ᱟᱹᱠᱷᱤᱨ ᱦᱩᱫᱤᱥ ᱫᱚ ᱱᱚᱟ ᱜᱮ ᱠᱟᱱ ᱛᱟᱭᱟ ᱡᱮ ᱚᱠᱛᱮ ᱫᱚ ᱡᱟᱦᱟᱸ ᱠᱷᱟᱹᱛᱤᱨ ᱟᱨ ᱡᱟᱦᱟᱸ ᱞᱟᱹᱜᱤᱫᱼᱟ ᱛᱮᱜᱮ ᱟᱞᱚᱢ ᱯᱟᱹᱥᱩᱲ ᱚᱪᱚᱭᱟ।
train_santalimale_03995	ᱢᱟᱭᱟᱢ ᱢᱮᱥᱟ ᱠᱤᱪᱚᱨᱤᱡᱼᱟ ᱦᱚᱸ ᱵᱷᱟᱜᱮ ᱚᱠᱚᱡᱼᱟ ᱛᱮ ᱫᱚ ᱵᱟᱝ ᱴᱷᱤᱠᱟᱹᱱ ᱚᱜᱼᱟ ᱠᱟᱱᱟ।
train_santalimale_03567	ᱛᱚᱵᱮ ᱠᱷᱟᱱ ᱫᱷᱚᱱᱟ ᱠᱟᱛᱷᱟ ᱫᱚ ᱱᱚᱟ ᱠᱟᱱᱟ ᱤᱭᱟᱹ ᱟᱹᱞᱤᱧ ᱡᱩᱨᱤᱯᱟᱹᱨᱤ ᱛᱮ ᱢᱤᱫᱼᱟ ᱴᱮᱱ ᱠᱟᱛᱷᱟ ᱞᱤᱧ ᱜᱚᱜᱼᱟ ᱟᱢᱟ, ᱟᱫᱚᱢ ᱜᱚᱜᱼᱟ ᱛᱟᱹᱞᱤᱧᱟ ᱥᱮ ᱵᱟᱲ?
train_santalimale_02463	ᱱᱟᱥᱮᱱᱟᱥᱮ ᱟᱲᱟᱝ ᱛᱮ ᱵᱤᱴᱤᱢᱟᱹᱸᱭ ᱮ ᱢᱮᱛᱟᱭ ᱠᱟᱱᱟ, ᱵᱤᱴᱤ, ᱤᱧ ᱫᱚ ᱱᱚᱟ ᱫᱷᱟᱹᱨᱛᱤ ᱨᱮ ᱟᱨ ᱫᱚ ᱛᱤᱥ ᱦᱚᱸ ᱵᱟᱹᱧ ᱛᱟᱸᱦᱮᱸᱱᱟ।
train_santalimale_00284	ᱟᱨ ᱫᱤᱥᱚᱢ ᱥᱮ ᱟᱹᱛᱩ ᱠᱚ ᱱᱟᱯᱟᱭ ᱛᱟᱸᱦᱮᱱ ᱠᱷᱟᱱ, ᱥᱚᱦᱨᱟᱭ ᱯᱟᱹᱨᱟᱹᱵ ᱦᱮᱥᱮᱡᱼᱟ ᱥᱮᱠᱮᱡᱼᱟ ᱠᱚ ᱢᱟᱱᱟᱣ ᱵᱟᱛᱟᱣᱟ।
train_santalimale_02570	ᱜᱩᱨᱩᱚᱡᱷᱟ ᱠᱚ ᱞᱟᱜᱟᱣ ᱠᱮᱫᱼᱟ ᱠᱚᱟ।
train_santalimale_03748	ᱨᱢᱮᱥ ᱫᱚ ᱦᱟᱥᱚ ᱡᱟᱞᱟ ᱛᱮ ᱨᱟᱜᱼᱟ ᱫᱚ ᱵᱟᱭ ᱥᱟᱢᱵᱲᱟᱹᱣ ᱫᱟᱲᱮᱹ ᱭᱟᱫᱟ।
train_santalimale_05201	ᱚᱱᱠᱟ ᱜᱮ ᱱᱩᱭᱟᱜᱼᱟ ᱢᱚᱱᱮ ᱦᱚᱸ ᱦᱟᱞᱚ-ᱵᱟᱛᱚ ᱦᱟᱛᱣᱟ ᱛᱟᱱᱮᱡᱼᱟ ᱞᱮᱠᱟ ᱦᱟᱣᱟ-ᱦᱟᱹᱣᱤ ᱦᱟᱱᱟ ᱲᱟᱹᱨ ᱚᱨ ᱱᱦᱟᱣᱟ ᱲᱟᱹᱨ ᱥᱟᱵ ᱢᱚᱱᱮ ᱨᱮ ᱛᱤᱨᱚᱯᱤᱛ ᱜᱮ ᱵᱟᱝ।
train_santalimale_01741	ᱟᱨ ᱡᱟᱦᱟᱸ ᱱᱟᱹᱤ ᱨᱮ ᱠᱩᱲᱤ ᱜᱤᱫᱨᱟᱹ ᱟᱲᱟᱹ: ᱞᱮᱫᱮᱭᱟᱭ ᱚᱱᱟ ᱫᱚ ᱠᱩᱤᱞᱤ ᱜᱟᱰᱟ ᱠᱚ ᱢᱮᱛᱟ: ᱠᱟᱱᱟ।
train_santalimale_03622	ᱚᱱᱛᱮ ᱠᱷᱟᱹᱞᱤ ᱠᱩᱲᱤ ᱥᱮᱱ ᱨᱮᱱ ᱠᱚ ᱠᱩᱥᱤ ᱞᱮᱱ ᱠᱷᱟᱱ ᱜᱮ ᱠᱟᱛᱷᱟ ᱫᱚ ᱧᱩᱛ ᱮᱱᱟ।
train_santalimale_05121	ᱤᱧ ᱫᱚᱧ ᱢᱮᱱ ᱜᱚᱫᱼᱟ ᱠᱮᱫᱟ, ᱚᱠᱟ ᱞᱮᱠᱟᱱ ᱥᱤᱠᱷᱱᱟᱹᱛᱟᱠᱟᱱ ᱵᱟᱹᱦᱩ ᱱᱩᱭ ᱫᱚ ᱜᱚ-ᱯᱟᱹᱨᱥᱤ ᱵᱟᱝ ᱠᱟᱛᱮ ᱦᱤᱱᱫᱤ ᱵᱟᱸᱜᱞᱟ।
train_santalimale_03876	ᱞᱟᱸᱫᱟᱭ ᱡᱚᱠᱷᱟᱱ ᱞᱩᱴᱤ ᱛᱟᱞᱟ ᱨᱮ ᱰᱟᱴᱟ ᱫᱚ ᱛᱚᱟ ᱵᱟᱦᱟ ᱞᱮᱠᱟ ᱧᱮᱞ ᱜᱚᱫᱚᱜᱼᱟ ᱠᱟᱱ ᱛᱟᱭ ᱛᱟᱸᱦᱮᱸᱠᱟᱱᱟ।
train_santalimale_03900	ᱚᱱᱟ ᱛᱮ ᱩᱱᱚᱠᱤᱱ ᱫᱚ ᱟᱨ ᱦᱚᱸ ᱵᱟᱹᱲᱛᱤ ᱨᱟᱹᱥᱠᱟᱹ ᱠᱤᱱ ᱟᱹᱤᱠᱟᱹᱩ ᱠᱮᱫᱟ।
train_santalimale_03028	ᱠᱟᱛᱷᱟᱭ ᱱᱚᱟ ᱟᱰᱮᱯᱟᱥᱮ ᱨᱮ ᱟᱨ ᱪᱚᱱᱫᱨᱚᱲᱯᱟ ᱟᱛᱚ ᱨᱮ ᱥᱸᱛᱟᱞᱤ ᱥᱤᱱᱮᱢᱟ ᱦᱚᱸ ᱠᱚ ᱵᱮᱱᱟᱣ ᱵᱟᱲᱟᱹ ᱣᱟᱠᱟᱫᱟ।
train_santalimale_02197	ᱵᱮᱪᱟᱨᱟ, ᱨᱢᱮᱥ ᱫᱚᱭ ᱞᱚᱦᱚᱫᱼᱟ ᱯᱩᱥᱤ ᱞᱮᱠᱟᱭᱮᱱᱟ।
train_santalimale_05144	ᱯᱚᱦᱨᱮᱠᱚ-ᱯᱚᱦᱨᱮᱠ ᱨᱮ ᱟᱨ ᱦᱚᱸᱠᱚ ᱦᱚᱦᱚᱣᱟᱭ ᱠᱟᱱᱟ।
train_santalimale_00181	ᱱᱚᱣᱟ ᱠᱩᱠᱢᱩ ᱠᱟᱛᱷᱟ ᱟᱧᱡᱚᱢ ᱥᱟᱸᱣᱛᱮ ᱠᱟᱨᱢᱩ ᱫᱚᱭ ᱡᱟᱹᱯᱤᱫᱼᱟ ᱠᱷᱚᱱᱮ ᱵᱮᱨᱮᱛ ᱮᱱᱟ।
train_santalimale_01706	ᱢᱟᱫᱷᱚ ᱥᱤᱸᱦ ᱵᱚᱛᱚᱨᱛᱮ ᱠᱟᱯᱰᱟᱜᱟᱲ ᱦᱚᱲ ᱫᱚ ᱚᱸᱰᱮᱠᱷᱚᱱ ᱠᱚ ᱧᱤᱨ ᱵᱤᱰᱚᱜᱚᱣ ᱮᱱᱟ।
train_santalimale_04510	ᱚᱱᱟ ᱦᱟᱭ ᱪᱚᱜᱼᱟ ᱫᱚ ᱟᱹᱰᱤ ᱜᱮ ᱚᱵᱷᱟᱹᱜᱟᱱᱟᱜᱼᱟ ᱞᱮᱠᱟ ᱜᱮ!
train_santalimale_02871	ᱢᱟ ᱥᱟᱹᱨᱤ ᱜᱮ ᱢᱤᱫᱼᱟ ᱴᱮᱱ ᱟᱹᱰᱤ ᱢᱚᱸᱡ ᱮᱥᱮᱞᱚᱩᱥᱩᱞ ᱪᱮᱦᱨᱟ ᱠᱩᱲᱤᱭᱮ ᱧᱮᱞ ᱧᱟᱢ ᱠᱮᱫᱮᱭᱟ।
train_santalimale_03372	ᱮᱱᱨᱮ ᱦᱚᱸ ᱩᱱᱤ ᱫᱚ ᱵᱟᱹᱲᱤᱡᱼᱟ ᱫᱟᱱᱫᱦᱟ ᱫᱚ ᱵᱟᱭ ᱵᱟᱹᱜᱤ ᱞᱮᱫᱟ ᱟᱨ ᱵᱟᱦᱟᱢᱩᱱᱤ ᱟᱡᱼᱟ ᱜᱚᱵᱟᱵᱟ ᱛᱩᱠᱤᱱ ᱟᱹᱥᱩᱞ ᱛᱮᱜᱮᱭ ᱛᱟᱸᱦᱮᱸᱭᱮᱱᱟ।
train_santalimale_03981	ᱟᱵᱚ ᱟᱛᱚ ᱨᱮᱱ ᱢᱤᱫᱼᱟ-ᱵᱟᱨ ᱦᱚᱲ ᱢᱟᱠᱚ ᱧᱮᱞ ᱟᱠᱟ ᱫᱮᱜᱮ, ᱚᱱᱟ ᱦᱟᱞᱟᱠ ᱠᱟᱛᱮ ᱟᱵᱚ ᱴᱷᱮᱱ ᱵᱚᱞᱚᱜᱼᱟ।
train_santalimale_05133	ᱪᱟᱦᱮ ᱡᱩᱨᱤ ᱥᱚᱛᱮᱡᱼᱟ ᱮᱢ ᱵᱟᱯᱟᱜᱚᱜᱼᱟ, ᱪᱟᱦᱮ ᱜᱚ ᱵᱟᱵᱟ ᱵᱚᱭᱦᱟ-ᱢᱤᱥᱮᱨᱟ ᱟᱨ ᱪᱟᱦᱮ ᱢᱤᱞᱣᱟᱹ ᱥᱚᱛᱮᱡᱼᱟ।
train_santalimale_04565	ᱥᱚᱡᱦᱮᱭᱮᱱᱟ ᱵᱤᱞᱟᱹᱱ ᱵᱟᱹᱤᱦᱟᱹᱲ ᱥᱮᱡᱼᱟ ᱢᱮᱫᱼᱟ ᱨᱮᱭᱟᱜᱼᱟ ᱧᱮᱞ ᱫᱟᱲᱮ ᱫᱚ।
train_santalimale_01760	ᱡᱟᱣ ᱫᱤᱱ ᱞᱮᱠᱟᱜᱮ ᱫᱷᱩᱸᱭᱥᱟᱲ ᱨᱟᱡᱟ ᱫᱚ ᱟᱭᱚᱡᱼᱟᱨᱮᱱ ᱥᱤᱯᱟᱦᱤ ᱠᱚ ᱤᱫᱤ ᱠᱟᱛᱮ ᱥᱮᱸᱲᱟᱹ ᱥᱮᱸᱲᱟᱹ ᱠᱟᱹᱯᱤ, ᱵᱚᱨᱞᱟᱢ, ᱛᱟᱨᱣᱟᱲ ᱥᱟᱵᱼᱟ ᱠᱟᱛᱤ ᱪᱟᱸᱫᱚ ᱨᱟᱠᱟᱵᱼᱟ ᱥᱮᱱᱟ: ᱵᱤᱨᱛᱮᱭ ᱵᱚᱞᱚᱭᱮᱱᱟ।
train_santalimale_05031	ᱜᱟᱞᱢᱟᱨᱟᱣ ᱜᱟᱞᱢᱟᱨᱟᱣ ᱛᱮ ᱟᱠᱚ ᱫᱤᱫᱤ ᱛᱮᱧᱟ ᱟᱹᱰᱤ ᱜᱚᱴᱮᱱ ᱠᱟᱛᱷᱟ ᱠᱚᱠᱚ ᱜᱟᱯᱟᱞᱢᱟᱨᱟᱣ ᱠᱮᱫᱼᱟ ᱟ।
train_santalimale_05035	ᱱᱚᱟ ᱟᱲᱟᱝ ᱜᱮ ᱥᱟᱹᱢᱩᱣᱟᱜᱼᱟ ᱦᱟᱥᱚ ᱫᱚᱨᱚᱫᱤᱭᱟᱹ ᱡᱤᱣᱤ ᱦᱚᱲᱢᱚ ᱠᱚᱲᱟᱹᱢ ᱫᱷᱟᱠᱚ-ᱫᱷᱟᱠᱟᱣ ᱫᱚ ᱟᱨ ᱜᱮᱭ ᱵᱟᱹᱸᱲᱛᱤ ᱠᱮᱫᱼᱟ ᱛᱟᱭᱟ।
train_santalimale_02559	ᱨᱟᱢᱥᱟᱹᱤ ᱟᱠ ᱢᱚᱱᱮ ᱨᱟᱹᱯᱩᱫᱼᱟ ᱮᱱᱟ।
train_santalimale_00911	ᱢᱤᱫᱼᱟ ᱥᱚᱢᱚᱭ ᱡᱷᱟᱨᱚᱠᱷᱚᱬᱰ ᱯᱚᱱᱚᱛ ᱨᱮᱱᱟ: ᱪᱟᱸᱫᱚ ᱨᱟᱠᱟᱯ ᱯᱦᱟᱴᱟ ᱫᱚ ᱢᱮᱫᱤᱱᱤᱯᱩᱨ ᱡᱤᱞᱟ ᱨᱮᱱᱟ: ᱦᱤᱥ ᱛᱟᱸᱦᱮᱸᱠᱟᱱᱟ।
train_santalimale_01113	ᱮᱱᱠᱷᱟᱱ ᱢᱟᱨᱟᱝ ᱵᱩᱨᱩ ᱫᱚ ᱩᱱᱤ ᱦᱟᱸᱰᱩ ᱫᱚ ᱜᱤᱛᱤᱡᱼᱟ ᱠᱷᱚᱱ ᱵᱮᱨᱮᱫᱼᱟ ᱠᱮᱫᱮᱭᱟ।
train_santalimale_03042	ᱛᱤᱨᱤᱭᱚᱵᱟᱱᱟᱢ, ᱛᱩᱢᱫᱟᱜᱼᱟᱴᱟᱢᱟᱠ, ᱮᱱᱮᱪᱥᱮᱨᱮᱧ ᱥᱮ ᱥᱮᱱᱫᱨᱟᱠᱟᱨᱠᱟ ᱚᱠᱟ ᱞᱮᱠᱟ ᱛᱮᱜᱮ ᱚᱦᱚᱢ ᱛᱟᱭᱚᱢ ᱞᱮᱭᱟ।
train_santalimale_03912	ᱱᱚᱟ ᱠᱟᱛᱷᱟ ᱢᱮᱱ ᱠᱟᱛᱮ ᱥᱚᱢ ᱫᱚ ᱵᱟᱦᱟ ᱢᱟᱸ ᱠᱚᱭᱚᱜᱼᱟ ᱛᱷᱤᱨ ᱠᱟᱛᱮᱭ ᱛᱟᱸᱦᱮᱸᱭᱮᱱᱟ।
train_santalimale_03714	ᱟᱛᱚ ᱠᱷᱚᱱ ᱫᱟᱹᱠᱷᱤᱱᱚᱯᱩᱨᱩᱵ ᱱᱟᱠᱷᱟ ᱟᱭᱢᱟ ᱞᱮᱠᱟᱱ ᱡᱟᱱᱣᱟᱨ ᱛᱮ ᱯᱮᱨᱮᱡᱼᱟ ᱵᱤᱨ ᱜᱟᱡᱟᱰ ᱢᱮᱱᱟᱜᱼᱟᱟ।
train_santalimale_04429	ᱩᱢᱟᱹᱨ ᱨᱮᱭᱟᱜᱼᱟ ᱡᱩᱣᱟᱹᱱ ᱜᱟᱱᱟᱰᱤ ᱨᱮ ᱡᱟᱝᱜᱟ ᱫᱚᱦᱚᱭ ᱥᱟᱸᱣᱛᱮ ᱜᱷᱟᱨᱚᱧᱡᱤᱭᱟᱹ ᱵᱟᱠᱷᱨᱟ ᱛᱮᱫᱚ ᱠᱟᱛᱷᱟ ᱨᱟᱠᱟᱵᱼᱟ ᱮᱱᱟ।
train_santalimale_00022	ᱢᱤᱛ ᱵᱟᱨ ᱯᱟᱹᱨᱤᱥ ᱛᱟᱞᱟᱨᱮ ᱥᱟᱱᱛᱟᱲ ᱦᱚᱲ ᱦᱚᱸ ᱮᱴᱟ: ᱯᱟᱹᱨᱤᱥᱠᱚ ᱥᱟᱸᱣ ᱫᱚ, ᱥᱮᱫᱟᱭ ᱠᱷᱚᱱ ᱵᱟᱵᱼᱟᱞᱟ ᱢᱟᱱᱟ ᱢᱮᱱᱟ: ᱟ।
train_santalimale_05218	ᱠᱮᱢᱨᱟ ᱛᱮ ᱯᱷᱚᱴᱚ ᱠᱚ ᱛᱩᱞᱟᱹᱰ ᱨᱟᱠᱟᱵ ᱞᱮᱠᱟ ᱞᱮᱵᱟᱣᱟᱜᱼᱟ ᱢᱚᱱ ᱚᱱᱛᱚᱨ ᱨᱮ ᱞᱩᱜᱩᱢᱩᱱᱤ ᱫᱚ ᱥᱟᱡᱟᱣ ᱥᱟᱡ ᱥᱟᱣᱟᱸᱨ ᱥᱟᱯᱷᱟ ᱱᱤᱯᱷᱩᱴ ᱡᱤᱣᱟᱹᱱ ᱪᱤᱛᱟᱹᱨ ᱩᱢᱩᱞ ᱞᱮᱠᱟᱭᱮ ᱛᱩᱞᱟᱹᱝ ᱨᱟᱠᱟᱵᱼᱟ ᱮᱱᱟ।
train_santalimale_04511	ᱪᱟᱜᱼᱟ ᱡᱮ ᱨᱚᱜᱷᱩ ᱫᱚ ᱵᱟᱦᱱᱟ ᱛᱮᱫᱼᱟ ᱛᱟᱭ ᱜᱮ।
train_santalimale_01246	ᱚᱲᱟᱹ: ᱨᱩᱣᱟᱹᱲ ᱠᱟᱛᱮ ᱠᱩᱲᱤ ᱦᱚᱯᱚᱱ ᱠᱚ ᱫᱚ ᱟᱹᱛᱩ ᱨᱮ ᱟᱹᱰᱤ ᱩᱛᱯᱟᱛ ᱠᱚ ᱠᱟᱹᱢᱤᱠᱮᱫᱼᱟ ᱟ।
train_santalimale_03480	ᱡᱟᱸᱦᱟᱸ ᱞᱮᱠᱟ ᱜᱮ ᱪᱮᱠᱟᱭᱟᱢ ᱟᱹᱰᱤ ᱜᱷᱟᱹᱲᱤᱡᱼᱟ ᱨᱚᱲ ᱦᱚᱸᱭ ᱨᱚᱲ ᱜᱮᱭᱟ।
train_santalimale_04525	ᱚᱱᱟ ᱢᱮᱫᱼᱟ ᱫᱟᱜᱼᱟ ᱫᱚ ᱡᱚᱨᱚ-ᱡᱚᱨᱚ ᱛᱮᱜᱮ ᱦᱟᱣᱮᱫᱼᱟ ᱦᱟᱯᱮᱭᱮᱱ ᱛᱟᱭ ᱜᱮ।
train_santalimale_00837	ᱪᱮᱠᱟᱛᱮ ᱥᱮᱫᱟᱭ ᱦᱚᱲ ᱫᱚ ᱥᱮᱸᱫᱨᱟ ᱠᱟᱛᱮ ᱜᱮ ᱡᱤᱵᱚᱱ ᱠᱚ ᱠᱷᱟᱸᱰᱟᱣᱮᱫᱼᱟ ᱛᱟᱸᱦᱮᱸᱠᱟᱱᱟ।
train_santalimale_05011	ᱦᱩᱫᱤᱥ ᱛᱟᱹᱠᱤᱱ ᱡᱟᱦᱟᱸ ᱞᱮᱠᱟ ᱞᱮᱱ ᱠᱷᱟᱱᱮ ᱟᱞᱟᱝ ᱨᱮᱱ ᱦᱚᱯᱚᱱ ᱮᱨᱟ ᱜᱮᱛᱚᱭ ᱵᱮᱦᱤᱨᱞᱟᱹᱜᱼᱟ ᱟ।
train_santalimale_04047	ᱵᱷᱟᱜᱮ-ᱢᱚᱱᱫᱚᱸ ᱡᱮᱞᱚ-ᱦᱟᱠᱚ ᱩᱛᱩ ᱦᱚᱸ ᱜᱤᱫᱨᱟᱹ ᱠᱚ ᱮᱢ ᱵᱮᱜᱚᱨ ᱟᱹᱠᱤᱱ ᱠᱤᱱ ᱡᱚᱢ ᱞᱮᱠᱷᱟᱱ ᱯᱩᱴᱤ ᱫᱤᱲᱤᱫᱟᱝᱚᱜᱼᱟ ᱞᱮᱠᱟ ᱠᱤᱱ ᱟᱹᱤᱠᱟᱹᱣᱮᱫᱼᱟ ᱠᱟᱱ ᱛᱟᱸᱦᱮᱸᱱᱟ।
train_santalimale_02870	ᱮᱱ ᱨᱮ ᱦᱚᱸ ᱪᱟᱸᱫᱨᱟᱭ ᱫᱚ ᱥᱟᱦᱚᱸᱥ ᱠᱟᱛᱮ, ᱡᱟᱝᱜᱟ ᱫᱚ ᱞᱟᱦᱟ ᱥᱮᱡᱼᱟ ᱮ ᱫᱷᱟᱯ ᱮᱫᱟ ᱟᱨ ᱪᱚᱴ ᱫᱟᱨᱮ ᱥᱮᱡᱼᱟ ᱮ ᱟᱨᱥᱟᱞ ᱠᱮᱫᱟ।
train_santalimale_01918	ᱠᱟᱛᱷᱟᱭ ᱢᱮᱱᱟᱠᱚ ᱤᱱ ᱦᱤᱞᱚᱷ ᱫᱚ ᱫᱷᱟᱹᱨᱛᱤ ᱟᱭᱚᱷ ᱣᱟ ᱦᱚᱲᱢᱚ ᱯᱩᱣᱟᱹᱛᱤ ᱟ।
train_santalimale_01923	ᱫᱮᱱᱟ ᱟᱡᱼᱟ ᱜᱚᱜᱚ ᱫᱚ ᱫᱮᱱᱟ ᱟᱡᱼᱟ ᱵᱟᱵᱟ ᱵᱷᱟᱛᱚᱲᱮ ᱢᱮᱛᱟᱫᱮᱭᱟ।
train_santalimale_04122	ᱥᱚᱢᱚᱭ ᱨᱮᱜᱮ ᱥᱟᱱᱟᱢᱟᱜᱼᱟ ᱥᱤᱨᱡᱟᱹᱜᱼᱟ ᱟ ᱟᱨ ᱵᱤᱨᱡᱟᱹᱜᱼᱟ ᱟ।
train_santalimale_04241	ᱦᱩᱫᱤᱥ ᱠᱷᱟᱹᱱᱫᱚᱨᱤᱧ ᱨᱮ ᱰᱩᱵᱩᱡᱼᱟ ᱟᱠᱟᱱ ᱢᱮᱱᱟᱭ।
train_santalimale_05003	ᱥᱟᱹᱨᱤ ᱜᱮ ᱥᱮᱛᱟᱜᱼᱟ ᱥᱤᱥᱤᱨ ᱜᱷᱟᱸᱥ ᱲᱚᱜ ᱨᱮ ᱥᱟᱹᱨᱩ ᱥᱟᱠᱟᱢ ᱫᱟᱜᱼᱟ ᱴᱚᱞ ᱢᱚᱞᱟᱜᱼᱟ ᱛᱤᱱ ᱨᱮᱪᱚ ᱜᱩᱲᱜᱟᱹᱩ ᱧᱩᱨᱩᱜᱼᱟ ᱚᱦᱚ ᱢᱮᱱ ᱠᱮ?
train_santalimale_01817	ᱛᱩᱠᱟᱹ ᱨᱮ ᱵᱟᱨᱭᱟ ᱜᱤᱫᱤ ᱦᱚᱯᱚᱱ ᱢᱮᱱᱟ: ᱠᱤᱱᱟ।
train_santalimale_00790	ᱚᱠᱟ ᱠᱷᱚᱱᱮᱢ ᱦᱤᱡᱩ ᱟᱠᱟᱱ ᱵᱩᱥᱴᱩᱢ, ᱚᱠᱟ ᱨᱮᱛᱟᱢ ᱰᱮᱨᱟ।
train_santalimale_04467	ᱱᱚᱟ ᱠᱟᱛᱷᱟ ᱫᱚ ᱥᱩᱤᱞᱟᱹᱣᱟᱜᱼᱟ ᱢᱚᱱᱮ ᱨᱮ ᱟᱹᱰᱤ ᱟᱸᱴ ᱜᱟᱰᱟᱣᱮᱱᱟ।
train_santalimale_04857	ᱱᱚᱝᱠᱟ ᱞᱮᱠᱟ ᱥᱟᱱᱟᱢ ᱠᱚ ᱵᱟᱰᱟᱭ ᱛᱤᱭᱟᱹᱜᱼᱟ ᱠᱮᱫᱟ ᱡᱟᱣᱟᱸᱭ ᱫᱚᱭ ᱦᱟᱥᱚ ᱞᱮᱱ ᱛᱟᱠᱚᱟ।
train_santalimale_04304	ᱪᱮᱫᱼᱟ ᱠᱚ ᱪᱚᱭ ᱠᱩᱠᱢᱩ ᱡᱚᱝ ᱠᱟᱱ ᱛᱟᱦᱮᱸ, ᱵᱷᱤᱛᱨᱤ ᱢᱚᱱᱮ ᱛᱮᱫᱚ?
train_santalimale_05219	ᱵᱷᱚᱴ ᱜᱤᱰᱤ ᱵᱟᱲᱟᱹ ᱠᱟᱛᱮ ᱞᱩᱜᱩᱢᱩᱱᱤ ᱛᱟᱠᱚ ᱫᱚ ᱟᱯᱟᱱᱚ-ᱟᱹᱯᱤᱱ ᱠᱚ ᱪᱟᱞᱟᱣᱮᱱᱟ।
train_santalimale_04460	ᱢᱤᱫᱼᱟ ᱫᱤᱱ ᱟᱛᱚ ᱨᱮᱱ ᱢᱤᱫᱼᱟ ᱡᱷᱟᱹᱢᱩ ᱧᱩᱛᱩᱢᱟᱱᱤᱡᱼᱟ ᱦᱚᱲ ᱫᱚ ᱥᱩᱤᱞᱟᱹ ᱱᱚᱟ ᱠᱟᱛᱷᱟᱭᱮ ᱢᱮᱛᱟᱣᱟᱭ ᱠᱟᱱᱟ - ᱥᱩᱤᱞᱟᱹ, ᱟᱢ ᱢᱟ ᱛᱷᱚᱲᱟᱹ ᱜᱮᱢ ᱯᱟᱲᱦᱟᱣ ᱟᱠᱟᱱ।
train_santalimale_03752	ᱥᱟᱹᱨᱤ ᱜᱮᱭ ᱧᱮᱞ ᱠᱮᱫᱼᱟ ᱠᱚ ᱟᱹᱰᱤ ᱥᱟᱸᱜᱮ ᱠᱩᱞᱟᱹᱭ, ᱵᱤᱡᱤ, ᱥᱚᱜᱚᱫᱼᱟ ᱟᱨ ᱮᱢᱟᱱ ᱡᱟᱱᱣᱟᱨ ᱢᱟᱱᱫᱟᱞ ᱠᱟᱛᱮᱜᱼᱟ ᱠᱚ ᱟᱹᱜᱩᱣᱟᱠᱟᱫᱼᱟ ᱠᱚ।
train_santalimale_03578	ᱟᱫᱚ ᱨᱚᱲ ᱞᱟᱹᱜᱤᱫᱼᱟ ᱟᱹᱛ ᱵᱮᱱ ᱤᱢᱟᱹᱧ ᱠᱷᱟᱱ ᱫᱚᱧ ᱨᱚᱲᱟ ᱟᱨ ᱵᱟᱝ ᱠᱷᱟᱱ ᱫᱚ ᱵᱟᱹᱧ ᱨᱚᱲᱟ।
train_santalimale_04280	ᱟᱤ.ᱮ. ᱜᱮ ᱵᱟᱨ ᱯᱮ ᱫᱚᱢ ᱨᱮᱦᱚᱸ ᱵᱟᱹᱧ ᱯᱟᱥ ᱫᱟᱲᱮᱹᱭᱟᱜᱼᱟ।
train_santalimale_04478	ᱚᱠᱚ ᱠᱟᱛᱷᱟ ᱚᱠᱚ ᱨᱮ ᱛᱤᱱᱟᱹᱜᱼᱟ ᱫᱤᱱ ᱛᱟᱦᱮᱸᱱᱟ?
train_santalimale_04996	ᱫᱷᱟᱹᱨᱛᱤ ᱨᱮ ᱚᱴᱟᱝᱚᱜᱼᱟ ᱠᱟᱱ ᱦᱚᱭ ᱨᱮ ᱟᱲᱟᱝ ᱮ ᱢᱮᱥᱟ ᱣᱟᱫᱟ ᱡᱮ, ᱡᱟᱣᱟᱸᱭ ᱛᱟᱠᱚ ᱨᱮᱱ ᱫᱚ ᱛᱷᱟᱯᱚᱱ ᱵᱚᱝᱜᱟ ᱢᱮᱱᱟᱭᱟ।
train_santalimale_01996	ᱛᱮᱦᱮᱧ ᱫᱚ ᱱᱚᱝᱠᱟ ᱜᱮ, ᱦᱚ! ᱮᱱᱛᱮᱫᱼᱟ ᱯᱟᱭᱥᱟ ᱦᱚᱸ।
train_santalimale_01604	ᱮᱱᱠᱷᱟᱱ ᱨᱟᱹᱜᱤ ᱛᱮ ᱩᱱᱚᱠᱤᱱ ᱵᱮᱥᱨᱟᱠᱩᱲᱤ ᱦᱚᱸᱠᱤᱱ ᱢᱮᱱᱠᱮᱫᱼᱟ ᱟ ᱟᱹᱞᱤᱧ ᱦᱚ ᱟᱯᱮ ᱴᱩᱰᱩ ᱦᱚᱲ ᱥᱟᱸᱣ ᱫᱚ ᱵᱟᱝᱚᱞᱤᱧ ᱯᱮᱲᱟᱹᱷ ᱟ।
train_santalimale_04970	ᱥᱮ, ᱚᱠᱟ ᱯᱟᱦᱴᱟ ᱨᱮᱱ ᱦᱚᱲᱟᱹᱜᱼᱟ ᱢᱮᱸᱫᱼᱟ ᱫᱷᱩᱲᱤ ᱢᱮᱥᱟ ᱦᱚᱭ ᱛᱮᱭ ᱪᱩᱵᱟᱹᱜᱼᱟ ᱟᱹᱱᱫᱷᱣᱟᱹᱭ ᱛᱟᱠᱚᱣᱟ ᱩᱱ ᱫᱚ ᱵᱟᱠᱚ ᱧᱮᱞ ᱚᱨᱚᱢᱚᱜᱼᱟ ᱟ।
train_santalimale_04513	ᱢᱮᱱᱠᱷᱟᱱ ᱵᱟᱭ ᱵᱟᱰᱟᱭ ᱡᱚᱝ ᱠᱟᱱ ᱛᱟᱦᱮᱸᱱᱟ ᱡᱮ ᱚᱠᱟ ᱟᱞᱟᱨᱮᱧ ᱡᱷᱟᱞᱟ ᱥᱟᱸᱣᱦᱟᱸᱜᱼᱟ ᱟ?
train_santalimale_04542	ᱠᱟᱹᱴᱤᱡᱼᱟ ᱵᱚᱭᱦᱟ ᱫᱚ ᱱᱤᱛ ᱟᱹᱰᱤ ᱥᱟᱹᱫᱷᱤᱱ ᱮ ᱧᱟᱢ ᱠᱮᱫᱟ।
train_santalimale_04377	ᱚᱞᱚᱜᱼᱟ ᱟᱹᱠᱤᱞ ᱫᱚᱭ ᱵᱟᱰᱟᱭ ᱜᱮᱭᱟ।
train_santalimale_04516	ᱟᱡᱼᱟ ᱵᱟᱹᱵᱟᱹᱭ ᱜᱚᱡᱼᱟ ᱮᱱ ᱛᱟᱭᱚᱢ ᱱᱩᱠᱤᱱ ᱵᱚᱭᱦᱟ ᱫᱚ ᱜᱟᱱᱚ-ᱜᱟᱹᱱᱤ ᱚᱲᱟᱜᱼᱟ ᱵᱟᱠᱷᱚᱞ ᱨᱮ ᱵᱟᱠᱤᱱ ᱥᱟᱦᱚᱵᱼᱟ ᱟ।
train_santalimale_00322	ᱠᱷᱩᱱᱴᱟᱹᱣ ᱫᱤᱱ ᱫᱚ ᱚᱲᱟᱹ: ᱠᱚ ᱥᱮᱛᱟᱷ ᱠᱷᱚᱱ ᱠᱚ ᱥᱟᱯᱷᱟᱭᱟ।
train_santalimale_03620	ᱟᱧᱡᱚᱢ ᱠᱟᱛᱮᱫᱼᱟ ᱮᱨᱟᱛ ᱛᱮᱫᱼᱟ ᱫᱚᱭ ᱢᱮᱱ ᱠᱮᱫᱟ, ᱢᱟ ᱛᱚᱵᱮ ᱟᱢᱮᱢ ᱵᱟᱰᱟᱭᱟ ᱟᱨᱮ ᱛᱷᱤᱨ ᱦᱟᱯᱮ ᱮᱱᱟ।
train_santalimale_02567	ᱵᱷᱟᱵᱱᱟ ᱛᱮ ᱡᱚᱢ ᱧᱩᱸ ᱦᱚᱸ ᱵᱟᱝ ᱩᱫᱩᱜᱼᱟ ᱛᱟᱭᱟ।
train_santalimale_01282	ᱠᱟᱸᱲᱟᱹ ᱟᱨ ᱜᱩᱡᱟ ᱫᱚ ᱵᱟᱱᱟᱨ ᱜᱮ ᱰᱟᱸᱜᱣᱟᱠᱤᱱ ᱛᱟᱸᱦᱮᱸᱠᱟᱱᱟ।
train_santalimale_04036	ᱜᱤᱫᱟᱹᱨᱚ-ᱯᱤᱫᱟᱹᱨ ᱵᱟᱝ ᱟᱹᱠᱤᱱ ᱢᱚᱛᱚ ᱜᱮ, ᱮᱱ ᱨᱮᱦᱚᱸ ᱪᱮᱫᱟᱜᱼᱟ ᱪᱮᱫᱼᱟ ᱤᱭᱟᱹᱛᱮ ᱥᱟᱸᱜᱮ ᱦᱟᱲᱟᱹᱢ ᱟᱨ ᱥᱟᱸᱜᱮ ᱵᱩᱲᱤ ᱠᱚ ᱢᱮᱛᱟᱹᱠᱤᱱ ᱠᱟᱱ ᱛᱟᱸᱦᱮᱸᱱᱟ।
train_santalimale_00214	ᱚᱱᱟ ᱮᱱᱮᱡᱼᱟ ᱥᱮᱨᱮᱧ ᱛᱟᱞᱟᱛᱮ ᱫᱚ, ᱜᱩᱨᱩ ᱟᱨ ᱪᱮᱞᱟ ᱠᱚᱣᱟᱷ ᱢᱟᱱᱛᱟᱨ ᱵᱤᱨᱫᱟᱹ ᱥᱮᱸᱲᱟᱹ ᱨᱮᱱᱟ: ᱢᱤᱫᱼᱟ ᱥᱮᱪᱮᱫᱼᱟ ᱟᱠᱷᱲᱟᱹ ᱛᱟᱸᱦᱮᱸᱠᱟᱱᱟ।
train_santalimale_01300	ᱢᱩᱨᱢᱩ ᱠᱚᱲᱟᱹ ᱫᱚ ᱜᱟᱹᱭ, ᱜᱩᱯᱤᱜᱩᱯᱤ ᱛᱮ ᱩᱱᱤ ᱧᱩᱨ ᱟᱠᱟᱱ ᱠᱩᱲᱤᱹᱫᱼᱟ ᱮ ᱯᱟᱱᱛᱮ ᱧᱟᱢ ᱠᱮᱫᱮᱭᱟ।
train_santalimale_04977	ᱚᱱᱟ ᱠᱚ ᱢᱚᱱᱮ ᱠᱟᱛᱮ ᱜᱮ ᱯᱟᱥᱮᱡᱼᱟ ᱱᱟᱦᱟᱸᱜᱼᱟ ᱥᱤᱠᱷᱱᱟᱹᱛ ᱠᱚᱲᱟᱹ ᱠᱟᱱ ᱨᱮᱦᱚᱸᱭ ᱱᱟᱦᱟᱸᱜᱼᱟ ᱠᱚᱲᱟᱹ ᱠᱚ ᱞᱮᱠᱟ ᱜᱟᱹᱰᱤ, ᱢᱚᱴᱚᱨ, ᱥᱟᱭᱠᱮᱞ, ᱜᱷᱩᱲᱤ, ᱴᱤᱵᱷᱤ, ᱴᱟᱠᱟ, ᱯᱚᱭᱥᱟ ᱵᱟᱯᱞᱟ ᱨᱮ ᱪᱮᱫᱼᱟ ᱦᱚᱸ ᱵᱟᱭ ᱫᱟᱹᱵᱤ ᱞᱮᱫᱟ।
train_santalimale_04217	ᱚᱠᱚᱭ ᱜᱮ ᱡᱟᱹᱱᱤᱡᱼᱟ ᱵᱟᱹᱱᱩᱜᱼᱟ ᱠᱚᱟ।
train_santalimale_02090	ᱩᱱᱤ ᱨᱚᱦᱚᱭ ᱵᱟᱨᱮ ᱫᱟᱲᱮ ᱜᱮ ᱢᱚᱸᱡ ᱦᱚᱭᱚᱦᱤᱥᱤᱫᱼᱟ ᱧᱟᱢ ᱠᱟᱛᱮ ᱦᱟᱨᱟᱭᱮᱱᱟ, ᱲᱟᱹᱨ ᱥᱟᱠᱟᱢ ᱠᱚ ᱦᱚᱨᱤᱭᱟᱹᱲ ᱜᱮ ᱥᱟᱜᱮᱱ ᱮᱱᱟ, ᱯᱟᱥᱱᱟᱣᱮᱱᱟ।
train_santalimale_01585	ᱚᱠᱟᱨᱮ ᱦᱚᱸ ᱵᱟᱝᱚᱠᱤᱱ ᱨᱟᱠᱟᱵᱼᱟ ᱫᱟᱲᱮᱹᱭᱟ: ᱱᱟ।
train_santalimale_01615	ᱩᱱᱡᱚᱦᱚ: ᱩᱱᱤ ᱠᱩᱲᱤ ᱜᱤᱫᱨᱟᱹ ᱫᱚᱭ ᱢᱮᱱᱠᱮᱫᱼᱟ ᱟ।
train_santalimale_03228	ᱯᱟᱭᱨᱟᱯᱟᱭᱨᱟ ᱛᱮ ᱢᱟᱨᱟᱝ ᱡᱟᱞᱟᱯᱩᱨᱤ ᱛᱮᱭ ᱥᱮᱴᱮᱨ ᱞᱮᱱᱟ, ᱚᱠᱟ ᱨᱮ ᱫᱚ ᱚᱱᱟ ᱡᱟᱞᱟᱯᱩᱨᱤ ᱦᱚᱸ ᱨᱚᱦᱚᱲ ᱟᱧᱡᱮᱫᱼᱟ ᱪᱟᱵᱟ ᱭᱮᱱᱟ।
train_santalimale_03454	ᱧᱮᱞᱮ ᱠᱟᱱᱮ ᱥᱚᱱᱟ ᱢᱟ ᱪᱮᱫᱼᱟ ᱞᱟᱹᱜᱤᱫᱼᱟ ᱪᱚᱝ ᱮ ᱨᱟᱜᱼᱟ ᱮᱫᱼᱟ ᱠᱟᱱ।
train_santalimale_03273	ᱯᱟᱹᱠᱞᱩ ᱫᱚ ᱡᱚᱛᱚ ᱞᱮᱠᱟᱱᱟᱜᱼᱟ ᱫᱩᱞᱟᱹᱲ ᱛᱮ ᱩᱱᱤ ᱠᱩᱥᱤ ᱚᱪᱚᱭᱮᱭ ᱮᱦᱚᱵᱼᱟ ᱮᱱᱟ।
train_santalimale_05154	ᱚᱱᱟ ᱞᱮᱠᱟ ᱜᱮ ᱛᱮᱦᱮᱧ ᱫᱚ ᱟᱭᱟᱜᱼᱟ ᱢᱚᱱᱮ ᱫᱚ ᱵᱟᱨ ᱯᱟᱲᱟᱹᱜᱼᱟ ᱟᱠᱟᱱ ᱛᱟᱭᱟ।
train_santalimale_03916	ᱢᱟ ᱱᱚᱟ ᱡᱷᱟᱢᱯᱟ ᱵᱟᱲᱮᱹ ᱡᱚᱴᱮᱫᱼᱟ ᱠᱟᱛᱮᱧ ᱨᱚᱲᱮᱹᱫᱼᱟ ᱠᱟᱱᱟ ᱡᱮ ᱵᱟᱹᱧ ᱩᱱᱩᱢ ᱚᱪᱚᱣᱟᱢᱟ ᱚᱣᱟᱨ ᱛᱮ ᱦᱚᱸᱧ ᱚᱣᱟᱨ ᱢᱮᱭᱟ।
train_santalimale_01734	ᱟᱨᱚᱠᱤᱱ ᱢᱮᱛᱟᱷ ᱫᱮᱭᱟ ᱢᱟᱢᱤ ᱟᱹᱞᱤᱧ ᱫᱚ ᱟᱫᱚ ᱢᱟᱢᱚ ᱚᱲᱟᱹ: ᱫᱚ ᱵᱟᱝ ᱞᱤᱧ ᱨᱩᱣᱟᱹᱰᱟ।
train_santalimale_00255	ᱥᱚᱦᱨᱟᱭ ᱯᱟᱹᱨᱟᱹᱵ ᱫᱚ ᱜᱟᱹᱭ ᱠᱟᱲᱟᱹ, ᱢᱤᱭᱦᱩ, ᱢᱮᱨᱚᱢ ᱠᱚᱣᱟ: ᱯᱟᱹᱨᱟᱹᱵ ᱠᱟᱱᱟ।
train_santalimale_01836	ᱢᱮᱱᱟᱠᱚ ᱱᱚᱣᱟ ᱵᱷᱮᱡᱷᱟ ᱛᱩᱧ ᱱᱮᱣᱚᱥᱤᱨᱚᱥᱛᱟ ᱫᱚ ᱱᱤᱫᱼᱟ ᱦᱚᱸ ᱥᱟᱱᱛᱟᱲ ᱥᱟᱸᱣᱛᱟ ᱨᱮ ᱥᱟᱠᱨᱟᱫᱼᱟ ᱡᱚᱦᱚ: ᱫᱚ ᱵᱷᱮᱡᱷᱟ ᱛᱩᱧ ᱦᱮᱯᱨᱟᱣ ᱫᱚ ᱢᱮᱱᱟ: ᱟ।
train_santalimale_04658	ᱟᱡᱼᱟ ᱫᱤᱫᱤ ᱫᱚ ᱟᱡᱼᱟ ᱫᱤᱫᱤ ᱜᱮ, ᱢᱮᱱᱠᱷᱟᱱ ᱢᱤᱫᱼᱟ ᱛᱩᱠᱟᱹ ᱟᱡᱼᱟ ᱫᱤᱫᱤ ᱩᱛᱟᱹᱨ ᱫᱚ ᱵᱟᱝ ᱟᱨ ᱵᱟᱝ ᱠᱷᱟᱱ ᱫᱚ ᱦᱮᱸ ᱜᱮ।
train_santalimale_02951	ᱤᱧ ᱫᱚ ᱥᱚᱢᱟᱡ ᱛᱟᱞᱟ ᱨᱮᱦᱰᱟ ᱦᱟᱥᱟ ᱨᱮᱧ ᱞᱮᱸᱡᱮᱫᱼᱟ ᱟᱠᱟᱱ ᱟᱨ ᱟᱢ ᱫᱚᱢ ᱚᱨ ᱵᱮᱨᱮᱫᱼᱟ ᱤᱫᱤᱧ ᱠᱟᱱᱟ।
train_santalimale_04728	ᱤᱧ ᱦᱚᱸ ᱡᱷᱩᱸᱠ ᱛᱮᱧ ᱢᱮᱱ ᱜᱚᱫᱟ ᱦᱚᱲ ᱠᱚ ᱪᱟᱬᱰᱵᱚᱞᱚᱜᱼᱟ ᱟ!
train_santalimale_03554	ᱮᱨᱟᱛ ᱛᱮᱫᱼᱟ ᱱᱚᱟ ᱠᱟᱛᱷᱟᱭ ᱟᱧᱡᱚᱢ ᱠᱮᱫᱼᱟ ᱠᱷᱟᱱ, ᱢᱮᱱ ᱠᱮᱫᱟ ᱦᱮᱸ ᱱᱚᱟ ᱠᱟᱛᱷᱟ ᱫᱚ ᱧᱩᱛ ᱠᱚᱜᱼᱟ ᱜᱮᱭᱟ, ᱩᱱᱤ ᱫᱚ ᱞᱟᱸᱫᱟ ᱥᱟᱹᱜᱟᱹᱭ ᱦᱚᱲ, ᱞᱟᱸᱫᱟ ᱦᱚᱸᱭ ᱞᱟᱸᱫᱟ ᱫᱟᱲᱮᱹᱣᱟᱭᱟ।
train_santalimale_03669	ᱨᱟᱹᱜᱷᱩ ᱫᱚ ᱟᱹᱰᱤ ᱵᱷᱟᱵᱱᱟ ᱢᱟᱪᱷᱟ ᱠᱟᱛᱮ ᱮ ᱨᱚᱲ ᱨᱩᱣᱟᱹᱲ ᱠᱮᱫᱟ।
train_santalimale_00962	ᱠᱟᱛᱷᱟᱭ ᱢᱮᱱᱟᱠᱚ, ᱥᱮᱫᱟᱭ ᱥᱮᱨᱢᱟ ᱫᱤᱥᱚᱢ ᱨᱮ, ᱥᱤᱧᱪᱟᱸᱫᱚ ᱟᱨ ᱧᱤᱫᱟᱪᱟᱸᱫᱚ ᱫᱚ ᱡᱩᱨᱤᱯᱟᱹᱨᱤ ᱠᱤᱱ ᱛᱟᱸᱦᱮᱸᱠᱟᱱᱟ।
train_santalimale_04506	ᱫᱟᱜᱼᱟ ᱠᱚ ᱟᱜᱩ ᱠᱟᱛᱮ ᱠᱚ ᱡᱩ ᱵᱟᱲᱟᱹᱣᱟᱫᱮᱭᱟ ᱢᱮᱱᱠᱷᱟᱱ ᱥᱟᱯᱲᱟᱣ ᱥᱟᱹᱛ ᱟᱠᱟᱱ ᱡᱤᱣᱤ ᱢᱤᱨᱩ ᱫᱚ ᱵᱟᱭ ᱛᱟᱦᱮᱸᱞᱮᱱᱟ।
train_santalimale_04274	ᱢᱚᱱᱮ ᱨᱮ ᱨᱟᱠᱟᱵᱚᱜᱼᱟ ᱠᱟᱱ ᱠᱩᱠᱢᱩ ᱨᱮᱭᱟᱜᱼᱟ ᱢᱩᱞ ᱵᱷᱮᱫ ᱧᱟᱢ ᱞᱟᱹᱜᱤᱫᱼᱟ ᱛᱮ ᱛᱤ-ᱡᱟᱝᱜᱟ ᱮ ᱞᱟᱦᱟ ᱞᱮᱫᱼᱟ ᱜᱮᱭᱟ, ᱢᱮᱱᱠᱷᱟᱱ ᱟᱡᱼᱟ-ᱟᱡᱼᱟ ᱛᱮᱜᱮ ᱛᱮᱝᱜᱚ ᱦᱟᱯᱮ ᱞᱮᱱ ᱛᱟᱭᱟ।
train_santalimale_04592	ᱟᱨ ᱦᱚᱸ ᱥᱩᱤᱞᱟᱹ ᱣᱟᱜᱼᱟ ᱩᱱᱤ ᱪᱮᱛᱟᱱ ᱨᱮ ᱟᱹᱰᱤ ᱞᱮᱠᱟᱱ ᱱᱟᱦᱟᱪᱟᱨ।
train_santalimale_03298	ᱢᱟᱹᱬᱴᱩ ᱫᱚ ᱚᱱᱟ ᱚᱜᱼᱟᱛᱮ ᱨᱮᱜᱮ ᱥᱚᱨᱠᱟᱨᱤ ᱠᱟᱹᱢᱤᱭ ᱧᱟᱢ ᱠᱮᱫᱟ।
train_santalimale_03903	ᱟᱹᱠᱤᱞ ᱚᱲᱟᱜᱼᱟ ᱠᱷᱚᱱ ᱨᱩᱣᱟᱹᱲ ᱡᱚᱠᱷᱟᱱ ᱯᱚᱲᱮᱭᱭᱟ ᱪᱤᱨ ᱜᱟᱰᱟ ᱯᱟᱨᱚᱢ ᱠᱟᱛᱮ ᱵᱟᱦᱟ ᱢᱟᱹᱸᱭ ᱟᱨ ᱥᱚᱢ ᱫᱚ ᱯᱷᱩᱞᱣᱟᱹᱨ ᱠᱩᱞᱦᱤ ᱢᱩᱪᱟᱹᱫᱼᱟ ᱡᱷᱟᱹᱲᱯᱟᱹ ᱵᱟᱲᱮᱹ ᱞᱟᱛᱟᱨ ᱨᱮ ᱨᱮᱭᱟᱲ ᱨᱮ ᱠᱤᱱ ᱡᱤᱨᱟᱹᱩ ᱮᱱᱟ।
train_santalimale_04366	ᱦᱩᱱᱟᱹᱝ ᱮ ᱠᱚᱞ ᱞᱮᱠᱷᱟᱱ ᱥᱟᱸᱣᱦᱮᱸᱫᱼᱟ ᱨᱮᱫᱚ ᱵᱟᱝ ᱡᱤᱣᱟᱹᱫᱼᱟ ᱠᱚᱜᱼᱟ ᱟ ᱟᱨ ᱱᱤᱥᱟᱹᱱ ᱪᱷᱟᱯ ᱜᱮ ᱱᱚᱟ ᱨᱮᱭᱟᱜᱼᱟ ᱵᱟᱝ ᱛᱟᱦᱮᱸᱠᱚᱜᱼᱟ ᱟ।
train_santalimale_04769	ᱟᱫᱚ ᱵᱷᱟᱞᱟ ᱪᱟᱞᱟᱜᱼᱟ ᱟᱥᱮᱢ ᱵᱟᱝ!
train_santalimale_04694	ᱤᱧ ᱫᱚ ᱵᱟᱡᱟᱨ ᱛᱮᱧ ᱪᱟᱞᱟᱣ ᱞᱮᱱᱟ ᱟᱨ ᱟᱡᱼᱟ ᱫᱚ ᱤᱥᱠᱩᱞᱮ ᱪᱟᱞᱟᱜᱼᱟ ᱠᱟᱱ ᱛᱟᱦᱮᱸᱱᱟ।
train_santalimale_02382	ᱤᱱᱟᱹ ᱟᱰᱮᱯᱟᱥᱮ ᱢᱟ ᱵᱚᱵᱞᱩ ᱞᱮᱠᱟᱱ ᱠᱚᱲᱟᱹ ᱜᱮ ᱵᱟᱝ।
train_santalimale_03598	ᱱᱚᱟ ᱠᱚ ᱠᱟᱛᱷᱟ ᱟᱧᱡᱚᱢ ᱠᱟᱛᱮᱫᱼᱟ ᱜᱮ ᱱᱚᱛᱮ ᱟᱵᱮᱱ ᱥᱮᱱ ᱫᱚᱧ ᱛᱟᱲᱟᱹᱢ ᱞᱟᱦᱟ ᱣᱟᱠᱟᱫᱟ।
train_santalimale_00234	ᱢᱮᱱᱟᱠᱚ ᱥᱮᱫᱟᱭ ᱠᱟᱸᱣᱩᱨ ᱫᱤᱥᱚᱢ ᱨᱮ ᱫᱚ ᱜᱮᱞᱵᱟᱨ ᱜᱩᱨᱩ ᱠᱚ ᱛᱟᱸᱦᱮᱸᱠᱟᱱᱟ।
train_santalimale_04858	ᱱᱚᱜᱼᱟᱚᱭ ᱱᱚᱟ ᱠᱟᱛᱷᱟ ᱵᱚᱛᱚᱨ ᱵᱷᱟᱵᱱᱟ ᱟᱨ ᱦᱤᱨᱠᱷᱟᱹ ᱦᱟᱱᱦᱟᱨᱤᱧ ᱟᱜᱼᱟ ᱢᱚᱱᱮ ᱨᱮ ᱟᱹᱝᱚᱠᱩᱨᱮᱱᱟ ᱡᱮ ᱡᱟᱣᱟᱸᱭ ᱫᱚ ᱨᱩᱣᱟᱹᱭᱮᱱᱟᱭ ᱦᱟᱥᱚᱭᱮᱱᱟᱭ ᱨᱚᱜ ᱮᱱᱟᱭ।
train_santalimale_03799	ᱛᱷᱚᱲᱟᱹ ᱜᱟᱱ ᱥᱤᱧ ᱢᱟᱨᱥᱟᱞ ᱠᱚ ᱧᱟᱢ ᱠᱮᱫᱟ ᱟᱹᱰᱤ ᱟᱣᱥᱟᱱ ᱠᱚ ᱵᱮᱸᱜᱮᱫᱼᱟ ᱠᱮᱫᱟ।
train_santalimale_05202	ᱪᱟᱜᱼᱟ ᱵᱟᱝ ᱮᱱᱛᱮ ᱟᱜᱟᱢ ᱨᱮ ᱟᱹᱰᱤ ᱞᱮᱠᱟᱱᱟᱜᱼᱟ ᱮ ᱠᱩᱠᱢᱩ ᱡᱚᱝ ᱟᱠᱟᱣᱟᱱᱟ।
train_santalimale_01247	ᱠᱩᱲᱤ ᱦᱚᱯᱚᱱ ᱠᱚ ᱫᱚ ᱥᱤᱧ ᱧᱤᱫᱟᱹ ᱜᱤᱫᱤ ᱪᱤᱱᱛᱮ, ᱯᱩᱥᱤ ᱪᱤᱱᱛᱮ, ᱫᱟᱲᱟᱹᱱᱠᱚ ᱮᱭᱦᱚᱵᱼᱟ ᱠᱮᱫᱼᱟ ᱟ।
train_santalimale_04394	ᱢᱮᱱᱠᱷᱟᱱ ᱟᱹᱠᱤᱱ ᱵᱚᱭᱦᱟ ᱡᱟᱦᱟᱸ ᱠᱟᱛᱷᱟ ᱠᱤᱱ ᱜᱚᱜᱼᱟ ᱟᱱ ᱛᱟᱦᱮᱸ ᱚᱱᱟ ᱠᱟᱛᱷᱟ ᱫᱚ ᱥᱩᱤᱞᱟᱹ ᱮᱠᱫᱚᱢᱮ ᱦᱤᱲᱤᱧ ᱦᱟᱯᱮ ᱟᱠᱟᱫᱟ ᱟᱨ ᱢᱚᱱᱮ ᱨᱮ ᱫᱷᱟᱹᱨᱛᱤ ᱨᱮᱭᱟᱜᱼᱟ ᱱᱟᱣᱟᱸ ᱟᱵᱷᱨᱟᱱ ᱥᱟᱸᱣᱛᱮ ᱱᱟᱣᱟᱸ ᱠᱟᱛᱷᱟ ᱚᱸᱠᱩᱨ ᱟᱫᱮᱭᱟ।
train_santalimale_03033	ᱥᱮᱫᱟᱭ ᱫᱚ ᱫᱟᱢᱚᱫᱚᱨ ᱜᱟᱰᱟ ᱟᱹᱩᱨᱤ ᱛᱚᱞ ᱨᱮ ᱱᱚᱟ ᱨᱮᱭᱟᱜᱼᱟ ᱟᱭᱢᱟ ᱴᱚᱞᱟ ᱫᱚ ᱜᱟᱰᱟ ᱡᱟᱞᱟᱫᱼᱟ ᱨᱮ ᱛᱟᱸᱦᱮᱸᱠᱟᱱᱟ।
train_santalimale_01075	ᱢᱤᱫᱼᱟᱫᱤᱱ ᱵᱟᱦᱟ ᱫᱚ ᱮᱠᱞᱟ ᱜᱮ ᱵᱤᱨ ᱛᱮ ᱫᱟᱸᱲᱟᱹᱱ ᱮ ᱪᱟᱞᱟᱣᱞᱮᱱ ᱛᱟᱸᱦᱮᱸᱠᱟᱱᱟ।
train_santalimale_04078	ᱱᱚᱸᱝᱠᱟ ᱞᱮᱠᱟ ᱯᱮᱲᱟᱹ ᱪᱟᱞᱟᱜᱼᱟ ᱟᱨ ᱜᱤᱫᱨᱟᱹ ᱠᱚ ᱪᱟᱞᱟᱜᱼᱟ ᱫᱚ ᱛᱚᱸᱜᱮ ᱜᱮ ᱩᱱᱚᱠᱤᱱᱟᱹᱜᱼᱟ ᱚᱲᱟᱜᱼᱟ ᱨᱮ ᱞᱟᱜᱟᱣ ᱠᱚᱜᱼᱟ ᱠᱟᱱ ᱛᱟᱸᱦᱮᱸᱱᱟ।
train_santalimale_03487	ᱥᱚᱱᱟ ᱫᱚ ᱟᱹᱰᱤ ᱢᱩᱨᱩᱠ ᱠᱟᱛᱮ ᱯᱟᱲᱦᱟᱣ ᱨᱮᱭ ᱞᱟᱹᱜᱤᱭᱟᱹ ᱯᱟᱲᱟᱹᱣᱮᱱᱟ।
train_santalimale_04611	ᱚᱞᱚᱜᱼᱟ ᱡᱤᱭᱚᱱ ᱫᱚ ᱟᱡᱼᱟ ᱥᱟᱢᱟᱝ ᱨᱮ ᱥᱮᱴᱮᱨᱟᱠᱟᱱ ᱛᱟᱦᱮᱸ ᱚᱞᱚᱜᱼᱟ ᱡᱤᱭᱚᱱ ᱫᱚ ᱵᱟᱭ ᱠᱚᱞᱥᱟ ᱢᱚᱸᱜᱚᱞ ᱞᱮᱫᱟ।
train_santalimale_04256	ᱦᱚᱲᱢᱚ ᱨᱮᱭᱟᱜᱼᱟ ᱛᱮᱛᱟᱝ ᱫᱚ ᱫᱟᱜᱼᱟ ᱧᱩ ᱛᱮ ᱵᱟᱹᱲᱤᱡᱚᱜᱼᱟ ᱟ ᱟᱨ ᱢᱚᱱ ᱨᱮᱭᱟᱜᱼᱟ ᱴᱮᱴᱣᱟᱥ ᱫᱚ ᱧᱩ ᱛᱮ ᱵᱟᱹᱲᱤᱡᱚᱜᱼᱟ ᱟ, ᱵᱟᱝ ᱛᱤᱨᱚᱯᱤᱛᱚᱜᱼᱟ ᱟ।
train_santalimale_01753	ᱨᱟᱱᱤᱭᱟ: ᱠᱟᱛᱷᱟ ᱟᱧᱡᱚᱢ ᱠᱟᱛᱮ ᱨᱟᱡᱟ ᱮ ᱢᱮᱱᱠᱮᱫᱼᱟ ᱟ ᱞᱟᱹᱤ ᱢᱮ ᱪᱮᱫᱼᱟ ᱠᱟᱛᱷᱟ, ᱚᱡᱚᱢ ᱞᱮᱠᱟᱱᱟ ᱠᱟᱛᱷᱟ ᱠᱷᱟᱱ ᱟᱡᱚᱢᱟᱧ ᱵᱟᱝ ᱟᱧᱡᱚᱢ ᱞᱮᱠᱟᱱ ᱠᱟᱛᱷᱟ ᱠᱷᱟᱱ ᱵᱟᱧ ᱟᱡᱚᱢᱟ।
train_santalimale_01605	ᱱᱚᱣᱟ ᱢᱮᱱᱠᱟᱛᱮ ᱪᱟᱹᱭ ᱟᱹᱛᱩ ᱛᱮᱠᱤᱱ ᱨᱩᱣᱟᱹᱲ ᱪᱟᱞᱟᱣ ᱮᱱᱟ।
train_santalimale_03909	ᱟᱢ ᱫᱚ ᱛᱤᱥ ᱦᱚᱸ ᱟᱞᱚᱢ ᱵᱟᱹᱜᱤ-ᱣᱟᱹᱧᱟᱹ ᱟᱨ ᱵᱟᱝ ᱠᱷᱟᱱ ᱫᱚᱧ ᱵᱟᱹᱲᱤᱡᱼᱟ ᱩᱛᱟᱹᱨᱚᱜᱼᱟᱟ।
train_santalimale_02934	ᱱᱚᱟ ᱨᱚᱲ ᱢᱩᱪᱟᱹᱫᱼᱟ ᱥᱟᱸᱣᱛᱮ ᱥᱚᱦᱟ ᱫᱚ ᱨᱟᱨᱟᱜᱼᱟ ᱮ ᱥᱟᱹᱨᱫᱤ ᱭᱮᱱᱟ।
train_santalimale_01825	ᱫᱟᱨᱮ ᱞᱟᱛᱟᱨ ᱨᱮ ᱜᱤᱛᱤᱡᱼᱟ ᱟᱠᱟᱱ ᱨᱟᱡᱟ ᱨᱮᱱ ᱢᱟᱨᱟᱝ ᱩᱛᱟᱨ ᱦᱚᱯᱚᱱ ᱮᱨᱟ ᱫᱚ ᱵᱟᱦᱟ ᱨᱮᱱᱟᱷ ᱧᱩᱛᱩᱢ ᱮ ᱵᱟᱰᱟᱭ ᱠᱮᱫᱼᱟ ᱠᱷᱟᱱ, ᱟᱹᱴᱩ ᱯᱟᱹᱴᱩ ᱵᱮᱨᱮᱫᱼᱟ ᱠᱟᱛᱮ ᱟᱠᱚ ᱚᱲᱟᱹ: ᱮ ᱫᱟᱹᱲ ᱥᱮᱴᱮᱨ ᱮᱱᱟ।
train_santalimale_01418	ᱩᱱᱤ ᱠᱩᱲᱤ ᱜᱤᱫᱨᱟᱹ ᱫᱚ ᱟᱨ ᱦᱚᱸ ᱛᱟᱹᱨᱩᱵᱼᱟ ᱛᱚᱣᱟ ᱞᱟᱹᱜᱤᱫᱼᱟ ᱮ ᱨᱟ: ᱮ ᱮᱭᱦᱚᱵᱼᱟ ᱠᱮᱫᱼᱟ ᱟ।
train_santalimale_03179	ᱥᱤᱞᱚᱯᱤᱧ ᱨᱮ ᱚᱠᱚᱭ ᱪᱚᱝ ᱠᱚ ᱴᱷᱚᱜᱼᱟᱴᱷᱚᱜᱼᱟ ᱠᱮᱫᱟ।
train_santalimale_04099	ᱛᱟᱭᱚᱢ ᱛᱮ ᱱᱚᱟ ᱢᱚᱱᱮ ᱫᱚ ᱱᱩᱱᱟᱹᱜᱼᱟ ᱠᱮᱴᱮᱡᱼᱟ ᱮᱱᱟ, ᱚᱠᱟ ᱫᱚ ᱫᱷᱟᱹᱨᱛᱤ ᱨᱮᱭᱟᱜᱼᱟ ᱥᱟᱱᱟᱢ ᱫᱟᱲᱮᱹᱭᱮ ᱱᱤᱥᱲᱟᱹᱩ ᱠᱮᱫᱼᱟ।
train_santalimale_03967	ᱵᱮᱴᱠᱟ ᱟᱡᱼᱟ ᱵᱟᱵᱟ ᱫᱚ ᱢᱮᱱ ᱜᱚᱫᱼᱟ ᱠᱮᱫᱟ, ᱟᱯᱷᱚᱛ ᱢᱟᱦᱟ ᱡᱟᱞᱟ ᱫᱚ।
train_santalimale_04899	ᱚᱠᱚᱭ ᱪᱮᱫᱼᱟ ᱞᱮᱠᱟᱱ ᱥᱟᱫᱚᱢ ᱪᱮᱛᱟᱱ ᱠᱷᱚᱱ ᱪᱚ ᱡᱤᱣᱤ ᱡᱩᱨᱤᱭ ᱟᱯᱱᱟᱨᱮᱠᱟᱱ?
train_santalimale_00270	ᱜᱚᱴ ᱴᱟᱸᱰᱤ ᱨᱮ ᱱᱟᱭᱠᱮ ᱵᱟᱵᱟ ᱫᱚ ᱡᱟᱝᱜᱟ ᱠᱚ ᱟᱨᱩᱯ ᱥᱟᱯᱷᱟ ᱠᱟᱛᱮ, ᱪᱟᱸᱫᱚ ᱨᱟᱠᱟᱵᱼᱟ ᱥᱮᱫᱼᱟ ᱫᱩᱰᱩᱯ ᱠᱟᱛᱮ, ᱩᱛᱚᱨ, ᱫᱚᱠᱷᱤᱱ ᱱᱟᱠᱷᱟ, ᱡᱤᱞᱤᱧ ᱛᱮ ᱢᱤᱫᱼᱟ ᱴᱟᱝ ᱠᱷᱚᱸᱰ ᱛᱟᱞᱟᱨᱮ ᱯᱮ ᱴᱷᱮᱱ ᱴᱤᱲᱟᱹ ᱟᱹᱪᱩᱨᱟ।
train_santalimale_02194	ᱛᱤ ᱨᱮ ᱥᱟᱵᱼᱟ ᱠᱟᱛᱮ ᱚᱲᱟᱜᱼᱟ ᱛᱮᱭ ᱚᱨ ᱟᱹᱜᱩ ᱠᱮᱫᱮᱭᱟ ᱟᱨᱮ ᱨᱩᱦᱮᱫᱼᱟ ᱠᱮᱫᱮᱭᱟ ᱱᱤᱛ ᱠᱷᱚᱱ ᱜᱮ ᱟᱢ ᱫᱚ ᱱᱚᱝᱠᱟᱢ ᱪᱚᱞᱚᱱᱟ?
train_santalimale_01917	ᱚᱱᱟ ᱢᱟᱨᱟᱝ ᱵᱩᱨᱩ ᱟ ᱞᱮᱜ ᱟᱨᱤ ᱪᱟᱞᱤ ᱞᱮᱠᱟᱛᱮ ᱱᱤᱫᱼᱟ ᱦᱚᱸ ᱨᱟᱡᱟ ᱥᱟᱠᱨᱟᱫᱼᱟ ᱦᱤᱞᱚᱷ ᱫᱚ ᱪᱟᱥᱵᱟᱥ ᱠᱟᱹᱢᱤ ᱫᱚ ᱵᱟᱝ ᱦᱩᱭᱩᱷ ᱟ।
train_santalimale_02874	ᱪᱮᱫᱼᱟ ᱟᱢ ᱫᱚ ᱡᱤᱭᱚᱱ ᱱᱟᱥᱟᱣ ᱠᱟᱛᱮ ᱵᱟᱹᱨᱯᱷᱟᱹᱤ ᱮᱢ ᱧᱟᱢᱟ?
train_santalimale_04735	ᱟᱩᱨᱤ ᱧᱟᱯᱟᱢ ᱦᱟᱹᱵᱤᱡᱼᱟ ᱫᱚ।
train_santalimale_01856	ᱟᱥᱟᱲᱤᱹᱭᱟ ᱵᱚᱸᱜᱟ ᱫᱚ ᱫᱷᱟᱹᱨᱛᱤ ᱨᱮᱱᱟ: ᱜᱟᱥᱟᱛᱩ, ᱛᱟᱥᱟᱛᱩ, ᱪᱟᱨᱮᱡᱼᱟ, ᱜᱷᱟᱸᱥ, ᱦᱩᱰᱩ, ᱮᱲᱤ, ᱜᱩᱸᱫᱞᱤ ᱨᱮᱭ ᱨᱟᱠᱟᱵᱼᱟᱞᱮᱱ ᱛᱟᱸᱦᱮᱸᱠᱟᱱᱟ।
train_santalimale_01893	ᱵᱚᱸᱜᱟ ᱪᱟᱵᱟ ᱠᱟᱛᱮ ᱟᱭᱚ ᱵᱟᱵᱟ ᱥᱟᱸᱣᱛᱮ ᱥᱩᱨ ᱟᱠᱟᱱ ᱜᱤᱫᱨᱟᱹ ᱠᱚ ᱜᱚᱲ ᱡᱚᱦᱟᱨᱟ, ᱟᱨ ᱯᱨᱥᱟᱫ ᱞᱮᱠᱟᱛᱮ ᱵᱚᱸᱜᱟ ᱥᱟᱨᱮᱡᱼᱟ ᱫᱚ ᱠᱚ ᱡᱚᱢ ᱧᱩᱭᱟ।
train_santalimale_00929	ᱚᱱᱟᱛᱮ ᱜᱚᱴᱟ ᱫᱷᱟᱹᱨᱛᱤ ᱟᱹᱰᱤ ᱡᱩᱨᱛᱮ ᱢᱟᱨᱥᱟᱹᱞ ᱮᱭᱦᱚᱵᱼᱟ ᱞᱮᱱᱟ।
train_santalimale_04441	ᱪᱟᱜᱼᱟ ᱡᱮ ᱱᱤᱛ ᱫᱚ ᱨᱚᱜᱷᱩ ᱯᱟᱨᱜᱟᱱᱟ ᱛᱟᱠᱚᱣᱟᱜᱼᱟ ᱜᱷᱟᱨᱚᱧᱡ ᱫᱚ ᱞᱟᱹᱴᱩ ᱮᱱᱟ।
train_santalimale_01148	ᱮᱱᱠᱷᱟᱱ ᱯᱤᱞᱪᱩ ᱦᱟᱲᱟᱹᱢᱮ ᱢᱮᱱᱠᱮᱫᱼᱟ ᱟ ᱮ ᱦᱚ ᱢᱟᱨᱟᱝ ᱵᱩᱨᱩ ᱟᱹᱞᱤᱧ ᱫᱚ ᱟᱹᱰᱤ ᱞᱟᱡᱟᱣ ᱞᱤᱧ ᱵᱩᱡᱷᱟᱣ ᱮᱫᱼᱟ ᱟ, ᱟᱢ ᱥᱟᱸᱣ ᱪᱮᱠᱟᱞᱮᱠᱟ ᱛᱤᱞᱤᱧ ᱧᱟᱯᱟᱢᱟ।
train_santalimale_03980	ᱪᱟᱞᱟᱜᱼᱟ ᱨᱮᱭᱟᱜᱼᱟ ᱠᱷᱮᱢᱚᱛᱟ ᱦᱚᱸ ᱵᱟᱹᱱᱩᱜᱼᱟ ᱛᱟᱭᱟ ᱟᱨᱮ ᱡᱟᱦᱟᱸ ᱞᱮᱠᱟ ᱞᱮᱱ ᱠᱷᱟᱱ ᱚᱱᱟ ᱦᱚᱸ ᱵᱟᱰᱮᱢ ᱫᱚᱥᱚᱜᱼᱟᱟ, ᱥᱚᱱᱚᱠ ᱪᱮᱠᱟᱢ ᱫᱚᱥᱚᱜᱼᱟᱟ?
train_santalimale_02519	ᱦᱚ ᱡᱚᱵᱟ! ᱱᱩᱤ ᱜᱮ ᱪᱚ ᱵᱟᱲᱮᱹᱰᱤᱦ ᱛᱮ ᱯᱮᱰᱟᱦᱚᱲᱚᱜᱼᱟ ᱮ ᱪᱟᱹᱞᱟᱣ ᱞᱮᱱᱟ।
train_santalimale_05166	ᱮᱱᱛᱮ ᱨᱮᱦᱚᱸ ᱧᱩ ᱛᱤᱨᱚᱯᱤᱛ ᱠᱚᱟᱭ ᱢᱟᱹᱱᱢᱤ ᱟᱨ ᱢᱟᱹᱱᱢᱤ ᱫᱚ ᱩᱱᱤ ᱥᱚᱛᱮᱡᱼᱟ ᱟᱹᱰᱤ ᱱᱤᱨᱢᱟᱭᱟ ᱟᱨ ᱵᱮᱥᱩᱞᱩᱠ ᱟᱛᱮ ᱠᱚ ᱵᱮᱣᱦᱟᱨ ᱟ।
train_santalimale_03875	ᱦᱚᱲᱢᱚ ᱫᱚ ᱞᱮᱜᱼᱟ ᱞᱮᱠᱟ ᱟᱨ ᱰᱟᱬᱰᱟ ᱫᱚ ᱪᱩᱢᱩᱠ ᱞᱮᱠᱟ ᱛᱟᱸᱦᱮᱸᱠᱟᱱ ᱛᱟᱭᱟ।
train_santalimale_02888	ᱩᱱ ᱨᱮᱜᱮ ᱤᱧ ᱫᱚ ᱩᱱᱚᱠᱩ ᱟᱛᱚ ᱛᱮᱧ ᱥᱮᱱ ᱟᱠᱟᱱ ᱛᱟᱸᱦᱮᱸᱱᱟ।
train_santalimale_00407	ᱥᱟᱱᱛᱟᱲ ᱥᱟᱸᱣᱛᱟ ᱨᱮ ᱵᱟᱵᱼᱟᱞᱟ ᱨᱮᱱᱟ: ᱞᱮᱜᱱᱮᱢᱟᱪᱟᱨᱤ ᱟᱨ ᱠᱟᱹᱢᱤ ᱦᱚᱨᱟ ᱠᱚ ᱤᱫᱤ ᱠᱟᱛᱮ ᱵᱟᱵᱼᱟᱞᱟ ᱫᱚ ᱟᱹᱰᱤ ᱞᱮᱠᱟᱱᱟ।
train_santalimale_05278	ᱚᱱᱟ ᱞᱮᱠᱟ ᱚᱱᱠᱟ ᱜᱮ ᱟᱹᱠᱤᱱ ᱦᱚᱸ ᱵᱟᱠᱤᱱ ᱵᱩᱡ ᱧᱟᱢ ᱫᱟᱲᱮᱭᱟᱜᱼᱟ ᱠᱟᱱᱟ।
train_santalimale_04615	ᱢᱟᱱᱣᱟᱸ ᱡᱤᱣᱤ, ᱢᱟᱱᱣᱟᱸ ᱨᱩᱯ ᱦᱟᱛᱟᱣ ᱠᱟᱛᱮᱱ ᱨᱮᱦᱚᱸ ᱟᱹᱰᱤ ᱦᱚᱲ ᱢᱟᱱᱣᱟᱸ ᱞᱮᱠᱟᱱ ᱜᱟᱱ ᱪᱟᱜᱼᱟ ᱵᱟᱝ ᱥᱚᱯᱨᱚᱛ ᱟᱠᱚ ᱠᱟᱱᱟ।
train_santalimale_01542	ᱯᱤᱞᱪᱩ ᱦᱟᱲᱟᱹᱢ ᱵᱩᱲᱦᱤ ᱛᱤᱠᱤᱱ ᱫᱚ ᱟᱠᱤᱱ ᱨᱮᱱ ᱜᱤᱫᱨᱟᱹᱠᱚ ᱟᱛᱮ ᱪᱟᱹᱭ ᱪᱟᱢᱯᱟ ᱪᱤᱨᱩᱱᱟᱜᱚᱨ ᱨᱮ ᱪᱟᱥᱵᱟᱥ ᱠᱟᱛᱮ ᱠᱤᱱ ᱟᱥᱩᱞᱚᱷ ᱠᱟᱱ ᱛᱟᱸᱦᱮᱸᱠᱟᱱᱟ।
train_santalimale_01686	ᱩᱱᱤ ᱜᱤᱫᱨᱟᱹ ᱨᱮᱱ ᱟᱭᱚ ᱵᱟᱵᱟ ᱚᱠᱚᱭ ᱛᱮᱠᱤᱱ ᱚᱠᱟᱱᱟᱠᱤᱱ ᱩᱱᱟ ᱨᱮᱭᱟ: ᱰᱟᱠᱨᱟ, ᱠᱤᱥᱠᱩ ᱨᱟᱡ ᱫᱚ ᱜᱚᱴᱟ ᱠᱟᱯᱲᱟᱹ ᱜᱟᱲᱜᱮ ᱮ ᱟᱲᱟᱹᱷᱠᱮᱫᱼᱟ ᱟ।
train_santalimale_01582	ᱤᱱᱟ ᱦᱤᱞᱚ: ᱫᱚ ᱚᱠᱚᱭ ᱪᱚ ᱚᱱᱟ ᱵᱟᱸᱫᱚ ᱱᱟᱹᱲᱤ ᱫᱚᱠᱚ ᱢᱟ: ᱜᱷᱟᱸᱰᱤᱡᱼᱟ ᱞᱮᱫᱼᱟ ᱛᱟᱸᱦᱮᱸᱠᱟᱱᱟ।
train_santalimale_02917	ᱮᱱᱛᱮᱫᱼᱟ ᱟᱹᱰᱤ ᱵᱟᱲᱛᱤ ᱜᱮᱧ ᱵᱟᱹᱲᱤᱡᱼᱟ ᱟᱠᱟᱫᱟ ᱟᱨ ᱯᱟᱥᱮᱡᱼᱟ ᱟᱯᱮ ᱫᱚ ᱚᱦᱚ ᱜᱮ ᱯᱮ ᱤᱠᱟᱹ ᱠᱤᱧᱟ।
train_santalimale_03080	ᱚᱱᱠᱟ ᱞᱮᱠᱟᱨᱮ ᱞᱟᱸᱜᱟ ᱭᱮᱱᱟᱭ ᱟᱡᱼᱟ ᱵᱟᱵᱟ।
train_santalimale_03617	ᱟᱛᱚ ᱨᱮᱠᱷᱟᱱ ᱟᱛᱚ ᱨᱮᱱ ᱢᱟᱹᱸᱡᱷᱤ, ᱯᱟᱨᱟᱱᱤᱠ, ᱡᱚᱜᱢᱟᱹᱸᱡᱷᱤ ᱟᱨ ᱟᱛᱚ ᱨᱮᱱ ᱦᱚᱲ ᱦᱚᱸ ᱠᱚ ᱧᱮᱞ ᱥᱚᱵᱷᱟᱭᱟ।
train_santalimale_01555	ᱦᱟᱱᱛᱮ ᱯᱤᱞᱪᱩ ᱦᱟᱲᱟᱹᱢ ᱵᱩᱲᱦᱤ ᱨᱮᱱ ᱜᱮᱞᱵᱟᱨ ᱦᱚᱯᱚᱱ ᱠᱚ ᱫᱚ ᱢᱩᱨᱩᱢ ᱮᱸᱜᱟ ᱯᱟᱱᱛᱮ ᱠᱚ ᱞᱟᱹᱜᱟᱣ ᱮᱱᱟ।
train_santalimale_00471	ᱦᱚᱭ ᱟᱹᱯᱩᱧᱠᱚ ᱟᱞᱮ ᱫᱚ ᱨᱟᱡᱫᱟ ᱜᱚᱨᱟᱢ ᱠᱷᱚᱱ ᱢᱟᱛᱠᱚᱢ ᱵᱮᱲᱟᱹ ᱜᱚᱨᱟᱢ ᱦᱟᱵᱤᱡᱼᱟ ᱞᱮ ᱛᱟᱲᱟᱹᱢ ᱟᱠᱟᱫᱼᱟ ᱟ।
train_santalimale_00133	ᱚᱱᱟ ᱰᱟᱦᱟᱨ ᱥᱮᱨᱮᱧ ᱠᱚ ᱜᱮ ᱯᱤᱲᱦᱤ ᱪᱮᱛᱟᱱ ᱯᱤᱲᱦᱤ ᱟᱧᱡᱚᱢ ᱦᱤᱡᱩᱷ ᱠᱟᱱᱟ।
train_santalimale_03515	ᱵᱟᱹᱵᱩ ᱴᱷᱤᱠ ᱜᱮ ᱢᱮᱱ ᱮᱫᱼᱟ ᱠᱟᱱ, ᱢᱮᱱᱠᱷᱟᱱ ᱡᱮ ᱞᱮᱠᱟ ᱪᱟᱥᱟ ᱠᱟᱹᱢᱤ ᱫᱚ ᱡᱟᱣ ᱵᱚᱪᱷᱚᱨ ᱜᱮᱵᱚᱱ ᱪᱟᱥ ᱪᱟᱦᱮ ᱫᱚ ᱦᱩᱭᱩᱜᱼᱟ ᱪᱟᱦᱮ ᱫᱚ ᱵᱟᱝ ᱦᱩᱭᱩᱜᱼᱟ ᱩᱱ ᱦᱚᱸ ᱪᱟᱥ ᱪᱟᱥ ᱫᱚ ᱵᱟᱵᱚᱱ ᱵᱟᱹᱜᱤᱭᱟ।
train_santalimale_05193	ᱛᱤᱱᱟᱹᱜᱼᱟ ᱫᱚᱢ ᱪᱚ ᱛᱟᱞᱟ ᱱᱟᱹᱸᱤ ᱨᱮᱭ ᱩᱰᱩ-ᱰᱩᱵᱩ ᱞᱮᱱ!
train_santalimale_04560	ᱦᱟᱹᱬᱰᱤ ᱨᱮᱭᱟᱜᱼᱟ ᱱᱤᱥᱟᱹ ᱛᱮ ᱥᱟᱱᱟᱢᱟᱜᱼᱟ ᱮ ᱴᱟᱹᱬᱰᱤᱡᱚᱝ ᱠᱟᱱ ᱱᱚᱟ ᱫᱚ ᱵᱟᱭ ᱵᱟᱰᱟᱭ ᱡᱚᱝ ᱠᱟᱱᱟ।
train_santalimale_02333	ᱥᱟᱢᱟᱝ ᱨᱮᱭᱟᱜᱼᱟ ᱠᱟᱥᱚ ᱨᱮᱵᱮᱫᱼᱟ ᱥᱟᱹᱲᱤ ᱟᱧᱪᱟᱨ ᱦᱚᱸ ᱵᱮᱥᱟᱣᱦᱟᱸ ᱜᱮ ᱦᱮᱱᱟᱜᱼᱟ ᱛᱟᱭᱟ।
train_santalimale_04089	ᱥᱚᱢᱚᱭ ᱥᱮ ᱚᱜᱼᱟᱛᱮ ᱨᱮᱭᱟᱜᱼᱟ ᱫᱟᱲᱮᱹ ᱦᱚᱸ ᱱᱩᱱᱟᱹᱜᱼᱟ ᱟ, ᱚᱠᱟ ᱫᱚ ᱫᱷᱟᱹᱨᱛᱤ ᱨᱮᱭᱟᱜᱼᱟ ᱥᱟᱱᱟᱢ ᱟᱠᱚᱴ ᱢᱩᱦᱤᱢ ᱥᱟᱦᱟ ᱠᱟᱛᱮ ᱵᱟᱨ ᱡᱤᱣᱤ ᱢᱚᱱᱮ ᱨᱮ ᱱᱟᱣᱟᱸ ᱥᱟᱜᱮᱱ ᱥᱟᱠᱟᱢ ᱦᱤᱸᱥᱤᱫᱼᱟ ᱦᱚᱭ ᱛᱮ ᱦᱤᱯᱤᱲᱚ-ᱦᱤᱯᱤᱲ ᱞᱮᱱ।
train_santalimale_03992	ᱧᱩᱦᱩᱢ ᱵᱮᱞᱟ ᱧᱩᱛᱟᱹᱛ ᱚᱜᱼᱟᱛᱮ ᱨᱮ ᱫᱩᱠᱷᱟᱹᱞᱤ ᱠᱷᱚᱵᱚᱨ ᱚᱱᱟ ᱟᱛᱚ ᱨᱮ ᱢᱟᱬᱰᱟ ᱵᱩᱥᱩᱵᱼᱟ ᱯᱟᱥᱱᱟᱣ ᱞᱮᱠᱟ ᱜᱚᱴᱟ ᱯᱟᱥᱱᱟᱣᱮᱱᱟ।
train_santalimale_03369	ᱟᱠᱚ ᱴᱚᱞᱟ ᱯᱷᱮᱰ ᱨᱮᱱ ᱢᱤᱫᱼᱟ ᱴᱮᱱ ᱠᱚᱲᱟᱹᱭ ᱡᱷᱟᱹᱞᱤ ᱠᱮᱫᱮᱭᱟ।
train_santalimale_01889	ᱵᱚᱸᱜᱟ ᱦᱟᱸᱰᱤ ᱯᱷᱩᱲᱩᱹ ᱨᱮᱱᱟ: ᱥᱟᱠᱟᱢ ᱵᱷᱤᱴᱣᱟ ᱫᱚ ᱡᱚᱡᱚᱢ ᱥᱮᱫᱼᱟᱜᱮᱭ ᱥᱟᱢᱟᱝᱟ।
train_santalimale_04186	ᱵᱚᱝᱜᱟ ᱞᱮᱠᱟ ᱢᱟᱱᱟᱣᱮᱢ, ᱩᱱᱤ ᱜᱮ ᱫᱷᱩᱯᱚ-ᱫᱷᱩᱲᱟᱹᱸᱣᱟᱭ ᱢᱮ।
train_santalimale_01932	ᱨᱮᱸᱜᱷᱟ ᱥᱮᱡᱼᱟ ᱤᱥᱟᱹᱨᱟ ᱠᱟᱛᱮᱭ ᱢᱮᱱ ᱠᱮᱫᱟ।
train_santalimale_04403	ᱚᱠᱟ ᱚᱠᱛᱮ ᱨᱮ ᱟᱢ ᱚᱠᱟ ᱠᱟᱹᱢᱤ ᱞᱟᱹᱠᱛᱤ ᱠᱟᱱ ᱛᱟᱢᱟ, ᱡᱩᱫᱤ ᱚᱱᱟ ᱵᱟᱢ ᱠᱟᱹᱢᱤ ᱞᱮᱠᱷᱟᱱ ᱥᱮᱥᱟᱱᱛᱤ ᱨᱮ ᱛᱤ ᱛᱷᱟᱭᱚᱭ ᱵᱮᱜᱚᱨ ᱟᱨ ᱪᱮᱫᱼᱟ ᱩᱯᱟᱹᱤ ᱜᱮ ᱵᱟᱹᱱᱩᱜᱼᱟ ᱛᱟᱢᱟ।
train_santalimale_04197	ᱧᱮᱞᱚ-ᱧᱮᱞ ᱛᱮ ᱥᱟᱠᱟᱢ ᱥᱟᱜᱮᱱᱚᱜᱼᱟ ᱥᱟᱸᱣᱛᱮ ᱢᱤᱨᱩ ᱪᱮᱸᱲᱮᱸ ᱫᱚᱭ ᱯᱷᱟᱨᱠᱟᱣᱮᱱᱟ।
train_santalimale_04498	ᱤᱱᱟᱹ ᱥᱟᱸᱣᱛᱮ ᱠᱷᱚᱜᱼᱟ ᱦᱚᱸ ᱧᱟᱢ ᱠᱮᱫᱮᱭᱟ।
train_santalimale_01034	ᱪᱟᱞᱟᱣ ᱠᱟᱛᱮ ᱧᱮᱞᱮᱭᱟᱭ ᱢᱟᱨᱟᱝ ᱵᱩᱨᱩ ᱫᱚ ᱢᱤᱫᱼᱟᱴᱟᱝ ᱫᱟᱨᱮ ᱵᱩᱴᱟᱹ ᱨᱮ ᱜᱤᱛᱤᱡᱼᱟ ᱟᱠᱟᱱᱟᱭ।
train_santalimale_03685	ᱤᱧ ᱫᱚ ᱜᱚᱡᱼᱟ ᱦᱚᱲ ᱦᱚᱸᱧ ᱵᱮᱥ ᱫᱟᱲᱮᱹᱭᱟᱠᱚᱟ।
train_santalimale_03955	ᱫᱟᱹᱞ ᱦᱮᱱᱫᱮ, ᱫᱟᱹᱞ ᱯᱷᱩᱞᱟᱹᱩ ᱪᱤᱠᱷᱱᱟᱹ ᱠᱚ ᱧᱮᱞᱚᱜᱼᱟ ᱠᱟᱱᱟ ᱦᱚᱲᱢᱚ ᱠᱚᱨᱮ।
train_santalimale_03457	ᱢᱮᱱᱠᱷᱟᱱ ᱥᱚᱱᱟ ᱫᱚ ᱪᱮᱫᱼᱟ ᱦᱚᱸ ᱵᱟᱭ ᱨᱚᱲ ᱞᱮᱫᱟ।
train_santalimale_04309	ᱫᱟᱨᱮ ᱱᱟᱹᱸᱲᱤ ᱞᱮᱠᱟ ᱥᱟᱜᱮᱱᱚᱜᱼᱟ ᱛᱮᱜᱮ ᱛᱟᱦᱮᱸᱭᱮᱱᱟ।
train_santalimale_02982	ᱟᱞᱮ ᱫᱚ ᱟᱸᱫᱦᱟ ᱛᱮ ᱦᱚᱸ ᱵᱟᱞᱮ ᱦᱩᱫᱤᱥ ᱞᱮᱫᱟ ᱡᱮ ᱟᱢ ᱫᱚ ᱱᱚᱝᱠᱟᱢ ᱠᱟᱹᱢᱤᱭᱟ ᱢᱮᱱᱛᱮ।
train_santalimale_01813	ᱚᱱᱠᱟ ᱚᱱᱠᱟᱛᱮ ᱜᱮᱞᱚᱢᱤᱫᱼᱟ ᱵᱩᱨᱩ ᱫᱚ ᱯᱟᱨᱩᱢ ᱟᱹᱜᱩ ᱠᱮᱫᱟᱭ।
train_santalimale_04066	ᱟᱞᱮ ᱟᱛᱚ ᱵᱤᱨᱥᱟᱹ ᱛᱟᱠᱚ ᱦᱚᱸ ᱡᱟᱣ ᱜᱮ ᱩᱥᱟᱹᱨᱟ-ᱩᱥᱟᱹᱨᱟ ᱩᱱᱚᱠᱤᱱ ᱴᱷᱮᱱ ᱯᱮᱲᱟᱹᱜᱼᱟ ᱠᱚ ᱪᱟᱞᱟᱜᱼᱟ ᱠᱟᱱ ᱛᱟᱸᱦᱮᱸᱱᱟ।
train_santalimale_02422	ᱠᱩᱲᱤᱠᱚ ᱫᱚᱠᱚ ᱜᱟᱞᱢᱟᱨᱟᱣ ᱤᱫᱤᱭᱮᱫᱼᱟ ᱠᱟᱱᱟ, ᱤᱧ ᱫᱚ ᱱᱟ ᱛᱮᱦᱮᱧ ᱫᱚ ᱵᱟᱞᱚᱡ ᱟᱨ ᱯᱚᱬᱰ ᱯᱷᱤᱛᱟᱹᱧ ᱦᱟᱛᱟᱣᱟ।
train_santalimale_04406	ᱱᱚᱟ ᱠᱟᱛᱷᱟ ᱟᱧᱡᱚᱢ ᱠᱟᱛᱮ ᱟᱡᱼᱟ ᱵᱟᱵᱟ ᱫᱚ ᱟᱹᱰᱤ ᱜᱮᱭ ᱨᱟᱸᱜᱟᱣᱮᱱᱟ।
train_santalimale_02085	ᱢᱮᱱ ᱟᱠᱟᱫᱟ ᱠᱚ ᱯᱚᱨᱚᱫᱷᱚᱞ ᱠᱚ ᱩᱡᱞᱮ ᱥᱤᱧ ᱛᱟᱞᱮ ᱥᱤᱧ ᱨᱚᱦᱚᱭᱟᱞᱟᱝ ᱢᱮ, ᱜᱩᱡᱩᱜᱼᱟ ᱨᱮ ᱜᱩᱨᱩᱜᱼᱟ ᱨᱮ ᱧᱩᱛᱩᱢ ᱛᱟᱦᱮᱸᱱ।
train_santalimale_04994	ᱱᱚᱝᱠᱟᱱ ᱦᱟᱞᱟᱠ ᱧᱮᱞ ᱠᱟᱛᱮ ᱥᱟᱹᱢᱩ ᱦᱟᱱᱦᱟᱨ ᱛᱮᱫᱼᱟ ᱟᱜᱼᱟ ᱢᱚᱱᱮ ᱫᱚ ᱯᱷᱮᱨᱟᱣᱮᱱ ᱛᱟᱭᱟ।
train_santalimale_03910	ᱥᱚᱢ ᱫᱚ ᱵᱟᱦᱟ ᱢᱟᱹᱸᱭ ᱴᱷᱮᱱᱮ ᱥᱚᱨ ᱧᱚᱜᱼᱟ ᱮᱱᱟ ᱟᱨ ᱠᱮᱣᱟ ᱥᱟᱵᱼᱟ ᱠᱟᱛᱮ, ᱨᱩᱠᱩ ᱧᱟᱹᱜᱼᱟ ᱠᱟᱛᱮ ᱟᱹᱰᱤ ᱢᱚᱸᱡ ᱟᱲᱟᱝ ᱛᱮᱭ ᱢᱮᱱ ᱠᱮᱫᱟ, ᱫᱩᱞᱟᱹᱲᱤᱭᱟᱹ ᱵᱟᱦᱟ, ᱪᱮᱫᱟᱜᱼᱟ ᱢᱚᱱᱮ ᱫᱚᱢ ᱠᱷᱟᱴᱚᱭᱮᱫᱟ?
train_santalimale_03204	ᱱᱚᱟ ᱠᱟᱜᱚᱡᱚᱯᱩᱛᱷᱤ ᱨᱮ ᱥᱮᱸᱜᱮᱞ ᱫᱚ ᱵᱟᱢ ᱴᱷᱤᱠ ᱞᱮᱫᱟ।
train_santalimale_00238	ᱟᱨ ᱢᱟᱱᱣᱟᱠᱚ ᱢᱟᱱᱛᱟᱨ ᱵᱤᱨᱫᱟᱹ ᱮ ᱪᱮᱫᱼᱟ ᱟᱫᱼᱟ ᱠᱚ ᱛᱟᱸᱦᱮᱸᱠᱟᱱᱟ।
train_santalimale_02250	ᱚᱱ ᱟᱹᱭᱩᱵᱼᱟ ᱦᱚᱸ ᱫᱟᱠᱟ ᱴᱩᱠᱩᱡᱼᱟ ᱠᱚ ᱦᱟᱰᱵᱟᱰ ᱮ ᱥᱟᱡᱟᱣ ᱡᱩᱛ ᱠᱟᱜᱼᱟ ᱠᱟᱱ ᱛᱟᱦᱮᱸᱱ ᱛᱟᱠ ᱜᱮ ᱟᱡᱼᱟ ᱨᱮᱱ ᱯᱩᱥᱤ ᱪᱮᱞᱟᱝ ᱥᱚᱨ ᱨᱮ ᱪᱮᱫᱼᱟ ᱪᱚᱭᱮ ᱪᱟᱴᱚᱜᱼᱟ ᱠᱟᱱ ᱧᱮᱞ ᱠᱟᱛᱮ ᱡᱚᱱᱚᱜᱼᱟ ᱛᱮ ᱫᱮᱭᱟ ᱨᱮᱭ ᱫᱟᱞ ᱠᱮᱫᱮᱭᱟ।
train_santalimale_04425	ᱚᱱᱟ ᱤᱭᱟᱹᱛᱮ ᱜᱮ ᱚᱱᱟ ᱥᱮᱥᱮᱱᱫᱨᱟ ᱨᱮ ᱢᱮᱱᱟᱭᱟ ᱚᱠᱟ ᱴᱟᱜᱼᱟ ᱛᱮ ᱫᱤᱥᱟᱹᱢ ᱦᱚᱲ ᱥᱟᱢᱟᱝ ᱨᱮ, ᱟᱛᱚ ᱜᱟᱛᱟᱠ ᱥᱚᱢᱟᱡ ᱛᱟᱞᱟ ᱨᱮ ᱢᱟᱱᱚᱛ ᱥᱟᱞᱟᱜᱼᱟ ᱴᱷᱟᱸᱣᱮ ᱧᱟᱢ।
train_santalimale_01281	ᱩᱱᱚᱠᱤᱱ ᱦᱟᱸᱥᱫᱟᱷ ᱦᱚᱲᱟᱹ: ᱧᱩᱛᱩᱢ ᱫᱚ ᱠᱟᱸᱲᱟᱹ ᱟᱨ ᱜᱩᱡᱟᱹ ᱛᱟᱸᱦᱮᱸᱠᱟᱱᱟ।
train_santalimale_03999	ᱫᱟᱜᱼᱟ ᱛᱮᱛᱟᱝ ᱟᱨ ᱫᱟᱠᱟ ᱨᱮᱸᱜᱮᱡᱼᱟ ᱠᱚ ᱠᱚᱥᱴᱚ ᱠᱟᱹᱦᱤᱥ ᱦᱟᱥᱚ ᱜᱷᱟᱹᱞ ᱡᱟᱞᱟ ᱛᱮ ᱯᱩᱨᱩᱱ ᱟᱠᱟᱱ ᱛᱟᱭᱟ।
train_santalimale_05073	ᱯᱟᱥᱮᱡᱼᱟ ᱢᱤᱫᱼᱟ ᱫᱤᱱ ᱦᱤᱞᱚᱜᱼᱟ ᱡᱟᱦᱟᱸ ᱞᱮᱠᱟ ᱧᱟᱯᱟᱢ ᱠᱟᱛᱮ ᱵᱮᱱ ᱧᱩᱛ ᱨᱩᱣᱟᱹᱲᱮᱱ ᱜᱮ ᱩᱱ ᱫᱚ ᱤᱧ ᱵᱟᱱᱟ ᱦᱚᱲ ᱥᱮᱡᱼᱟ ᱠᱷᱚᱱ ᱟᱹᱰᱤ ᱢᱟᱨᱟᱝ ᱵᱟᱤᱨᱤ ᱞᱮᱠᱟᱧ ᱚᱨᱚᱢᱚᱜᱼᱟ ᱟ।
train_santalimale_03627	ᱥᱤᱸᱜᱨᱟᱹᱭ ᱚᱲᱟᱜᱼᱟ ᱦᱚᱲ ᱫᱚ ᱫᱷᱚᱱᱟᱭ ᱠᱩᱞᱤ ᱠᱮᱫᱮᱭᱟ, ᱛᱤᱥ ᱴᱟᱢ ᱦᱮᱡᱼᱟ ᱮᱱᱟ?
train_santalimale_05213	ᱵᱮᱞᱟ ᱟᱹᱪᱩᱨ ᱵᱟᱹᱥᱤᱭᱟᱹᱢ ᱯᱟᱭᱨᱟ-ᱪᱤᱠᱟᱹᱸᱲ, ᱨᱚᱠᱚ-ᱱᱟᱹᱠᱤᱡᱼᱟ, ᱢᱮᱠᱚᱚᱯ, ᱞᱤᱯᱤᱥᱚᱴᱤᱠ ᱟᱛᱮ ᱞᱩᱜᱩᱢᱩᱱᱤ ᱫᱚ ᱟᱡᱼᱟ ᱨᱮᱱ ᱜᱟᱛᱮ ᱠᱩᱲᱤ ᱠᱚ ᱥᱟᱸᱣ ᱵᱷᱚᱴ ᱜᱤᱰᱤᱭᱮ ᱥᱮᱱ ᱮᱱᱟ।
train_santalimale_01507	ᱩᱱᱡᱚᱦᱚᱷ ᱩᱥᱟᱵ ᱥᱫᱟᱜᱚᱨ ᱨᱮᱱ ᱢᱤᱨᱩᱪᱮᱸᱲᱮᱹ ᱫᱚ ᱩᱱᱠᱩᱣᱟ: ᱠᱟᱛᱷᱟ ᱟᱧᱡᱚᱢ ᱞᱟᱹᱜᱤᱫᱼᱟ ᱛᱮ ᱩᱠᱩ ᱩᱠᱩ ᱛᱮ ᱩᱱᱠᱩ ᱴᱷᱮᱱᱮ ᱪᱟᱞᱟᱣᱞᱮᱱ ᱛᱟᱸᱦᱮᱠᱟᱱᱟ।
train_santalimale_02681	ᱱᱚᱸᱝᱠᱟ ᱜᱮ ᱵᱟᱨᱚᱥᱚᱛᱨᱚ ᱦᱤᱸᱥᱤ ᱫᱚᱭ ᱨᱚᱲ ᱤᱫᱤ ᱠᱮᱫᱟ।
train_santalimale_03410	ᱢᱤᱫᱼᱟ ᱛᱟᱞᱟᱣ ᱨᱚᱲ ᱢᱮ ᱟᱨ ᱟᱭᱢᱟ ᱫᱤᱱ ᱦᱟᱹᱵᱤᱡᱼᱟ ᱨᱚᱲ ᱢᱮ, ᱚᱠᱚᱭ ᱨᱚᱲ ᱵᱚᱠᱚᱲᱵᱚᱠᱚᱲ?
train_santalimale_03517	ᱮᱱᱛᱮᱫᱼᱟ ᱱᱚᱟ ᱫᱚ ᱱᱤᱴ ᱚᱜᱼᱟᱛᱮ ᱛᱟᱸᱦᱮᱱ ᱵᱷᱚᱨ ᱜᱮ ᱱᱩᱠᱨᱤ ᱪᱟᱹᱠᱨᱤ ᱜᱚᱰᱟ ᱨᱮ ᱱᱟᱦᱮᱞ ᱨᱟᱠᱟᱵᱼᱟ ᱟᱨ ᱤᱛᱟᱹ ᱮᱨ ᱫᱚ ᱦᱩᱭᱩᱜᱼᱟᱟ।
train_santalimale_00102	ᱥᱤᱥᱤᱨᱡᱚᱱᱤᱡᱼᱟ ᱥᱤᱨᱡᱚᱱ ᱫᱚ ᱢᱟᱜᱷ ᱵᱚᱸᱜᱟ ᱫᱚᱭ ᱥᱤᱫᱩᱵᱼᱟ ᱠᱮᱫᱮᱭᱟ ᱢᱟᱜᱷ ᱪᱟᱸᱫᱚ ᱨᱮ।
train_santalimale_04273	ᱢᱚᱱᱮ ᱨᱮᱭᱟᱜᱼᱟ ᱡᱟᱭᱚᱡᱤᱱᱚᱜᱼᱟ ᱛᱮᱭ ᱠᱟᱹᱦᱤᱞ ᱟᱠᱟᱱᱟ।
train_santalimale_05223	ᱵᱚᱞᱚ ᱥᱟᱸᱣᱛᱮ ᱥᱟᱱᱟᱢ ᱠᱚᱜᱮ ᱢᱟᱱᱚ-ᱢᱟᱱᱚᱛ ᱥᱟᱞᱟᱜᱼᱟ ᱯᱟᱨᱠᱚᱢ ᱠᱚ ᱵᱮᱞ ᱟᱫᱮᱭᱟ।
train_santalimale_00388	ᱜᱤᱫᱨᱟᱹ ᱵᱟᱜᱷᱩᱫᱼᱟ ᱜᱩᱪᱟᱣ ᱞᱟᱹᱜᱤᱫᱼᱟ ᱠᱚ ᱠᱟᱹᱢᱤᱭᱟ।
train_santalimale_03263	ᱥᱤᱥᱤᱨᱡᱟᱹᱣᱤᱡᱼᱟ ᱫᱚ ᱡᱚᱱᱚᱢᱮ ᱮᱢᱟᱫᱮᱭᱟ, ᱢᱮᱱᱠᱷᱟᱱ ᱱᱩᱥᱤᱵ ᱫᱚ ᱵᱟᱭ ᱮᱢᱟᱫᱮᱭᱟ।
train_santalimale_02777	ᱟᱹᱰᱤ ᱞᱮ ᱠᱩᱨᱩᱢᱩᱴᱩ ᱠᱮᱫᱟ, ᱢᱮᱱᱠᱷᱟᱱ ᱦᱚᱯᱚᱱ ᱢᱮ ᱢᱚᱸᱜᱚᱞ ᱫᱚ ᱵᱟᱝ ᱜᱮᱞᱮ।
train_santalimale_02288	ᱨᱩᱯᱩ ᱧᱮᱞ ᱧᱟᱢ ᱠᱟᱛᱮᱭᱮ ᱦᱚᱦᱚ ᱠᱮᱫᱟ ᱮ ᱨᱩᱯᱩ! ᱚᱬᱰᱮ ᱫᱚ ᱪᱮᱫᱼᱟ ᱮᱢ ᱪᱮᱠᱟᱭᱮᱫᱟ?
train_santalimale_03983	ᱡᱟᱦᱟᱸᱭ ᱠᱚᱠᱚ ᱧᱮᱞ ᱵᱚᱞᱚ ᱞᱮᱫᱮ, ᱚᱱᱠᱚ ᱠᱚ ᱚᱲᱟᱜᱼᱟ ᱨᱮᱱ ᱦᱚᱲ ᱫᱚ ᱵᱮᱴᱠᱟ ᱛᱟᱠᱚ ᱚᱲᱟᱹᱜᱼᱟ ᱧᱩᱦᱩᱢ ᱧᱩᱛ ᱵᱟᱝ ᱢᱟᱱᱟ ᱢᱟᱹᱱᱤ ᱠᱟᱛᱮ ᱧᱮᱞᱮ ᱞᱟᱹᱜᱤᱫᱼᱟ ᱠᱚ ᱥᱮᱱ ᱮᱱᱟ।
train_santalimale_02411	ᱥᱤᱛᱟᱹᱨᱟᱢ ᱦᱚᱸ ᱢᱩᱸᱨᱮᱭ ᱪᱤᱦᱤᱸ ᱟᱠᱟᱫᱼᱟ ᱪᱟᱥᱢᱟ ᱵᱚᱡᱼᱟ ᱠᱟᱛᱮᱭ ᱢᱮᱱ ᱠᱮᱫᱟ।
train_santalimale_02310	ᱚᱱᱠᱚ ᱢᱟ ᱛᱟᱭᱚᱢ ᱛᱮᱠᱚ ᱦᱮᱡᱼᱟ ᱟᱠᱟᱱ ᱛᱟᱦᱮᱸᱱ।
train_santalimale_04528	ᱟᱹᱠᱤᱱ ᱵᱚᱭᱦᱟ ᱛᱟᱞᱟ ᱨᱮ ᱠᱷᱟᱹᱯᱟᱹᱨᱤ ᱥᱤᱨᱡᱟᱹᱣᱮᱱ ᱛᱮ, ᱮᱴᱟᱜᱼᱟ ᱦᱚᱲ ᱨᱮᱱ ᱦᱚᱯᱚᱱ ᱮᱨᱟ ᱦᱚᱸ ᱟᱹᱰᱤ ᱠᱤᱱ ᱫᱤᱠ ᱮᱱᱟ।
train_santalimale_02072	ᱛᱤᱥ ᱠᱷᱚᱱ ᱪᱚᱝ ᱚᱬᱰᱮ ᱜᱮ ᱫᱚᱲᱚᱢ ᱟᱠᱟᱱ, ᱫᱚᱲᱚᱢ ᱟᱠᱟᱱ ᱢᱮᱱᱟᱜᱼᱟ ᱜᱮ ᱢᱟᱨᱮᱱ ᱦᱚᱲ ᱫᱚ ᱠᱚ ᱵᱟᱲᱟᱭ ᱜᱮᱭᱟ।
train_santalimale_04295	ᱟᱨᱚ-ᱟᱨ ᱦᱚᱲ ᱠᱚᱫᱚ ᱟᱡᱼᱟ ᱥᱟᱢᱟᱝ ᱨᱮ ᱯᱩᱴᱷᱤ-ᱲᱟᱹᱸᱲᱠᱟᱹᱜᱼᱟ ᱦᱟᱠᱚ ᱞᱮᱠᱟᱭ ᱵᱟᱫ ᱠᱟᱠᱚ ᱠᱟᱱ ᱛᱟᱦᱮᱸᱱᱟ।
train_santalimale_01598	ᱩᱱᱡᱚᱦᱚ: ᱩᱱᱚᱠᱤᱱ ᱴᱷᱩᱰᱩ ᱠᱚᱲᱟᱹ ᱠᱤᱱ ᱢᱮᱱᱞᱮᱫᱼᱟ ᱟ।
train_santalimale_00720	ᱢᱤᱫᱼᱟ ᱯᱩᱴᱞᱤ ᱫᱚ ᱟᱹᱛᱩ ᱢᱩᱪᱟᱫᱼᱟᱨᱮ ᱵᱚᱞᱚᱱ ᱡᱚᱦᱚᱷ ᱠᱚ ᱵᱚᱸᱜᱟᱭᱟ।
train_santalimale_01292	ᱵᱟᱱᱟᱦᱚᱲ ᱜᱮ ᱚᱱᱟ ᱠᱩᱸᱵᱟᱹ ᱵᱷᱤᱛᱨᱤ ᱵᱚᱞᱚᱠᱟᱛᱮ ᱠᱩᱲᱤᱹᱫᱼᱟ ᱜᱚᱭᱚᱡᱼᱟ ᱞᱟᱹᱜᱤᱫᱼᱟ ᱠᱤᱱ ᱛᱟᱸᱲᱟᱹ: ᱮᱱᱟ।
train_santalimale_02116	ᱨᱢᱮᱥ ᱫᱚ ᱧᱟᱨᱟᱜᱼᱟᱧᱟᱨᱟᱜᱼᱟ ᱮ ᱦᱚᱦᱚ ᱠᱮᱫᱟ।
train_santalimale_03380	ᱵᱟᱨᱯᱮ ᱫᱤᱱ ᱫᱚ ᱚᱱᱟ ᱟᱛᱚ ᱠᱚ ᱨᱮᱜᱮᱭ ᱡᱟᱯᱟᱜᱼᱟ ᱡᱮᱨᱮᱫᱼᱟ ᱵᱟᱲᱟᱹᱭᱮᱱᱟ, ᱢᱮᱱᱠᱷᱟᱱ ᱚᱠᱚᱭ ᱴᱷᱮᱱ ᱦᱚᱸ ᱪᱮᱫᱼᱟ ᱟᱥᱨᱟ ᱜᱮ ᱵᱟᱭ ᱧᱟᱢ ᱞᱮᱫᱟ।
train_santalimale_03325	ᱱᱤᱛᱚᱜᱼᱟ ᱫᱚ ᱟᱹᱰᱤ ᱟᱸᱴ ᱜᱮᱭ ᱠᱟᱥᱛᱟᱜᱼᱟ ᱠᱟᱱ ᱛᱟᱸᱦᱮᱸᱠᱟᱱᱟ, ᱢᱮᱱᱠᱷᱟᱱ ᱛᱟᱭᱱᱚᱢ ᱠᱟᱥᱛᱟᱣ ᱠᱷᱚᱱ ᱞᱟᱦᱟ ᱠᱟᱥᱛᱟᱣ ᱜᱮ ᱵᱚᱜᱮᱭᱟ।
train_santalimale_02207	ᱞᱟᱡᱼᱟ ᱫᱚ ᱵᱮᱪᱟᱨᱟ, ᱛᱤᱥ ᱨᱮᱜᱮ ᱵᱟᱝ ᱵᱤᱜᱼᱟᱛᱟᱭᱟ।
train_santalimale_04016	ᱥᱟᱱᱟᱢ ᱞᱮᱠᱟᱱ ᱞᱟᱲᱪᱟᱲ ᱛᱮ ᱱᱤᱡᱚᱨ ᱟᱨ ᱞᱟᱪᱟᱨ ᱯᱟᱨᱠᱚᱢ ᱨᱮ ᱜᱤᱛᱤᱡᱼᱟ ᱜᱟᱞᱟᱥᱟᱝ ᱟᱴᱟᱵᱼᱟ-ᱡᱟᱲᱟᱹᱵᱼᱟ।
train_santalimale_04371	ᱫᱤᱥᱟᱹᱢ ᱦᱚᱲ ᱛᱤᱨᱚᱯᱤᱛ ᱜᱮ ᱵᱟᱠᱚ ᱟᱹᱤᱠᱟᱹᱣᱟ, ᱠᱟᱛᱷᱟᱛᱮ।
train_santalimale_02219	ᱚᱠᱚᱭ, ᱵᱷᱟᱞᱟ, ᱪᱮᱫᱟᱜᱼᱟ ᱮ ᱮᱢ ᱞᱮᱜᱟ ᱠᱮᱭᱟ?
train_santalimale_03479	ᱥᱚᱱᱟ ᱨᱮᱱ ᱡᱩᱨᱤ ᱥᱤᱢᱚᱱ ᱫᱚ ᱢᱤᱫᱼᱟ ᱫᱤᱱ ᱟᱪᱠᱟ ᱜᱮ ᱥᱚᱱᱟᱭ ᱢᱮᱛᱟ ᱫᱮᱭᱟ ᱜᱟᱯᱟ ᱠᱷᱚᱱ ᱟᱢ ᱫᱚ ᱥᱟᱠᱥᱚᱨᱛᱟ ᱚᱵᱷᱤᱭᱟᱱ ᱨᱮ ᱯᱟᱲᱦᱟᱣ ᱢᱤᱫᱼᱟ ᱜᱷᱟᱹᱲᱤᱡᱼᱟ ᱪᱟᱞᱟᱜᱼᱟ ᱢᱮ, ᱥᱚᱱᱟᱣᱟᱜᱼᱟ ᱢᱚᱱᱮ ᱟᱹᱰᱤ ᱠᱩᱥᱤ ᱭᱮᱱ ᱛᱟᱭᱟ।
train_santalimale_05109	ᱠᱟᱛᱷᱟ ᱢᱟ ᱚᱠᱟ ᱨᱮᱧ ᱮᱛᱚᱢ ᱚᱴᱚᱠᱟᱜᱼᱟ ᱟᱨ ᱪᱮᱫᱼᱟ ᱤᱧ ᱦᱩᱫᱤᱥᱮᱫᱟ?
train_santalimale_05265	ᱮᱱᱛᱮ ᱤᱥᱤᱱ ᱥᱟᱹᱛ ᱯᱟᱹᱩᱨᱟᱹᱭ ᱯᱮᱲᱟ ᱦᱮᱡᱼᱟ ᱵᱚᱞᱚ ᱛᱮᱱ ᱵᱟᱭ ᱫᱚ ᱵᱟᱵᱚᱱ ᱠᱷᱚᱡᱚᱜᱼᱟ ᱟ।
train_santalimale_03556	ᱛᱚᱵᱮ ᱠᱷᱟᱱ ᱜᱟᱯᱟ ᱥᱮᱛᱟᱜᱼᱟ ᱜᱮ ᱱᱚᱟ ᱠᱟᱛᱷᱟ ᱫᱚ ᱫᱷᱚᱱᱟᱧ ᱢᱮᱛᱟᱭᱟ ᱥᱤᱸᱜᱨᱟᱹᱭ ᱫᱚ ᱮᱨᱟᱛ ᱛᱮᱫᱼᱟ ᱮ ᱢᱮᱛᱟ ᱫᱮᱭᱟ।
train_santalimale_03392	ᱚᱱᱠᱟ ᱜᱮ, ᱯᱟᱥᱮᱡᱼᱟ ᱯᱟᱹᱠᱞᱩ ᱦᱚᱸ ᱫᱷᱟᱹᱨᱛᱤ ᱜᱚᱣᱟᱜᱼᱟ ᱦᱚᱵᱚᱨ ᱨᱮᱭ ᱡᱟᱹᱯᱤᱫᱼᱟ ᱡᱤᱨᱟᱹᱩ ᱞᱮᱱ ᱠᱷᱟᱱ ᱩᱱᱤᱭ ᱥᱟᱡᱟᱣᱮᱭᱟ।
train_santalimale_01634	ᱮᱱᱠᱷᱟᱱ ᱩᱱᱤ ᱜᱤᱫᱨᱟᱹ ᱮ ᱢᱮᱱᱠᱮᱫᱼᱟ ᱟ ᱤᱧ ᱨᱮᱱ ᱫᱟᱫᱟ ᱛᱮᱠᱚ ᱫᱚ ᱤᱧ ᱨᱮᱱ ᱢᱤᱥᱮᱨᱟ ᱠᱚ ᱛᱩᱧ ᱜᱚᱭᱚᱡᱼᱟ ᱦᱚᱪᱚ ᱣᱟᱠᱟᱫᱼᱟ ᱫᱤᱧᱟ।
train_santalimale_03785	ᱚᱱᱟ ᱛᱮ ᱟᱵᱚ ᱡᱚᱛᱚ ᱜᱮ ᱯᱟᱲᱦᱟᱣ ᱟᱪᱚ ᱨᱮᱭᱟᱜᱼᱟ ᱟᱹᱰᱤ ᱜᱮᱧ ᱠᱩᱨᱩᱢᱩᱴᱩ ᱞᱮᱫᱟ, ᱢᱮᱱᱠᱷᱟᱱ ᱟᱹᱰᱤ ᱦᱟᱢᱟᱞ ᱯᱮ ᱟᱹᱤᱠᱟᱹᱩ ᱠᱮᱫᱟ।
train_santalimale_04010	ᱦᱟᱥᱚ ᱫᱚᱨᱚᱫ ᱡᱟᱞᱟ ᱢᱮᱸᱫᱼᱟ ᱠᱤᱱ ᱨᱮ ᱡᱟᱹᱯᱤᱫᱼᱟ ᱫᱚ ᱵᱟᱹᱱᱩᱜᱼᱟ ᱛᱟᱭᱟ।
train_santalimale_05079	ᱯᱮᱲᱟ ᱚᱲᱟᱜᱼᱟ ᱠᱷᱚᱱ ᱨᱩᱣᱟᱹᱲ ᱠᱟᱛᱮ ᱟᱪᱠᱟ ᱜᱮ ᱥᱟᱹᱢᱩ ᱫᱚᱧ ᱫᱤᱥᱟᱹ ᱜᱚᱫᱼᱟ ᱠᱮᱫᱮᱭᱟ।
train_santalimale_04483	ᱨᱟᱸᱜᱟᱣ ᱥᱟᱛᱟᱞᱟᱜᱼᱟ ᱱᱚᱟ ᱠᱟᱛᱷᱟᱭᱮ ᱢᱮᱱ ᱠᱮᱫᱟ - ᱦᱮᱱᱫᱟ ᱭᱟ ᱟᱢ ᱫᱚ ᱤᱧ ᱵᱟᱝ ᱵᱟᱰᱟᱭ ᱚᱪᱚ ᱠᱟᱛᱮᱱ ᱚᱠᱚ ᱠᱚᱢᱵᱲᱚ ᱠᱟᱛᱮ ᱦᱚᱲᱚ ᱪᱟᱣᱞᱮ ᱮᱢ ᱟᱹᱠᱚᱨᱤᱧᱮᱫᱟ।
train_santalimale_02556	ᱱᱚᱟ ᱠᱟᱛᱷᱟ ᱪᱟᱸᱣ ᱢᱟᱨᱛᱮ ᱯᱟᱥᱱᱟᱣᱮᱱᱟ।
train_santalimale_05170	ᱡᱟᱝᱜᱟ ᱤᱰᱤ ᱜᱤᱛᱤᱞ ᱛᱮ ᱤᱱᱟᱹ ᱠᱷᱟᱱ ᱵᱟᱠᱚ ᱞᱮᱵᱮᱫᱼᱟ ᱫᱷᱟᱥᱟᱣ ᱢᱮᱭᱟ।
train_santalimale_03087	ᱢᱤᱫᱼᱟ ᱫᱤᱱ ᱫᱚ ᱫᱟᱠᱟ ᱛᱩᱞᱩᱡᱼᱟ ᱵᱤᱥ ᱠᱤᱱ ᱮᱢᱟ ᱫᱮᱛᱮ ᱢᱩᱠᱩᱱᱫ ᱫᱚᱭ ᱡᱟᱹᱯᱤᱫᱼᱟ ᱛᱷᱤᱨ ᱠᱮᱫᱟ।
train_santalimale_04543	ᱮᱱᱛᱮ ᱵᱟᱨ ᱵᱚᱭᱦᱟ ᱛᱟᱞᱟ ᱨᱮ ᱡᱟᱦᱟᱸ ᱦᱤᱥᱟᱹ ᱦᱟᱹᱴᱤᱧ ᱦᱚᱭ ᱟᱠᱟᱱ ᱚᱱᱟ ᱫᱚ ᱟᱹᱰᱤ ᱰᱷᱮᱨᱚ-ᱰᱷᱮᱨ ᱜᱮ ᱦᱚᱭ ᱟᱠᱟᱱᱟ।
train_santalimale_00522	ᱦᱟᱸᱰᱤ ᱪᱚᱰᱚᱨ ᱠᱟᱛᱮ ᱢᱟᱸᱡᱷᱤ ᱢᱚᱲᱮᱹ ᱦᱚᱲ ᱢᱤᱢᱤᱫᱼᱟ ᱯᱷᱩᱰᱩ: ᱠᱚ, ᱧᱩᱭᱟ ᱟᱨ ᱜᱚᱰ ᱡᱚᱦᱟᱨ, ᱵᱟᱦᱩ ᱡᱟᱸᱣᱟᱭ ᱢᱟᱡᱷᱤ ᱢᱟᱲᱮ ᱦᱚᱲ।
train_santalimale_02388	ᱥᱮᱛᱚᱝ ᱴᱚᱞᱟ ᱫᱚ ᱵᱚᱵᱞᱩ ᱣᱟᱜᱼᱟ ᱡᱟᱱᱟᱢ ᱡᱟᱭᱜᱟ ᱠᱟᱱᱟ।
train_santalimale_02217	ᱨᱢᱮᱥ ᱫᱚ ᱡᱮᱞ ᱠᱩᱴᱤᱦᱟᱠᱚ ᱠᱩᱴᱤ ᱢᱮᱸᱫᱼᱟ ᱛᱮ ᱜᱮᱭ ᱧᱮᱞᱟᱱ ᱜᱮ।
train_santalimale_04234	ᱠᱚᱭᱚᱜᱼᱟ ᱞᱮᱫᱟᱭ ᱜᱚᱴᱟ ᱫᱩᱱᱤᱭᱟᱹ ᱧᱩᱛ ᱜᱮᱭ ᱧᱮᱞ ᱞᱮᱫᱟ।
train_santalimale_01731	ᱯᱟᱱᱛᱮ ᱧᱟᱢ ᱠᱮᱫᱼᱟ ᱠᱤᱱᱟᱭ ᱢᱤᱫᱼᱟᱴᱟᱝ ᱵᱟᱹᱫ ᱨᱮ ᱵᱤᱧ ᱠᱟᱛᱮᱠᱤᱱ ᱞᱮᱭᱚᱧ ᱵᱟᱲᱟᱹᱭ ᱠᱟᱱᱟ।
train_santalimale_01581	ᱴᱩᱰᱟᱝ ᱯᱟᱨᱚᱢᱚᱷ ᱡᱚᱦᱚ: ᱚᱱᱟ ᱵᱟᱸᱫᱚ ᱱᱟᱹᱲᱤ ᱠᱷᱚᱱ ᱫᱚ ᱦᱩᱡᱟᱲ ᱦᱟᱹᱫᱩᱲ ᱧᱩᱨ ᱮᱱᱟ ᱠᱤᱱ, ᱵᱟᱱ ᱜᱟᱲᱟᱹ ᱫᱟ: ᱨᱮ।
train_santalimale_01344	ᱠᱟᱛᱷᱟᱭ ᱢᱮᱱᱟᱠᱚ ᱥᱮᱫᱟᱭ ᱦᱟᱸᱥᱫᱟ: ᱦᱚᱲᱠᱚ ᱫᱚ ᱠᱩᱴᱟᱹᱢᱚᱯᱩᱨᱤ ᱜᱟᱲᱨᱮ ᱠᱚ ᱛᱟᱸᱦᱮᱸᱠᱟᱱ ᱛᱟᱸᱦᱮᱸᱠᱟᱱᱟ।
train_santalimale_04869	ᱢᱚᱱᱮ ᱨᱮ ᱵᱷᱟᱵᱱᱟ ᱠᱟᱹᱦᱤᱸᱥ ᱫᱚ ᱩᱱᱤ ᱦᱚᱸᱭ ᱟᱴᱠᱟᱨ ᱠᱮᱫᱼᱟ ᱜᱮᱭᱟ।
train_santalimale_04656	ᱟᱠᱚ ᱚᱲᱟᱜᱼᱟ ᱨᱮᱱ ᱟᱨ ᱯᱮᱲᱟᱹ ᱠᱚ ᱦᱚᱸ ᱱᱚᱟ ᱧᱩᱛᱩᱢ ᱛᱮᱜᱮ ᱠᱚ ᱦᱚᱦᱚᱣᱟᱭ ᱠᱟᱱ ᱛᱟᱦᱮᱸᱱᱟ।
train_santalimale_02909	ᱤᱧ ᱫᱚ ᱱᱤᱡᱷᱟᱹᱨ ᱧᱮᱧᱮᱞ ᱨᱮᱜᱮ ᱧᱟᱯᱟᱢᱚᱜᱼᱟ ᱮ ᱢᱮᱛᱟ ᱣᱟᱫᱮᱧᱟ।
train_santalimale_05224	ᱫᱩᱰᱩᱵᱼᱟ ᱮᱱᱟᱭ ᱠᱩᱯᱩᱞᱤ ᱮᱱᱟᱭ ᱥᱟᱱᱟᱢ ᱠᱚ ᱥᱚᱛᱮᱡᱼᱟ।
train_santalimale_04435	ᱨᱚᱜᱷᱩ ᱯᱟᱨᱜᱟᱱᱟᱣᱟᱜᱼᱟ ᱜᱤᱨᱟᱹ ᱞᱮᱠᱟᱛᱮ ᱟᱛᱚ ᱯᱮᱲᱟᱹ ᱟᱨ ᱢᱩᱞ ᱯᱮᱲᱟᱹ ᱢᱟ ᱦᱮᱸ ᱜᱮ।
train_santalimale_04630	ᱚᱱᱟ ᱤᱭᱟᱹᱛᱮ ᱡᱚᱢ ᱧᱩ ᱠᱟᱛᱮ ᱨᱟᱹᱥᱠᱟᱹ ᱨᱮ ᱢᱮᱱᱟᱜᱼᱟ ᱠᱚᱟ।
train_santalimale_00470	ᱡᱚᱦᱟᱨ ᱟᱹᱯᱩᱧ ᱠᱚ, ᱛᱚᱵᱮᱠᱷᱟᱱ ᱠᱩᱞᱤᱜᱚᱫᱼᱟ ᱯᱮᱭᱟ ᱞᱮ, ᱛᱤᱱᱚᱫᱷᱩᱨ ᱡᱟᱝᱜᱟ ᱫᱚᱯᱮ ᱵᱟᱲᱦᱟᱣ ᱟᱠᱟᱫᱼᱟ ᱛᱚᱵᱚᱱᱟ।
train_santalimale_01995	ᱟᱫᱚ, ᱥᱩᱱᱟᱹᱭ ᱢᱮᱛᱟᱭ ᱠᱟᱱᱟ ᱦᱮᱱᱫᱟ ᱦᱚ, ᱟᱫᱚ, ᱚᱠᱟᱨᱮ ᱵᱚᱱ ᱢᱚᱠᱚᱧ ᱞᱮᱱᱟ?
train_santalimale_04088	ᱫᱷᱟᱹᱨᱛᱤ ᱨᱮᱭᱟᱜᱼᱟ ᱟᱹᱪᱩᱨ ᱪᱟᱠᱷᱟ ᱥᱟᱸᱣᱛᱮ ᱢᱚᱱᱮ ᱟᱣᱤᱞ ᱫᱩᱯᱩᱞᱟᱹᱲ ᱨᱮᱭᱟᱜᱼᱟ ᱪᱟᱠᱷᱟ ᱫᱚ ᱟᱹᱪᱩᱨ ᱯᱟᱨᱚᱢ ᱞᱮᱱ।
train_santalimale_01792	ᱢᱤᱫᱼᱟᱫᱤᱱ ᱨᱟᱡ ᱵᱟᱰᱜᱮ ᱨᱮ ᱨᱟᱱᱤ ᱫᱚ ᱮᱠᱞᱟᱜᱮ ᱫᱟᱸᱲᱟᱹ ᱵᱟᱰᱟᱭ ᱠᱟᱱ ᱛᱟᱸᱦᱮᱸᱠᱟᱱᱟ।
train_santalimale_05275	ᱱᱤᱭᱟᱹ ᱫᱚᱥᱟᱨ ᱧᱟᱯᱟᱢ ᱧᱮᱯᱮᱞ ᱨᱮ ᱞᱩᱜᱩᱢᱩᱱᱤ ᱟᱡᱼᱟ ᱜᱚ-ᱵᱟᱵᱟ ᱴᱷᱮᱱ ᱱᱚᱟ ᱠᱟᱛᱷᱟ ᱦᱟᱹᱢᱵᱩᱫᱼᱟ ᱯᱚᱴᱚᱢ ᱦᱟᱯᱮ ᱜᱮ ᱛᱟᱦᱮᱸᱭᱮᱱᱟ ᱟᱨ ᱱᱚᱟ ᱫᱚ ᱵᱟᱠᱤᱱ ᱦᱩᱫᱤᱥ ᱡᱚᱝ ᱠᱟᱱᱟ, ᱱᱟᱥᱮ ᱦᱚᱸ।
train_santalimale_04686	ᱮᱱᱛᱮ ᱟᱹᱞᱤᱧ ᱛᱟᱞᱟ ᱨᱮ ᱢᱤᱫᱼᱟ ᱧᱮᱯᱮᱞ ᱜᱮ ᱦᱚᱭ ᱞᱮᱱᱟ।
train_santalimale_04794	ᱱᱚᱟ ᱨᱚᱲ ᱥᱟᱸᱣᱛᱮ ᱟᱡᱼᱟ ᱫᱤᱫᱤ ᱣᱟᱜᱼᱟ ᱢᱚᱱᱮ ᱫᱚ ᱥᱟᱹᱵᱟᱹᱥᱤ ᱟᱥ ᱟᱨ ᱵᱷᱚᱨᱥᱟ ᱛᱮ ᱯᱮᱨᱮᱡᱼᱟ ᱮᱱ ᱛᱟᱭᱟ ᱟᱨᱮ ᱞᱟᱱᱫᱟ ᱜᱚᱫᱼᱟ ᱠᱮᱫᱟ।
train_santalimale_03190	ᱪᱤᱴᱷᱤ ᱨᱮᱱᱟᱜᱼᱟ ᱛᱮᱞᱟ ᱫᱚ ᱩᱥᱟᱹᱨᱟ ᱛᱮ ᱠᱚᱞ ᱢᱮ, ᱠᱚᱭᱚᱜᱼᱟ ᱦᱚᱨ ᱨᱮ ᱜᱮ ᱢᱤᱱᱟᱹᱧᱟ।
train_santalimale_05075	ᱢᱮᱱᱠᱷᱟᱱ ᱫᱤᱥᱟᱹ ᱫᱚᱦᱚᱭ ᱢᱟᱵᱚᱱ ᱪᱮᱠᱟ ᱵᱟᱯᱞᱟ ᱫᱚ ᱥᱟᱸᱣᱛᱟ ᱨᱮ ᱠᱷᱮᱞᱚᱰ ᱮᱱᱮᱡᱼᱟ ᱥᱩᱢᱩᱝ ᱥᱮ ᱦᱟᱹᱥᱚ-ᱨᱟᱹᱥᱠᱟᱹ ᱟᱥ ᱢᱮᱴᱟᱣ ᱥᱟᱫ ᱢᱟᱨᱟᱣ ᱥᱩᱢᱩᱝ ᱟᱨ ᱡᱩᱨᱤ-ᱯᱟᱹᱨᱤ ᱛᱟᱦᱮᱸᱱ ᱫᱚ ᱥᱩᱠ ᱡᱤᱭᱚᱱ ᱨᱮᱜᱮ ᱫᱩᱠ ᱨᱮᱫᱚ ᱵᱟᱝ!
train_santalimale_03270	ᱜᱟᱛᱮ ᱠᱩᱲᱤ ᱦᱚᱸ ᱠᱚ ᱢᱮᱛᱟᱭ ᱠᱟᱱ ᱛᱟᱸᱦᱮᱸᱠᱟᱱᱟ, ᱵᱷᱟᱜᱮ ᱱᱟ ᱠᱚᱞᱮᱡ ᱠᱚᱲᱟᱭ ᱠᱩᱥᱤᱭᱟᱢ ᱠᱟᱱᱟ, ᱵᱷᱟᱹᱜᱟᱱ ᱦᱚᱲ ᱜᱮ ᱱᱚᱝᱠᱟᱱᱠᱚ ᱫᱚ ᱠᱚ ᱧᱟᱢᱮᱫᱼᱟ ᱠᱚᱟ।
train_santalimale_03280	ᱩᱱᱚᱠᱩ ᱦᱚᱸ ᱩᱱᱤ ᱫᱚᱢᱟᱣ ᱵᱟᱲᱟᱹ ᱠᱟᱛᱮ ᱤᱥᱚᱠᱩᱞ ᱪᱟᱞᱟᱜᱼᱟ ᱦᱚᱸ ᱠᱚ ᱵᱚᱱᱫ ᱠᱮᱫᱮᱭᱟ, ᱢᱮᱱᱮᱜᱼᱟ ᱵᱟᱨᱭᱟ ᱢᱚᱱᱮ ᱫᱩᱞᱟᱹᱲᱱᱟᱹᱲᱤ ᱛᱮ ᱟᱹᱰᱤ ᱟᱸᱴ ᱵᱟᱜᱼᱟᱵᱷᱮᱸᱠᱚᱲ ᱟᱠᱟᱱ ᱫᱚ ᱚᱠᱚᱭ ᱜᱮ ᱵᱟᱠᱚ ᱵᱩᱡ ᱞᱮᱫᱟ।
train_santalimale_01644	ᱢᱤᱫᱼᱟᱫᱤᱱ ᱢᱤᱫᱼᱟᱴᱩᱰᱩ ᱠᱚᱲᱟᱹ ᱫᱚ ᱛᱤᱨᱭᱚ ᱵᱮᱱᱟᱣ ᱞᱟᱹᱜᱤᱫᱼᱟ ᱛᱮ ᱚᱱᱟ ᱢᱟᱫᱼᱟ ᱫᱟᱨᱮ ᱢᱟ: ᱟᱹᱜᱩ ᱠᱮᱫᱼᱟ ᱟᱭ।
train_santalimale_03174	ᱨᱚᱸᱡᱚᱱ ᱫᱚ ᱫᱩᱠ ᱟᱲᱟᱝ ᱛᱮᱭ ᱢᱮᱱ ᱠᱮᱫᱟ ᱫᱤᱯᱚᱠ ᱫᱟ, ᱤᱧ ᱫᱚ ᱟᱢ ᱱᱮᱣᱛᱟ ᱞᱟᱹᱜᱤᱫᱼᱟ ᱤᱧ ᱦᱮᱡᱼᱟ ᱞᱮᱱᱟ।
train_santalimale_04938	ᱠᱩᱣᱟᱹᱴᱚᱨ ᱨᱮᱢᱟ ᱵᱟᱵᱟ ᱦᱚᱲ ᱢᱟ ᱵᱟᱨ ᱦᱚᱲ ᱜᱮᱠᱤᱱ, ᱢᱤᱫᱼᱟ ᱢᱟ ᱦᱚᱧᱦᱟᱨ ᱢᱮ ᱫᱚᱥᱟᱨ ᱢᱟ ᱵᱟᱦᱚᱧᱦᱟᱨ ᱢᱮ।
train_santalimale_04086	ᱟᱹᱠᱤᱱ ᱨᱮᱱ ᱵᱟᱹᱱᱩᱜᱼᱟ ᱠᱚᱛᱮ ᱜᱚᱲᱚᱢ ᱜᱤᱫᱨᱟᱹ ᱠᱚ ᱞᱟᱹᱜᱤᱫᱼᱟ ᱟᱹᱰᱤ ᱥᱟᱫ ᱟᱨ ᱦᱟᱹᱥᱚ-ᱨᱟᱹᱥᱠᱟᱹ ᱛᱟᱹᱠᱤᱱ।
train_santalimale_02512	ᱤᱥᱚᱠᱩᱞ ᱫᱚᱭ ᱪᱟᱹᱞᱟᱜᱼᱟ ᱜᱮᱭᱟ, ᱢᱮᱱᱠᱷᱟᱱ, ᱚᱱᱠᱟ ᱜᱮ ᱡᱮ ᱞᱮᱠᱟ ᱜᱤᱫᱨᱟᱹ ᱟᱛᱨᱩᱧ ᱠᱟᱛᱮ ᱡᱚᱬᱰᱨᱟ ᱫᱟᱠᱟ ᱠᱚ ᱡᱚᱢ ᱥᱮ ᱜᱷᱩᱥᱡᱚᱢ ᱦᱮᱣᱟ ᱥᱚᱨᱠᱟᱨᱤ ᱠᱚᱨᱚᱢᱪᱟᱹᱨᱤ ᱵᱮᱜᱚᱨ ᱩᱯᱨᱤ ᱟᱢᱫᱟᱹᱱᱤ ᱨᱮᱭᱟᱜᱼᱟ ᱯᱷᱟᱤᱞ ᱠᱚ ᱚᱴᱟᱜ।
train_santalimale_04819	ᱦᱚᱲ ᱦᱚᱲᱢᱚ ᱟᱨ ᱵᱚᱭᱮᱥ ᱛᱮᱦᱚᱸ ᱫᱟᱲᱟᱸ ᱵᱟᱲᱟᱭᱮ ᱥᱟᱡᱟᱣᱮᱱᱟ।
train_santalimale_04079	ᱵᱟᱱᱟ ᱦᱚᱲ ᱛᱟᱸᱦᱮᱸᱱ ᱨᱮᱫᱚ ᱵᱤᱨᱥᱟᱹ ᱛᱟᱠᱚ ᱣᱟᱜᱼᱟ ᱦᱮᱡᱼᱟ-ᱥᱮᱱ ᱵᱟᱵᱮᱨ ᱞᱮᱠᱟ ᱛᱤᱡᱼᱟ ᱜᱮ ᱛᱟᱸᱦᱮᱸᱱ ᱠᱟᱱ ᱛᱟᱸᱦᱮᱸᱱᱟ।
train_santalimale_01688	ᱮᱱᱠᱷᱟᱱ ᱩᱱᱤ ᱜᱤᱫᱨᱟᱹ ᱫᱚ ᱠᱤᱥᱠᱩ ᱨᱟᱡᱜᱮ ᱦᱟᱨᱟ ᱵᱩᱨᱩ ᱠᱮᱫᱮᱭᱟ ᱟᱨ ᱮ ᱦᱟᱛᱟᱣ ᱠᱮᱫᱮᱭᱟ ᱟᱨ ᱩᱱᱤ ᱧᱟᱢ ᱜᱤᱫᱨᱟᱹ ᱫᱚ ᱢᱟᱫᱷᱩ ᱥᱤᱸᱦ ᱮ ᱧᱩᱛᱩᱢ ᱞᱮᱫᱮ ᱛᱟᱸᱦᱮᱸᱠᱟᱱᱟ।
train_santalimale_03069	ᱢᱤᱫᱼᱟ ᱢᱟᱹᱦᱱᱟᱹ ᱠᱷᱚᱱ ᱚᱠᱟ ᱨᱮᱜᱮ ᱚᱠᱚᱭ ᱦᱚᱸ ᱠᱟᱹᱢᱤ ᱵᱟᱠᱚ ᱞᱟᱜᱟᱣ ᱞᱤᱫᱤᱧ ᱟᱨ ᱢᱮᱱᱠᱷᱟᱱ ᱚᱜᱼᱟᱛᱮ ᱨᱮ ᱚᱠᱚᱭᱤᱧ ᱠᱚᱭ ᱠᱚᱟ ᱵᱮᱜᱚᱨ ᱠᱟᱹᱢᱤ ᱛᱮᱫᱚ।
train_santalimale_03405	ᱥᱤᱢᱚᱞ ᱫᱚ ᱥᱚᱱᱟ ᱛᱮᱠᱚ ᱴᱷᱮᱡᱼᱟ ᱜᱮ ᱯᱮᱲᱟᱹᱜᱼᱟ ᱮ ᱦᱮᱡᱼᱟ ᱮᱱᱟ।
train_santalimale_02397	ᱩᱯᱟᱹᱥᱟᱛᱤᱨᱟᱹᱥᱟᱠᱤᱱ ᱟᱹᱠᱤᱞ ᱚᱪᱚ ᱠᱮᱫᱮ ᱜᱮᱭᱟ।
train_santalimale_00001	ᱥᱟᱱᱛᱟᱲ ᱦᱚᱲ ᱫᱚ, ᱵᱷᱟᱨᱚᱛ ᱫᱤᱥᱚᱢ ᱨᱮᱱ ᱟᱹᱫ ᱵᱩᱱᱤᱭᱚᱫ ᱦᱚᱲ ᱠᱟᱱᱟ ᱵᱚᱱ।
train_santalimale_03996	ᱢᱮᱱᱠᱷᱟᱱ ᱵᱩᱡ ᱫᱚ ᱠᱷᱟᱹᱴᱤ ᱜᱮ ᱵᱩᱡᱩᱜᱼᱟ ᱠᱟᱱᱟ ᱢᱟᱭᱟᱢ ᱛᱮ ᱠᱷᱟᱲᱚ-ᱠᱷᱚᱲ ᱨᱚᱦᱚᱲ ᱟᱠᱟᱱ ᱵᱟᱱᱫᱮ ᱠᱤᱪᱚᱨᱤᱡᱼᱟ।
train_santalimale_04253	ᱟᱡᱼᱟ ᱴᱮᱴᱣᱟᱥ ᱛᱮᱭ ᱛᱟᱦᱮᱸᱱᱟ, ᱢᱮᱱᱠᱷᱟᱱ ᱫᱩᱞᱟᱹᱲᱤᱭᱟᱹ ᱛᱟᱭ ᱥᱮᱫᱟᱭ ᱜᱟᱛᱮ ᱫᱚ ᱴᱮᱴᱣᱟᱥ ᱛᱮ ᱵᱟᱝ ᱮ ᱪᱷᱟᱴᱯᱟᱴᱟᱣ ᱚᱪᱚᱣᱟᱭᱟ।
train_santalimale_00475	ᱠᱟᱛᱷᱟ ᱟᱠᱟᱫᱼᱟ ᱵᱟᱨᱛᱟ ᱟᱠᱟᱫᱼᱟ, ᱱᱮᱰᱟ ᱟᱠᱟᱫᱼᱟ, ᱜᱤᱨᱟ ᱟᱠᱟᱫᱼᱟ।
train_santalimale_03904	ᱥᱤᱧ ᱵᱚᱸᱜᱟ ᱫᱚ ᱵᱚᱦᱚᱜᱼᱟ ᱪᱮᱛᱟᱱ ᱨᱮᱭ ᱛᱟᱸᱦᱮᱸᱠᱟᱱᱟ।
train_santalimale_03297	ᱫᱤᱱ ᱫᱚ ᱢᱟᱹᱦᱱᱟᱹ ᱨᱮ ᱟᱨ ᱢᱟᱹᱦᱱᱟᱹ ᱫᱚ ᱵᱚᱪᱷᱚᱨ ᱨᱮ ᱯᱟᱨᱚᱢ ᱤᱫᱤᱭᱮᱱᱟ।
train_santalimale_04133	ᱛᱟᱠ ᱞᱮᱠᱟᱭᱮ ᱠᱚᱭᱚᱜᱼᱟ ᱠᱮᱫᱼᱟ ᱢᱤᱫᱼᱟᱴᱮᱱ ᱡᱟᱴᱟ ᱥᱟᱹᱫᱷᱩᱭᱮ ᱧᱮᱞ ᱠᱮᱫᱮᱭᱟ।
train_santalimale_03383	ᱵᱮᱪᱟᱨᱟ ᱯᱟᱹᱠᱞᱩ ᱫᱚ ᱟᱨ ᱦᱚᱸ ᱚᱱᱛᱮ ᱜᱮᱭ ᱥᱮᱱ ᱤᱫᱤᱭᱮᱱᱟ, ᱚᱠᱟ ᱨᱮ ᱛᱟᱸᱦᱮᱸᱱ ᱡᱚᱠᱷᱟᱱ ᱟᱭᱟᱜᱼᱟ ᱠᱩᱠᱷᱤ ᱨᱮ ᱵᱟᱹᱲᱤᱡᱼᱟ ᱤᱛᱟᱹ ᱯᱟᱲᱟᱹᱣ ᱞᱮᱱᱟ।
train_santalimale_04263	ᱦᱚᱨᱚᱜᱼᱟ ᱦᱚᱲ ᱜᱮ ᱛᱷᱚᱨ ᱵᱟᱹᱱᱩᱜᱼᱟ ᱠᱚ।
train_santalimale_03593	ᱱᱤᱛᱚᱜᱼᱟ ᱫᱚ ᱠᱚᱲᱟᱹ ᱢᱟᱭ ᱯᱟᱲᱦᱟᱣ ᱵᱷᱟᱜᱟᱣᱮᱱ ᱛᱟᱞᱟᱝ।
train_santalimale_02185	ᱮᱫᱨᱮ ᱥᱩᱨ ᱟᱠᱟᱱ ᱥᱤᱸᱜᱨᱟᱹᱤ ᱫᱚ ᱢᱤᱫᱼᱟ ᱜᱷᱟᱹᱲᱤ ᱛᱮ ᱧᱤᱨ ᱥᱮᱱ ᱠᱟᱛᱮ ᱡᱚᱛᱮ ᱵᱟᱵᱮᱨ ᱛᱮ ᱩᱱᱤ ᱪᱟᱨᱱᱟᱣᱮᱭ ᱮᱦᱚᱵᱼᱟ ᱮᱱᱟ।
train_santalimale_00846	ᱩᱱᱠᱩ ᱵᱚᱸᱜᱟ ᱫᱮᱣᱟ ᱥᱮᱣᱟ ᱞᱟᱹᱜᱤᱫᱼᱟ ᱛᱮ ᱢᱤᱫᱼᱟᱴᱟᱝ ᱫᱤᱦᱨᱤ ᱥᱮ ᱞᱟᱭᱟᱠᱚ ᱥᱟᱵᱼᱟ ᱞᱮᱫᱮ ᱛᱟᱸᱦᱮᱸᱠᱟᱱᱟ।
train_santalimale_05087	ᱵᱚᱞᱚᱜᱚᱫᱼᱟ ᱥᱟᱸᱣᱛᱮ ᱥᱟᱹᱢᱩ ᱫᱚ ᱚᱲᱟᱜᱼᱟ ᱨᱮ ᱵᱟᱹᱧ ᱟᱴᱠᱟᱨ ᱞᱮᱫᱮᱭᱟ।
train_santalimale_01845	ᱵᱤᱨ ᱵᱩᱨᱩ ᱢᱟ: ᱯᱷᱟᱨᱪᱟ ᱡᱚᱦᱚ: ᱢᱟᱨᱟᱝ ᱵᱩᱨᱩ ᱫᱚ ᱵᱟᱹᱜᱷᱭᱟ ᱵᱚᱸᱜᱟ ᱮ ᱥᱟᱵᱞᱮᱫᱼᱟ ᱠᱚ ᱛᱟᱸᱦᱸᱠᱟᱱᱟ।
train_santalimale_05126	ᱯᱟᱲᱦᱟᱣ ᱟᱠᱟᱫᱟᱭ ᱮᱱ ᱨᱮᱦᱚᱸ ᱥᱛᱤ-ᱚᱱᱩᱥᱩᱤᱭᱟ ᱟᱨ ᱥᱟᱣᱤᱛᱨᱤᱭᱟᱜᱼᱟ ᱠᱟᱹᱦᱱᱤ ᱫᱚᱭ ᱦᱤᱲᱤᱧ ᱟᱠᱟᱫᱟ।
train_santalimale_04775	ᱢᱮᱱᱮᱫᱼᱟ ᱵᱷᱩᱛᱟᱹᱲ ᱟᱨ ᱤᱧᱟᱜᱼᱟ।
train_santalimale_02092	ᱵᱷᱟᱬᱰᱟᱱ, ᱯᱚᱨᱚᱵᱯᱚᱨᱵᱟᱥ ᱠᱚᱨᱮ ᱠᱟᱹᱢᱤᱭ ᱥᱟᱢᱵᱲᱟᱹᱣ ᱠᱮᱫᱟ, ᱱᱚᱟ ᱫᱚ ᱥᱟᱹᱢᱟᱹᱱᱤ ᱠᱟᱛᱷᱟ ᱠᱟᱱᱟ?
train_santalimale_03302	ᱜᱟᱛᱮ ᱠᱚ ᱥᱟᱸᱣ ᱛᱮ ᱯᱟᱹᱩᱨᱟᱹ ᱥᱟᱞ ᱦᱤᱨᱤᱭ ᱮᱦᱚᱵᱼᱟ ᱮᱱᱟ।
train_santalimale_03847	ᱚᱱᱟ ᱫᱚ ᱥᱟᱞᱜᱟ ᱵᱩᱨᱩ ᱠᱚ ᱢᱮᱛᱟᱜᱼᱟᱟ।
train_santalimale_04689	ᱥᱤᱥᱤᱨᱡᱟᱹᱣᱤᱡᱼᱟ ᱫᱚ ᱚᱠᱚᱭ ᱥᱚᱛᱮᱡᱼᱟ ᱦᱚᱸ ᱵᱟᱭ ᱟᱯᱟᱫᱼᱟ ᱟ।
train_santalimale_05060	ᱛᱷᱚᱲᱟᱹ ᱫᱤᱱ ᱵᱟᱫ ᱠᱟᱛᱷᱟ ᱟᱩᱡᱚᱢᱮᱱᱟ ᱵᱟᱝᱢᱟ, ᱡᱟᱣᱟᱸᱭ ᱫᱚ ᱨᱟᱱ ᱵᱮᱥ ᱚᱪᱚ ᱠᱮᱫᱮᱭᱟᱞᱮ ᱟᱨ ᱵᱤᱱᱟᱹ ᱞᱟᱹᱤ ᱛᱮᱭ ᱫᱟᱹᱲ ᱠᱮᱫᱟ।
train_santalimale_04922	ᱢᱤᱫᱼᱟ ᱵᱟᱨ ᱜᱟᱱᱫᱟᱨᱚ-ᱜᱩᱱᱫᱩᱨ ᱟᱲᱟᱝ ᱜᱮ ᱞᱩᱛᱩᱨ ᱨᱮ ᱛᱟᱨᱠᱚᱣᱟᱫᱮᱭᱟ।
train_santalimale_01546	ᱢᱤᱫᱼᱟᱫᱤᱱ ᱯᱤᱞᱪᱩ ᱦᱟᱲᱟᱹᱢ ᱯᱤᱞᱪᱩ ᱵᱩᱲᱦᱤ ᱦᱚᱯᱚᱱ ᱮᱨᱟ ᱦᱤᱥᱤ ᱫᱚ, ᱚᱲᱟᱹ: ᱨᱮ, ᱢᱩᱨᱩᱢ ᱮᱸᱜᱟ ᱪᱟᱥᱵᱟᱥ ᱡᱚᱢ ᱨᱮᱭᱟᱷ ᱠᱟᱛᱷᱟᱭ ᱞᱟᱹᱤ ᱟᱫᱼᱟᱠᱚᱣᱟ।
train_santalimale_03766	ᱫᱟᱢᱟᱱ ᱨᱮᱦᱮᱫᱼᱟ ᱵᱚᱱ ᱵᱟᱰᱟᱭ ᱠᱟᱜᱼᱟ ᱠᱷᱟᱱ ᱢᱚᱠᱟᱡᱚᱠᱷᱟ ᱨᱮ ᱵᱚᱱ ᱨᱟᱱ ᱫᱟᱲᱮᱹᱭᱟᱠᱚᱟ।
train_santalimale_00559	ᱰᱟᱸᱜᱣᱟ ᱠᱚᱲᱟᱹ ᱥᱮ ᱰᱟᱸᱜᱣᱟ ᱠᱩᱲᱤ ᱪᱮᱫᱟ ᱠᱚ ᱛᱤᱛᱨᱤ ᱠᱚᱣᱟ।
train_santalimale_04906	ᱦᱟᱱᱟ ᱥᱟ ᱱᱚᱟ ᱥᱟ ᱠᱚᱭᱚᱜᱼᱟ ᱧᱟᱯᱟᱢ ᱯᱟᱹᱪᱨᱤ ᱟᱹᱰᱤ ᱩᱥᱩᱞᱮᱱᱟ।
train_santalimale_04139	ᱩᱱᱤ ᱥᱟᱹᱫᱷᱩ ᱫᱚ ᱵᱟᱹᱵᱟᱹᱭ ᱥᱚᱛᱮᱡᱼᱟ ᱪᱮᱫᱼᱟ ᱨᱚᱨᱚᱲ ᱪᱚᱭ ᱢᱮᱱᱮᱫᱼᱟ ᱠᱟᱱ ᱛᱟᱦᱮᱸ, ᱢᱮᱱᱠᱷᱟᱱ ᱪᱮᱫᱟᱜᱼᱟ ᱪᱮᱫᱼᱟ ᱤᱭᱟᱹᱛᱮ ᱪᱚ ᱟᱞᱟᱝ ᱵᱟᱝ ᱩᱞᱴᱟᱹᱩ ᱞᱮᱱ ᱛᱟᱭ ᱚᱦᱚ ᱢᱮᱱ ᱠᱮ!
train_santalimale_03497	ᱱᱮᱛᱟᱨ ᱫᱚ ᱥᱮᱫᱟᱭ ᱞᱮᱠᱟ ᱦᱟᱴᱵᱟᱴ ᱨᱮ ᱥᱮᱱ ᱠᱟᱛᱮ ᱦᱚᱸ ᱵᱟᱭ ᱮᱲᱮ ᱚᱪᱚᱜᱼᱟ ᱠᱟᱱᱟ, ᱛᱤᱱᱟᱹᱜᱼᱟ ᱠᱚ ᱞᱟᱹᱭ ᱟᱭᱟ ᱟᱡᱼᱟ ᱛᱮ ᱚᱞ ᱯᱟᱲᱦᱟᱣ ᱠᱟᱛᱮ ᱮ ᱡᱩᱲᱟᱹᱣᱟ ᱟᱨ ᱵᱷᱟᱵᱱᱟ ᱫᱚ ᱰᱷᱮᱨ ᱠᱷᱚᱱ ᱫᱚ ᱠᱚᱢ ᱧᱚᱜᱼᱟ ᱮᱱ ᱛᱟᱭᱟ।
train_santalimale_00449	ᱩᱱᱠᱩ ᱠᱩᱲᱤ ᱜᱤᱫᱨᱟᱹ ᱫᱚ ᱛᱤᱛᱨᱤ ᱦᱚᱸᱠᱚ ᱢᱮᱛᱟ: ᱠᱚᱣᱟ।
train_santalimale_03035	ᱫᱟᱭᱟ ᱜᱮ ᱟᱹᱰᱤ ᱟᱭᱢᱟ ᱦᱚᱲᱦᱚᱯᱚᱱ ᱦᱟᱱᱛᱮᱱᱦᱟᱛᱮ ᱠᱚ ᱫᱟᱹᱲᱟᱹ ᱠᱮᱫᱟ ᱟᱨ ᱡᱟᱸᱦᱟᱸ ᱠᱚ ᱨᱮᱜᱮ ᱠᱚ ᱜᱤᱨᱟᱹᱣᱟᱹᱥᱤ ᱭᱮᱱᱟ।
train_santalimale_04801	ᱵᱤᱥᱤ ᱫᱤᱱ ᱫᱚ ᱵᱟᱹᱱᱩᱜᱼᱟ ᱟ ᱟᱨ ᱢᱤᱫᱼᱟ ᱥᱮᱨᱢᱟ ᱜᱮᱛᱚ।
train_santalimale_02915	ᱟᱵᱮᱱ ᱫᱚ ᱱᱚᱟ ᱠᱟᱛᱷᱟ ᱵᱟᱰᱟᱭ ᱠᱟᱛᱮ ᱟᱹᱰᱤ ᱟᱥᱠᱮᱫᱼᱟ ᱵᱮᱱ ᱟᱹᱤᱠᱟᱹᱣᱟ।
train_santalimale_03408	ᱩᱱᱤ ᱫᱚ ᱛᱷᱟᱢᱟᱠᱩᱨᱮ ᱨᱟᱴᱟᱣ ᱜᱩᱬᱲᱟᱹ ᱵᱟᱲᱟᱭᱮᱫᱟ।
train_santalimale_04404	ᱚᱱᱟ ᱤᱭᱟᱹᱛᱮ ᱡᱟᱦᱟᱸᱢ ᱠᱟᱹᱢᱤ ᱚᱠᱟ ᱚᱠᱛᱮ ᱨᱮᱭ ᱠᱷᱚᱡᱚᱜᱚᱜᱼᱟ ᱟ ᱚᱱᱟ ᱫᱚ ᱤᱱᱟᱹ ᱚᱠᱛᱮ ᱨᱮᱜᱮ ᱢᱚᱱ ᱞᱟᱜᱟᱣ ᱠᱟᱛᱮ ᱨᱟᱹᱥᱠᱟᱹ ᱥᱟᱞᱟᱜᱼᱟ ᱠᱟᱹᱢᱤ ᱤᱫᱤᱭ ᱢᱮ।
train_santalimale_03038	ᱮᱠᱟᱞ ᱛᱮ ᱯᱟᱹᱨᱤᱯᱟᱹᱨᱤ ᱛᱮ ᱞᱟᱦᱟ ᱛᱟᱭᱚᱢ ᱜᱚᱜᱚᱵᱟᱵᱟ ᱵᱟᱱᱟ ᱦᱚᱲ ᱠᱤᱱ ᱴᱩᱣᱟᱹᱨ ᱚᱴᱚ ᱠᱟᱫᱮᱭᱟ ᱵᱟᱞᱮ ᱜᱤᱫᱨᱟᱹ ᱢᱩᱠᱩᱱᱫ ᱫᱚ।
train_santalimale_02595	ᱟᱨ ᱦᱚᱸ ᱠᱚ ᱢᱮᱱᱟ ᱮᱠᱮᱱ ᱦᱟᱹᱸᱰᱤ ᱨᱟᱥᱟ ᱛᱮᱜᱮ ᱵᱟᱝ ᱵᱩᱵᱩᱞᱟ, ᱵᱮᱨᱪᱚᱝ ᱫᱩᱞᱟᱹᱲ ᱨᱟᱥᱟ ᱛᱮᱦᱚᱸ ᱵᱩᱵᱩᱞ ᱜᱮᱭᱟ।
train_santalimale_04281	ᱤᱧ ᱫᱚ ᱤᱧᱟᱹᱜᱼᱟ ᱥᱚᱱᱟ ᱵᱟᱨᱟᱜ ᱠᱚᱞᱮᱡ ᱡᱤᱭᱚᱱ ᱤᱧ ᱵᱟᱹᱤᱨᱤ ᱠᱟᱫᱼᱟ ᱛᱤᱧᱟᱹ।
train_santalimale_02367	ᱯᱤᱯᱚᱨᱤᱭᱟᱹ ᱟᱨ ᱥᱮᱛᱚᱝ ᱴᱚᱞᱟ, ᱟᱛᱚ ᱥᱤᱢᱟᱹᱱᱟ ᱫᱚ ᱨᱚᱯᱚᱜᱼᱟ ᱢᱤᱫᱼᱟ ᱜᱮᱭᱟ।
train_santalimale_02854	ᱤᱧ ᱚᱡᱮ ᱛᱮ ᱟᱞᱮ ᱟᱛᱚᱚᱲᱟᱹᱜᱼᱟ ᱨᱮᱭᱟᱜᱼᱟ ᱢᱟᱱᱢᱟᱱᱚᱛ ᱪᱟᱵᱟᱜᱼᱟᱟ।
train_santalimale_03761	ᱨᱟᱹᱢᱩ, ᱨᱟᱹᱜᱷᱩ ᱟᱨ ᱨᱟᱹᱢᱠᱟᱹ ᱵᱷᱚᱜᱼᱟᱛᱟ ᱦᱟᱲᱟᱹᱢ ᱟᱠᱚ ᱨᱮᱱ ᱡᱟᱱᱟᱢ ᱵᱟᱵᱟ ᱴᱷᱮᱱ ᱠᱚ ᱫᱩᱰᱩᱵᱼᱟ ᱮᱱᱟ ᱟᱨ ᱨᱟᱹᱜᱷᱩ ᱫᱚ ᱢᱚᱱᱮ ᱨᱮᱭᱟᱜᱼᱟ ᱠᱟᱛᱷᱟ ᱥᱮ ᱟᱠᱚ ᱵᱚᱭᱦᱟ ᱡᱚᱛᱚ ᱜᱚᱴᱟ ᱞᱮᱫᱼᱟ ᱠᱚ, ᱞᱟᱹᱭᱮ ᱮᱦᱚᱵᱼᱟ ᱮᱱᱟ।
train_santalimale_03682	ᱡᱚᱛᱚ ᱜᱮ ᱟᱹᱰᱤ ᱨᱟᱹᱥᱠᱟᱹ ᱠᱚ ᱟᱹᱤᱠᱟᱹᱩ ᱠᱮᱫᱟ ᱟᱨ ᱟᱹᱰᱤ ᱠᱚ ᱥᱟᱨᱦᱟᱣ ᱠᱮᱫᱮᱧᱟ।
train_santalimale_01652	ᱤᱧ ᱨᱮᱱ ᱫᱟᱫᱟ ᱛᱮ ᱠᱚ ᱤᱧᱠᱚ ᱛᱩᱧ ᱜᱚᱡᱼᱟ ᱠᱟᱛᱮ ᱠᱚ ᱡᱚᱢ ᱟᱠᱟᱫᱼᱟ ᱫᱤᱧᱟ, ᱤᱧ ᱫᱚ ᱦᱩᱰᱤᱧ ᱩᱛᱟᱨᱤᱡᱼᱟ ᱦᱮᱢᱚᱵᱨᱚᱢ ᱵᱚᱭᱦᱟ ᱨᱮᱱ ᱡᱚᱢ ᱥᱟᱨᱮᱡᱼᱟ ᱦᱮᱢᱚᱵᱨᱚᱢ ᱠᱩᱲᱤ ᱠᱟᱱᱟᱧ।
train_santalimale_03552	ᱩᱱᱤ ᱜᱮ ᱠᱚᱞ ᱠᱟᱛᱮᱫᱼᱟ ᱯᱷᱚᱱ ᱛᱮ ᱠᱟᱛᱷᱟ ᱞᱟᱝ ᱠᱩᱞᱤ ᱮᱴᱮᱡᱼᱟ ᱚᱪᱚ ᱭᱮᱭᱟ।
train_santalimale_01953	ᱚᱱᱟ ᱠᱚ ᱥᱚᱣᱫᱟ ᱠᱤᱨᱤᱧ ᱛᱟᱭᱚᱢ ᱯᱟᱭᱥᱟ ᱫᱚ ᱤᱨᱟᱹᱞ ᱴᱟᱠᱟ ᱛᱟᱞᱟ ᱜᱟᱱ ᱜᱮ ᱥᱟᱨᱮᱡᱼᱟ ᱞᱮᱱᱟ।
train_santalimale_04312	ᱪᱮᱠᱟ ᱚᱱᱟ ᱥᱚᱨᱮᱥ ᱫᱟᱢᱟᱱ ᱥᱚᱱᱟ ᱚᱞᱚᱜᱼᱟ ᱡᱤᱭᱚᱱ ᱫᱷᱩᱨᱤᱭᱟᱹ ᱨᱩᱣᱟᱹᱲᱟ!
train_santalimale_01712	ᱩᱱᱚᱠᱤᱱ ᱜᱤᱫᱨᱟᱹ ᱨᱮᱱ ᱢᱟᱹᱢᱤᱫᱼᱟ ᱛᱮᱫ ᱫᱚ ᱚᱲᱟᱹ: ᱠᱚ ᱜᱮᱭᱚᱡᱼᱟ ᱜᱩᱨᱤᱪ ᱠᱟᱹᱢᱤ ᱨᱮᱭ ᱥᱟᱵᱼᱟ ᱟᱠᱟᱱᱟ।
train_santalimale_05037	ᱚᱱᱟ ᱠᱷᱚᱱ ᱵᱷᱟᱜᱮ ᱩᱯᱟᱹᱥ ᱛᱮ ᱛᱟᱦᱮᱸᱱ ᱟᱨ ᱵᱤᱱᱟᱹ ᱨᱟᱱ ᱨᱮᱦᱮᱫᱚᱜᱼᱟ ᱛᱮ ᱜᱚᱡᱚᱜᱼᱟ ᱜᱮ ᱵᱷᱟᱜᱮᱭᱮ ᱢᱮᱱᱟᱫᱟ।
train_santalimale_02862	ᱵᱮᱨᱪᱚᱝ ᱢᱤᱫᱼᱟ ᱴᱮᱱ ᱦᱩᱰᱤᱧ ᱢᱟᱪᱷᱟ ᱢᱚᱴᱨᱟᱭᱮ ᱧᱮᱞ ᱧᱟᱢ ᱠᱮᱫᱟ।
train_santalimale_00192	ᱠᱟᱨᱟᱢ ᱜᱚᱸᱥᱟᱭ ᱵᱚᱸᱜᱟ ᱢᱟᱲᱟᱹᱝ ᱦᱤᱞᱚ: ᱥᱮᱛᱟ: ᱫᱚ, ᱟᱹᱛᱩ ᱨᱮᱱ ᱠᱚᱲᱟᱹ ᱠᱩᱲᱤ ᱜᱤᱫᱨᱟᱹ ᱠᱚ ᱫᱚ, ᱟᱹᱛᱩ ᱟᱠᱷᱲᱟᱹ ᱠᱚ ᱥᱟᱯᱷᱟᱭᱟ, ᱜᱮᱡᱼᱟ ᱜᱩᱨᱤᱡᱟ।
train_santalimale_05212	ᱟᱯᱱᱟᱨᱚ-ᱟᱯᱱᱟᱨ ᱵᱷᱚᱴ ᱜᱤᱰᱤ ᱠᱟᱛᱮ ᱱᱟᱯᱟᱭ ᱠᱚ ᱨᱩᱣᱟᱹᱲ ᱡᱚᱝ ᱠᱟᱱᱟ।
train_santalimale_02927	ᱮᱱᱠᱟ ᱛᱮᱜᱮ ᱱᱚᱟ ᱫᱷᱟᱹᱨᱛᱤ ᱫᱚᱢ ᱵᱟᱹᱜᱤᱭᱟᱜᱼᱟᱟ।
train_santalimale_04930	ᱩᱱ ᱫᱤᱱ ᱚᱠᱚᱨ ᱱᱚᱝᱠᱟᱱ ᱜᱷᱚᱴᱚᱱᱟ ᱫᱚ ᱵᱟᱹᱧ ᱟᱧᱡᱚᱢ ᱵᱟᱲᱟᱹᱣᱟᱠᱟᱫᱟ।
train_santalimale_04408	ᱢᱚᱪᱟ ᱯᱮᱨᱮᱡᱼᱟ ᱰᱟᱴᱟ, ᱛᱟᱲᱟᱹᱢ ᱥᱮᱲᱟ ᱠᱟᱴᱟ ᱡᱩᱣᱟᱹᱱ ᱠᱚᱲᱟ ᱪᱮᱫᱼᱟ ᱮ ᱢᱮᱛᱟᱭᱟ?
train_santalimale_04271	ᱠᱩᱜᱼᱟᱞᱤ ᱞᱟᱹᱜᱤᱫᱼᱟ ᱮ ᱞᱟᱦᱟ ᱞᱮᱱ ᱜᱮᱭᱟ ᱟᱲᱟᱝ ᱜᱮ ᱦᱟᱹᱯᱤᱫᱼᱟ ᱮᱱ ᱛᱟᱭᱟ।
train_santalimale_04142	ᱱᱚᱟ ᱠᱟᱛᱷᱟ ᱟᱧᱡᱚᱢ ᱠᱟᱛᱮ ᱢᱤᱫᱼᱟ ᱜᱷᱟᱹᱲᱤ ᱞᱟᱹᱜᱤᱫᱼᱟ ᱢᱚᱱᱮ ᱨᱮ ᱟᱹᱰᱤ ᱨᱟᱹᱥᱠᱟᱹᱭᱮ ᱟᱹᱤᱠᱟᱹᱩ ᱠᱮᱫᱟ।
train_santalimale_01371	ᱩᱱᱤ ᱥᱚᱨᱮᱱ ᱠᱩᱲᱤ ᱫᱚ ᱜᱤᱫᱨᱟᱹ ᱯᱤᱫᱨᱟᱹᱣᱟᱛᱮ ᱟᱭᱚᱡᱼᱟ ᱟᱭᱚ ᱵᱟᱵᱟ ᱚᱲᱟᱹᱷ ᱨᱮᱜᱮ ᱵᱩᱥᱩᱵᱼᱟ ᱜᱤᱰᱤ ᱮ ᱛᱟᱸᱦᱮᱸᱠᱟᱱᱟ।
train_santalimale_00263	ᱟᱨ ᱚᱱᱟᱠᱚ ᱜᱮ ᱯᱤᱲᱦᱤ ᱪᱮᱛᱟᱱ ᱯᱤᱲᱦᱤ ᱢᱟᱱᱟᱣ ᱵᱟᱛᱟᱣ ᱦᱤᱡᱩᱷ ᱠᱟᱱᱟ ᱥᱟᱱᱛᱟᱲ ᱥᱟᱸᱣᱛᱟᱨᱮ।
train_santalimale_04266	ᱫᱷᱟᱹᱨᱛᱤ ᱨᱮᱭᱟᱜᱼᱟ ᱱᱤᱨᱚᱱ ᱥᱮᱛᱚᱝ, ᱞᱚᱞᱚ ᱦᱚᱭ ᱛᱮ ᱢᱚᱱᱮ ᱥᱮᱸᱜᱮᱞ ᱟᱨ ᱜᱮᱭ ᱥᱟᱸᱨᱜᱟᱣᱮᱫᱼᱟ ᱠᱟᱱ ᱛᱟᱭᱟ।
train_santalimale_04252	ᱡᱟᱹᱱᱤᱡᱼᱟ ᱟᱡᱼᱟ ᱨᱮᱱ ᱜᱟᱛᱮ ᱫᱩᱞᱟᱹᱲᱤᱭᱟᱹ ᱛᱮᱭ ᱞᱚᱨᱟᱣ ᱟᱠᱟᱱ ᱟᱨ ᱚᱱᱟ ᱴᱮᱴᱣᱟᱥ ᱢᱟᱨᱟᱣ ᱛᱟᱭ ᱞᱟᱹᱜᱤᱫᱼᱟ ᱛᱮᱜᱮ ᱱᱚᱟ ᱫᱚ।
train_santalimale_03833	ᱛᱚᱵᱮ ᱫᱟᱫᱟ ᱵᱟᱯᱮ ᱵᱟᱛᱟᱣᱟ ᱡᱤᱣᱟᱹᱫᱮᱜᱮᱭᱟᱯᱮ ᱦᱟᱹᱯᱟᱹᱭ ᱛᱚᱵᱮ ᱫᱟᱨᱮ ᱨᱮ ᱫᱮᱡᱼᱟ ᱟᱪᱚ ᱣᱟᱹᱧ ᱯᱮ ᱛᱚᱵᱮ ᱡᱤᱣᱟᱹᱫᱮᱯᱮ।
train_santalimale_04287	ᱢᱤᱴᱤᱠ ᱮ ᱯᱟᱥ ᱠᱮᱫᱼᱟ ᱛᱟᱭᱚᱢ ᱵᱟᱹᱵᱟᱹᱭ ᱟᱜᱼᱟ ᱢᱚᱱᱮ ᱫᱚ ᱟᱹᱰᱤ ᱜᱮ ᱨᱟᱣᱟᱞ ᱪᱟᱹᱢᱯᱩᱨ ᱮᱱ ᱛᱟᱭᱟ।
train_santalimale_04292	ᱢᱤᱴᱤᱠ ᱵᱟᱹᱧ ᱯᱟᱥ ᱞᱮᱠᱷᱟᱱ ᱦᱚᱲ ᱟᱹᱰᱤ ᱠᱚ ᱨᱚᱲᱟ ᱱᱟᱦᱟᱸᱜᱼᱟ, ᱟᱹᱰᱤ ᱠᱚ ᱫᱩᱥᱟᱹᱩ ᱤᱧᱟᱹ।
train_santalimale_02840	ᱩᱱᱤ ᱫᱚ ᱮᱸᱜᱟᱟᱯᱟ ᱨᱮᱱ ᱥᱟᱫᱷᱮᱨ ᱦᱚᱯᱚᱱ ᱡᱷᱮᱸᱴ ᱵᱮᱴᱟ।
train_santalimale_03930	ᱢᱮᱭᱴᱨᱤᱠ ᱯᱟᱥ ᱛᱟᱭᱚᱢ ᱥᱚᱢ ᱫᱚ ᱠᱚᱞᱮᱡ ᱨᱮ ᱧᱩᱛᱩᱢᱮ ᱚᱞ ᱚᱪᱚ ᱠᱮᱫᱼᱟ ᱛᱟᱭᱟ ᱟᱨ ᱠᱩᱨᱩᱢᱩᱴᱩ ᱛᱮ ᱯᱟᱲᱦᱟᱜᱼᱟ ᱮ ᱮᱦᱚᱵᱼᱟ ᱮᱱᱟ।
train_santalimale_04502	ᱥᱟᱱᱟᱢ ᱦᱚᱲ ᱠᱚ ᱠᱚᱭᱚᱜᱼᱟ ᱜᱚᱫᱼᱟ ᱠᱮᱫᱟ।
train_santalimale_01395	ᱚᱱᱟᱛᱮ ᱦᱩᱰᱤᱧ ᱩᱛᱟᱹᱨᱤᱡᱼᱟ ᱢᱤᱥᱮᱨᱟᱜᱮ ᱟᱹᱰᱤ ᱜᱮ ᱫᱩᱞᱟᱹᱲᱮᱹ ᱠᱟᱱ ᱛᱟᱸᱦᱮᱸᱠᱟᱱᱟᱠᱚ।
train_santalimale_03891	ᱥᱚᱨᱚ-ᱥᱚᱨ ᱚᱲᱟᱜᱼᱟ ᱨᱮᱱ ᱢᱤᱫᱼᱟ ᱛᱮᱜᱮ ᱯᱟᱲᱦᱟᱜᱼᱟ ᱠᱤᱱ ᱪᱟᱞᱟᱣ ᱚᱪᱚᱟ।
train_santalimale_05001	ᱡᱤᱣᱤ ᱦᱚᱲᱢᱚ ᱨᱮ ᱪᱮᱫᱼᱟ ᱩᱯᱡᱟᱹᱱᱚᱜᱼᱟ ᱪᱮᱫᱼᱟ ᱟᱥᱯᱷᱮᱨᱟᱜᱼᱟ, ᱚᱦᱚ ᱢᱮᱱ ᱠᱮ?
train_santalimale_04015	ᱟᱹᱰᱤ ᱜᱚᱴᱮᱱ ᱠᱟᱛᱷᱟ ᱞᱟᱹᱤ ᱟᱭ ᱮ ᱢᱮᱱ ᱮᱫᱟ, ᱚᱱᱟ ᱦᱚᱸ ᱵᱟᱝ ᱡᱚᱨ ᱫᱟᱲᱮᱹᱭᱟᱜᱼᱟ ᱠᱟᱱᱟ।
train_santalimale_01799	ᱢᱤᱫᱼᱟᱜᱷᱟᱲᱤ ᱛᱟᱭᱚᱢ ᱨᱟᱡᱟ ᱮ ᱢᱮᱱᱠᱮᱫᱼᱟ ᱟ, ᱦᱮᱸ ᱥᱟᱱᱟᱢ ᱵᱟᱦᱟ ᱨᱮᱱᱟ: ᱧᱩᱛᱩᱢ ᱤᱧ ᱞᱟᱹᱤ ᱫᱟᱲᱮᱹᱭᱟ: ᱟ।
train_santalimale_04181	ᱱᱚᱟ ᱠᱚ ᱠᱟᱛᱷᱟ ᱟᱧᱡᱚᱢ ᱥᱟᱸᱣ ᱛᱮ ᱵᱟᱹᱵᱟᱹᱭᱟᱜᱼᱟ ᱢᱚᱱᱮ ᱫᱚ ᱠᱟᱹᱸᱪ ᱞᱮᱠᱟ ᱪᱷᱟᱨᱚ-ᱪᱷᱩᱨ ᱨᱟᱹᱯᱩᱫᱼᱟ ᱮᱱ ᱛᱟᱭᱟ।
train_santalimale_02905	ᱟᱫᱚ ᱚᱱᱠᱟ ᱫᱚ ᱪᱮᱫᱼᱟ ᱞᱮᱠᱟᱧ ᱤᱫᱤ ᱢᱮᱭᱟ?
train_santalimale_03657	ᱱᱚᱟ ᱤᱭᱟᱹᱛᱮᱜᱮ ᱢᱮᱱ ᱡᱚᱝ ᱫᱚ ᱡᱮ ᱥᱮᱫᱟᱭ ᱠᱷᱚᱱ ᱢᱟᱨᱮ ᱦᱟᱯᱲᱟᱹᱢ ᱠᱚ ᱚᱠᱟ ᱢᱚᱸᱡ ᱦᱚᱨ ᱠᱚ ᱞᱮᱵᱮᱫᱼᱟ ᱞᱟᱹᱰᱩᱨ ᱟᱠᱟᱫᱼᱟ ᱚᱱᱟ ᱦᱚᱨ ᱛᱮ ᱜᱮ ᱵᱚᱱ ᱛᱟᱲᱟᱹᱢ ᱤᱫᱤᱭᱟ।
train_santalimale_02864	ᱦᱚᱲᱢᱚᱸ ᱢᱟᱭᱟᱝ ᱥᱤᱨ ᱠᱚᱨᱮ ᱧᱤᱨ ᱵᱟᱲᱟᱹᱭ ᱠᱟᱱ ᱞᱮᱠᱟᱭ ᱟᱹᱤᱠᱟᱹᱩ ᱠᱮᱫᱟ।
train_santalimale_03312	ᱱᱚᱟ ᱥᱚᱢᱟᱡ ᱜᱮ ᱟᱨ ᱦᱚᱸ ᱩᱱᱟᱹᱜᱼᱟ ᱫᱚᱭ ᱟᱣᱟᱴᱟᱯᱟ ᱠᱟᱫᱮᱭᱟ।
train_santalimale_03798	ᱟᱹᱰᱤ ᱧᱩᱸᱛ ᱠᱟᱲᱟᱝᱚ-ᱠᱩᱪᱩᱝ ᱵᱤᱨ ᱜᱟᱡᱟᱲ ᱛᱟᱞᱟ ᱨᱮ ᱥᱤᱧ ᱦᱚᱸ ᱠᱚ ᱪᱟᱞᱟᱣ ᱤᱫᱤᱜᱼᱟ ᱠᱟᱱᱟ।
train_santalimale_00847	ᱩᱱᱠᱩ ᱜᱮ ᱥᱮᱸᱫᱨᱟ ᱦᱚᱲ ᱫᱤᱥᱣᱟᱹ ᱟᱨ ᱞᱟᱭᱟ, ᱫᱤᱦᱨᱤ ᱭᱟᱛᱮ ᱥᱮᱸᱫᱨᱟ ᱨᱮᱱᱟ: ᱢᱤᱫᱼᱟᱴᱟᱝ ᱥᱤᱨᱚᱥᱛᱟ ᱠᱚ ᱛᱚᱞᱞᱮᱫᱼᱟ ᱛᱟᱸᱦᱮᱸᱠᱟᱱᱟ।
train_santalimale_04913	ᱚᱠᱟ ᱦᱤᱞᱚᱜᱼᱟ ᱪᱚ ᱚᱴᱟᱝ ᱟᱸᱜᱮᱱᱚᱜᱼᱟ ᱚᱠᱚᱭ ᱞᱟᱹᱤ ᱠᱮ?
train_santalimale_02245	ᱠᱚᱞᱯᱱᱟ ᱫᱚᱵᱟᱹᱴᱤᱭᱟᱹ ᱥᱮᱡᱼᱟ ᱰᱟᱠᱛᱟᱨ ᱴᱷᱮᱱ ᱩᱫᱩᱜᱮᱭᱟ ᱢᱮᱱᱛᱮ।
train_santalimale_03511	ᱟᱪᱠᱟ ᱜᱮ ᱥᱤᱸᱜᱨᱟᱹᱭ ᱫᱚ ᱥᱚᱢᱟᱭ ᱮ ᱠᱩᱞᱤ ᱜᱚᱫᱼᱟ ᱠᱮᱫᱮᱭᱟ ᱥᱚᱢᱟᱭ ᱟᱢ ᱨᱮᱱ ᱠᱚᱲᱟᱹ ᱵᱷᱚᱜᱚᱱ ᱫᱚ ᱛᱤᱱᱟᱹᱜᱼᱟ ᱜᱟᱱ ᱮ ᱯᱟᱲᱦᱟᱣ ᱮᱱ ᱛᱟᱢᱟ?
train_santalimale_04042	ᱢᱮᱱᱠᱷᱟᱱ ᱪᱮᱫᱟᱜᱼᱟ, ᱪᱮᱫᱼᱟ ᱤᱭᱟᱹᱛᱮ ᱱᱩᱱᱟᱹᱜᱼᱟ ᱛᱤ ᱟᱣᱜᱟᱨ ᱠᱤᱱ ᱦᱚᱲᱟᱜᱼᱟ ᱜᱷᱟᱨᱚᱧᱡ ᱨᱮ ᱪᱟᱸᱫᱚ ᱵᱚᱸᱜᱟ ᱣᱟᱜᱼᱟ ᱛᱤ ᱵᱟᱝ ᱟᱣᱜᱟᱨ ᱞᱮᱱ ᱚᱦᱚ ᱞᱟᱹᱤ ᱠᱮ।
train_santalimale_01388	ᱢᱤᱫᱼᱟᱜᱷᱟᱲᱤ ᱛᱟᱭᱚᱢ ᱠᱷᱟᱱ ᱜᱮ ᱩᱱᱚᱠᱤᱱ ᱥᱚᱨᱮᱱ ᱜᱤᱫᱚᱨᱣᱟ ᱴᱚᱨᱚᱰᱟᱝ ᱨᱮ ᱩᱱᱤ ᱥᱚᱞᱮᱦᱟᱠᱩ ᱫᱚᱭ ᱫᱟᱹᱲ ᱥᱟᱸᱵᱟᱣ ᱮᱱᱟ ᱢᱤᱫᱼᱟ ᱴᱚᱨᱚᱰᱟᱝ।
train_santalimale_05008	ᱢᱤᱫᱼᱟ ᱵᱟᱨ ᱨᱟᱱᱚ-ᱵᱩᱲᱤ ᱡᱚᱢ ᱵᱟᱲᱟᱹ ᱠᱟᱛᱮ ᱦᱚᱸ ᱨᱩᱣᱟᱹ ᱫᱚ ᱵᱟᱝ ᱛᱷᱤᱨ ᱞᱮᱱᱟ।
train_santalimale_03254	ᱯᱟᱹᱠᱞᱩᱭ ᱲᱟᱹᱱ ᱜᱮ ᱠᱟᱛᱷᱟ ᱫᱚ ᱜᱚᱴᱟ ᱟᱛᱚ ᱯᱟᱥᱱᱟᱣ ᱜᱚᱫᱼᱟ ᱮᱱᱟ।
train_santalimale_03810	ᱯᱮᱱᱮ ᱠᱚ ᱢᱤᱫᱼᱟ ᱪᱷᱚᱴ ᱛᱮ ᱠᱚ ᱢᱮᱱ ᱠᱮᱫᱟ, ᱦᱮ ᱫᱷᱚᱨᱚᱢ ᱵᱟᱵᱟ, ᱡᱟᱹᱨᱩᱲ ᱞᱮ ᱢᱟᱱᱟᱣ ᱛᱟᱭᱟ।
train_santalimale_04553	ᱢᱟᱱᱟ ᱠᱟᱛᱷᱟ ᱫᱚ ᱱᱟᱥᱮ ᱵᱟᱝᱮ ᱵᱟᱹᱥᱩᱛᱟᱜᱼᱟ ᱛᱟᱭᱟ।
train_santalimale_02832	ᱚᱠᱟ ᱦᱚᱨ ᱛᱮᱭ ᱢᱚᱦᱚᱬᱰᱟᱣᱟᱠᱟᱱᱟ ᱚᱱᱟᱫᱚ ᱵᱟᱭ ᱵᱩᱡ ᱧᱟᱢ ᱟᱠᱟᱫᱟ।
train_santalimale_01560	ᱜᱤᱫᱨᱟᱹ ᱫᱚ ᱥᱟᱹᱞ ᱜᱟᱰᱭᱟ ᱨᱮ ᱦᱟᱠᱩ ᱠᱟᱴᱠᱚᱢ ᱮ ᱜᱚᱭᱚᱡᱼᱟ ᱮᱫᱼᱟᱠᱚ ᱛᱟᱸᱦᱮᱸᱠᱟᱱᱟ।
train_santalimale_04832	ᱩᱱᱟᱹᱜᱼᱟ ᱢᱟᱭᱟ ᱛᱟᱭ ᱤᱧ ᱪᱮᱛᱟᱱ ᱨᱮ।
train_santalimale_04808	ᱢᱮᱱᱠᱷᱟᱱ ᱱᱤᱭᱟᱹ ᱫᱚᱢ ᱫᱚ ᱟᱹᱰᱤ ᱜᱮ ᱟᱹᱰᱤ ᱛᱮᱫᱼᱟ ᱡᱩᱫᱟᱹ ᱮ ᱧᱮᱞ ᱠᱮᱫᱮᱭᱟ।
train_santalimale_01593	ᱩᱱᱚᱠᱤᱱ ᱠᱚᱲᱟᱹ ᱫᱚ ᱵᱮᱥᱨᱟᱠᱚ ᱚᱲᱟᱹ: ᱨᱮᱜᱮᱠᱤᱱ ᱛᱟᱸᱦᱮᱸᱭᱮᱱᱟ।
train_santalimale_04897	ᱵᱟᱦ ᱨᱮ ᱪᱟᱸᱫᱚ! ᱞᱟᱸᱥᱟᱲᱦᱮᱫᱼᱟ ᱜᱮᱛᱟᱢᱟ ᱟᱢᱟᱜᱼᱟ ᱞᱤᱞᱟᱹ ᱟᱨ ᱠᱷᱮᱞᱟ ᱫᱚ! ᱧᱟᱯᱟᱢ ᱠᱚᱣᱟᱢ ᱵᱟᱯᱟᱜ ᱠᱚᱣᱟᱢ।
train_santalimale_05198	ᱮᱱᱛᱮ ᱯᱟᱲᱦᱟᱣ ᱢᱩᱪᱟᱹᱫᱼᱟ ᱛᱟᱭᱚᱢ ᱱᱮᱜᱼᱟᱮ ᱜᱮ ᱠᱚᱢ ᱵᱚᱭᱮᱥ ᱨᱮ ᱪᱟᱹᱠᱨᱤ ᱧᱟᱢ ᱫᱚ ᱩᱲᱟᱹᱩ ᱵᱟᱲᱟᱹᱭ ᱠᱟᱱ ᱛᱟᱭᱟ ᱩᱯᱤ ᱞᱮᱠᱟ ᱢᱚᱱ।
train_santalimale_02509	ᱦᱟᱤ ᱤᱥᱚᱠᱩᱞ ᱨᱮ ᱵᱷᱟᱹᱨᱛᱤ ᱛᱚᱨᱟ ᱱᱟᱸᱣᱟᱸ ᱦᱤᱨᱚ ᱥᱟᱤᱠᱤᱞ ᱮ ᱠᱤᱨᱤᱧ ᱟᱫᱮᱭᱟ।
train_santalimale_02585	ᱱᱤᱛ ᱚᱲᱟᱜᱼᱟ ᱠᱷᱚᱱ ᱚᱬᱲᱚᱝᱚ ᱢᱮ ᱟᱨ ᱵᱟᱝ ᱠᱷᱟᱱ ᱤᱧ ᱠᱩᱴᱟᱹᱢ ᱛᱤᱭᱟᱹᱨ ᱢᱮᱭᱟ।
train_santalimale_04209	ᱢᱮᱥᱠᱚᱡᱼᱟ ᱢᱚᱸᱦᱮᱸ ᱵᱟᱦᱟ ᱦᱚᱸ ᱟᱹᱩᱨᱤ ᱥᱟᱲᱚᱜᱼᱟ ᱛᱮᱜᱮ ᱲᱟᱹᱨ ᱠᱷᱚᱱ ᱟᱹᱰᱤ ᱩᱥᱟᱹᱨᱟ ᱢᱚᱥᱚᱫᱼᱟ ᱠᱟᱛᱮ ᱧᱩᱨ ᱜᱚᱫᱼᱟ ᱮᱱᱟ।
train_santalimale_04040	ᱤᱱᱟᱹ ᱥᱟᱸᱣ ᱛᱮ ᱥᱟᱱᱟᱢᱟᱜᱼᱟ ᱨᱮ ᱥᱟᱸᱜᱮ ᱜᱮᱭ ᱡᱚᱲᱟᱣᱟᱜᱼᱟ ᱠᱟᱱ ᱛᱟᱸᱦᱮᱸᱱᱟ ᱦᱟᱲᱟᱹᱢ ᱦᱚᱲ ᱫᱚ।
train_santalimale_04670	ᱵᱟᱝ ᱫᱚ ᱯᱟᱹᱦᱤᱞᱚ-ᱯᱟᱹᱦᱤᱞ ᱤᱭᱟᱹᱛᱮ ᱟᱨ ᱵᱟᱝ ᱫᱚ ᱞᱟᱡᱟᱣ ᱟᱹᱱᱟᱹᱲᱤ ᱛᱮ।
train_santalimale_04626	ᱦᱚᱲᱚ ᱪᱟᱣᱞᱮ ᱢᱟ ᱦᱮᱸ ᱜᱮ, ᱤᱱᱟᱹ ᱪᱷᱟᱰᱟ ᱜᱩᱦᱩᱢ, ᱛᱩᱲᱤ ᱵᱷᱤᱱᱟ ᱨᱚᱠᱚᱢ ᱩᱛᱩ ᱛᱮᱭᱟᱜᱼᱟ ᱟᱞᱩ, ᱵᱮᱸᱜᱟᱲ, ᱠᱩᱯᱷᱤ, ᱵᱤᱞᱟᱹᱛᱤ ᱦᱚᱸ ᱛᱟᱠ ᱱᱟᱹᱯᱤᱛ ᱵᱷᱟᱜᱮᱭᱮ ᱪᱟᱥᱟ।
train_santalimale_03085	ᱱᱩᱤ ᱡᱟᱸᱣᱟᱸᱭ ᱜᱚᱸᱠᱮ ᱞᱮᱠᱷᱟᱱ ᱦᱚᱲ ᱪᱮᱫᱼᱟ ᱠᱚ ᱢᱮᱛᱟ ᱞᱟᱝᱟ।
train_santalimale_01639	ᱦᱟᱠᱩ ᱟᱨ ᱠᱟᱴᱟᱠᱚᱢᱣᱟ: ᱠᱟᱛᱷᱟ ᱛᱮ ᱩᱱᱤ ᱦᱩᱰᱤᱧ ᱵᱚᱭᱦᱟ ᱫᱚ ᱦᱟᱠᱩ ᱟᱨ ᱠᱟᱴᱠᱚᱢ ᱮ ᱨᱟᱯᱟ: ᱠᱮᱫᱼᱟ ᱠᱤᱱᱟ ᱟᱨ ᱥᱟᱠᱟᱢ ᱨᱮ ᱨᱮᱫᱼᱟ ᱠᱟᱛᱮ ᱰᱟᱸᱰᱟ ᱨᱮᱭ ᱫᱚᱦᱚᱠᱟᱫᱼᱟ ᱠᱤᱱᱟ।
train_santalimale_05235	ᱞᱮᱵᱟ ᱩᱱᱠᱚ ᱚᱲᱟᱜᱼᱟ ᱠᱷᱚᱱᱮ ᱚᱲᱚᱝᱮᱱ ᱛᱟᱭᱚᱢ ᱞᱩᱜᱩᱢᱩᱱᱤ ᱫᱚ ᱟᱭᱟᱜᱼᱟ ᱪᱤᱱᱛᱟᱹ ᱯᱚᱬᱰ ᱠᱟᱜᱚᱡ ᱥᱟᱠᱟᱢ ᱨᱮ ᱦᱮᱱᱫᱮ ᱠᱟᱹᱞᱤ ᱛᱮᱭ ᱚᱞ ᱨᱟᱠᱟᱵᱼᱟ ᱮᱱ ᱞᱮᱠᱟᱭ ᱪᱷᱟᱵᱟ ᱨᱟᱠᱟᱵᱼᱟ ᱮᱱᱟ।
train_santalimale_04800	ᱚᱱᱟ ᱫᱤᱱ ᱫᱚ ᱦᱮᱡᱼᱟ ᱥᱮᱴᱮᱨ ᱟᱠᱟᱱᱟ।
train_santalimale_00681	ᱜᱚᱭᱚᱡᱼᱟ ᱚᱲᱟᱹ: ᱨᱮ ᱨᱩᱢ ᱰᱟᱠᱟᱣ ᱞᱟᱹᱜᱤᱫᱼᱟ ᱵᱟᱨᱭᱟ ᱵᱚᱦᱚ: ᱟᱹᱪᱩᱨ ᱦᱚᱲᱠᱚ ᱧᱟᱢ ᱠᱤᱱᱟ।
train_santalimale_03811	ᱢᱟ ᱛᱚᱵᱮ ᱛᱮᱦᱮᱧ ᱠᱷᱚᱱ ᱫᱚ ᱱᱚᱬᱰᱮ ᱜᱮ ᱯᱮ ᱛᱟᱸᱦᱮᱸᱱᱟ ᱟᱨ ᱫᱤᱱᱟᱹᱢ ᱫᱤᱱ ᱥᱤᱠᱷᱱᱟᱹᱛ ᱤᱧ ᱮᱢᱟ ᱯᱮᱭᱟ।
train_santalimale_01180	ᱢᱤᱞᱣᱟ ᱠᱟᱛᱷᱟ ᱯᱤᱞᱪᱩ ᱦᱟᱲᱟᱹᱢ ᱵᱩᱲᱦᱤᱠᱤᱱ ᱵᱟᱰᱟᱭᱠᱮᱫᱼᱟ ᱠᱷᱟᱱ, ᱵᱟᱵᱼᱟᱞᱟᱠᱟᱫᱼᱟ ᱠᱤᱱᱟᱠᱤᱱ।
train_santalimale_03964	ᱫᱟᱹᱞ ᱫᱚᱨᱢᱚᱪ ᱞᱟᱸᱜᱟ ᱦᱚᱲᱢᱚ ᱠᱩᱴᱟᱢ ᱫᱚᱨᱫᱤ, ᱢᱚᱱᱮ ᱨᱮ ᱟᱨ ᱠᱟᱛᱷᱟ ᱠᱚᱫᱚ ᱵᱟᱭ ᱫᱤᱥᱟᱹ ᱫᱟᱲᱮᱹᱭᱟᱜᱼᱟ ᱠᱟᱱᱟ, ᱨᱚᱲ ᱮ ᱢᱮᱱᱮᱫᱼᱟ ᱠᱟᱱ ᱜᱮᱭᱟ ᱢᱮᱱᱠᱷᱟᱱ ᱠᱩᱨᱩᱢᱩᱴᱩ ᱡᱚᱨ ᱠᱟᱛᱮ ᱦᱚᱸ ᱨᱚᱲ ᱵᱟᱝ ᱚᱲᱚᱝ ᱚᱜᱼᱟ ᱠᱟᱱ ᱛᱟᱭᱟ।
train_santalimale_02878	ᱤᱧ ᱞᱟᱹᱜᱤᱫᱼᱟ ᱚᱛ ᱦᱚᱸ ᱠᱮᱴᱮᱡᱼᱟ ᱮᱱᱟ, ᱥᱮᱨᱢᱟ ᱦᱚᱸ ᱪᱚᱴ ᱮᱱᱟ, ᱡᱚᱛᱚ ᱥᱮᱡᱼᱟ ᱡᱩᱸᱛ ᱮᱱᱟ।
train_santalimale_04421	ᱱᱚᱟ ᱠᱟᱹᱢᱤ ᱠᱚ ᱞᱟᱹᱜᱤᱫᱼᱟ ᱛᱮᱫᱚ ᱜᱩᱛᱤ-ᱢᱩᱱᱤᱥ ᱢᱮᱱᱟᱜᱼᱟ ᱠᱚᱟ।
train_santalimale_01835	ᱮᱱᱠᱷᱟᱱ ᱟᱹᱛᱩᱦᱚᱲ ᱟᱨ ᱥᱤᱯᱟᱦᱤ ᱫᱚ ᱟᱹᱴᱩ ᱯᱟᱹᱴᱩ ᱨᱟᱱᱤ ᱠᱚ ᱥᱟᱵ ᱠᱮᱫᱮᱭᱟ ᱟᱨ ᱵᱷᱮᱡᱷᱟ ᱞᱮᱠᱟ ᱠᱚ ᱛᱩᱧ ᱜᱚᱭᱚᱡᱼᱟ ᱠᱮᱫᱮᱭᱟ ᱠᱩᱞᱦᱤ ᱢᱩᱪᱟᱫᱼᱟ ᱨᱮ।
train_santalimale_00983	ᱫᱩᱥᱟᱫ ᱨᱟᱡᱟ ᱴᱷᱮᱱ ᱠᱷᱚᱱ ᱥᱤᱧᱪᱟᱸᱫᱚ ᱟᱨ ᱧᱤᱫᱟᱪᱟᱸᱫᱚ ᱟᱲᱟᱹᱷ ᱠᱟᱹᱠᱤᱱ ᱞᱟᱹᱜᱤᱫᱼᱟ ᱟᱹᱰᱤ ᱠᱚ ᱱᱮᱦᱚᱨ ᱵᱤᱱᱛᱤ ᱠᱮᱫᱼᱟᱟ।
train_santalimale_01325	ᱮᱱᱠᱷᱟᱱ ᱟᱭᱚᱡᱼᱟ ᱟᱭᱚ ᱵᱟᱵᱟ ᱫᱚ ᱜᱚᱴᱟ ᱢᱩᱞᱩᱠ ᱛᱮ ᱡᱤᱞᱤᱧ ᱩᱯᱚᱟᱱ ᱦᱚᱲ ᱯᱟᱱᱛᱮ ᱧᱟᱢ ᱮ ᱵᱷᱮᱡᱟᱠᱮᱫᱼᱟ ᱠᱚᱣᱟ।
train_santalimale_01188	ᱚᱸᱰᱮ ᱪᱟᱞᱟᱣ ᱠᱟᱛᱮ ᱧᱮᱞᱮᱭᱟᱠᱤᱱ ᱢᱤᱫᱼᱟᱴᱟᱝ ᱠᱚᱲᱟᱹ ᱦᱚᱯᱚᱱ ᱫᱚ ᱵᱤᱱ ᱵᱚᱥᱛᱚᱨ ᱛᱮᱭ ᱛᱤᱸᱜᱩ ᱟᱠᱟᱱᱟ।
train_santalimale_03402	ᱪᱮᱫᱟᱜᱼᱟ ᱮᱱᱛᱮ ᱧᱩᱸᱛ ᱞᱮᱱ ᱠᱷᱟᱱ ᱫᱚ ᱟᱨ ᱛᱮᱫᱼᱟ ᱜᱮ ᱮᱥᱠᱟᱨ ᱟᱹᱤᱠᱟᱹᱣᱚᱠᱚᱟ।
train_santalimale_04207	ᱟᱞᱟᱜᱡᱟᱹᱲᱤ ᱛᱮ ᱛᱚᱞ ᱡᱷᱟᱹᱣᱟᱹ ᱟᱠᱟᱱ ᱛᱟᱦᱮᱸᱠᱟᱱ ᱢᱚᱱ ᱫᱚ ᱟᱹᱰᱤ ᱟᱞᱟᱜ ᱛᱮ ᱪᱷᱤᱬᱲᱟᱹᱩ ᱜᱚᱫᱼᱟ ᱮᱱᱟ।
train_santalimale_05157	ᱮᱱᱛᱮ ᱮ ᱠᱟᱛᱷᱟ ᱞᱮᱫᱼᱟ ᱟ, ᱦᱮᱸ ᱨᱟᱹᱡᱤ ᱞᱮᱱᱟᱭ ᱟᱨᱮ ᱛᱚᱜᱚᱡᱼᱟ ᱥᱟᱲ ᱵᱤᱭᱮᱱ ᱠᱷᱟᱱ ᱠᱟᱛᱷᱟᱭ ᱯᱷᱮᱨᱟᱣ ᱠᱮᱫᱟ।
train_santalimale_03899	ᱟᱹᱠᱤᱞ ᱚᱲᱟᱹᱜᱼᱟ ᱨᱮ ᱥᱮᱱ ᱠᱟᱛᱮ ᱠᱤᱱ ᱵᱟᱰᱟᱭ ᱠᱮᱫᱟ ᱵᱟᱝᱢᱟ ᱵᱟᱱᱟ ᱦᱚᱲ ᱜᱮ ᱵᱤᱲᱟᱹᱩ ᱨᱮ ᱟᱹᱰᱤ ᱵᱮᱥ ᱛᱮᱠᱤᱱ ᱯᱟᱥ ᱮᱱᱟ।
train_santalimale_03979	ᱵᱮᱴᱠᱟ ᱟᱡᱼᱟ ᱵᱟᱹᱯᱩ ᱫᱚᱭ ᱢᱮᱱ ᱜᱚᱫᱼᱟ ᱠᱮᱫᱟ, ᱢᱟᱦᱟ ᱡᱟᱞᱟ ᱫᱚ, ᱡᱟᱦᱟᱸ ᱞᱮᱠᱟ ᱛᱮᱭ ᱦᱮᱡᱼᱟ ᱮᱱᱟ ᱟᱵᱚ ᱴᱷᱮᱱ ᱫᱩᱰᱩᱵᱼᱟ-ᱫᱩᱰᱩᱵᱼᱟ ᱛᱮ, ᱪᱟᱯᱚ-ᱪᱟᱯᱚ ᱛᱮ, ᱚᱠᱟ ᱛᱮᱢ ᱠᱚᱞ ᱜᱤᱰᱤ ᱠᱟᱭᱟ।
train_santalimale_04873	ᱢᱮᱸᱫᱼᱟ ᱫᱟᱜᱼᱟ ᱦᱤᱰᱤᱨ ᱢᱮᱱ ᱛᱮᱭ ᱡᱚᱨᱚ ᱞᱮᱫᱟ।
train_santalimale_01751	ᱢᱤᱫᱼᱟᱫᱤᱱ ᱨᱟᱱᱤ ᱮ ᱢᱮᱱᱠᱮᱫᱼᱟ ᱟ ᱨᱟᱡᱟ, ᱟᱢ ᱢᱟᱛᱚ ᱫᱤᱱᱜᱮ ᱵᱤᱨᱛᱮ ᱥᱮᱸᱫᱨᱟ ᱮᱢ ᱪᱟᱞᱟ: ᱟ।
train_santalimale_04580	ᱱᱚᱟ ᱧᱮᱞ ᱠᱟᱛᱮ ᱚᱲᱟᱜᱼᱟ ᱮᱨᱟ ᱫᱚ ᱟᱹᱰᱤᱭᱮ ᱵᱩᱡᱷᱟᱹᱩ ᱵᱟᱲᱟᱹ ᱠᱮᱫᱮᱭᱟ।
train_santalimale_04163	ᱚᱠᱛᱚ ᱱᱟᱹᱯᱤᱛ ᱪᱮᱨᱮᱡᱼᱟ ᱫᱩᱞᱟᱹᱲ ᱟᱠᱟᱱᱟᱞᱟᱰ।
train_santalimale_04479	ᱦᱟᱥᱟ ᱫᱷᱩᱲᱤ ᱨᱮ ᱨᱚᱦᱚᱭ ᱟᱠᱟᱫᱼᱟ ᱤᱛᱟᱹ ᱨᱟᱹᱱᱩ ᱫᱚ ᱫᱷᱩᱲᱤ ᱛᱟᱞᱟ ᱨᱮ ᱰᱷᱮᱨ ᱫᱤᱱ ᱵᱟᱝ ᱛᱟᱸᱦᱮᱸᱞᱮᱱᱟ।
train_santalimale_01462	ᱩᱱᱤ ᱠᱤᱥᱠᱩ ᱠᱚᱲᱟᱹ ᱱᱟᱹᱤᱦᱟᱨ ᱨᱮ ᱟᱹᱰᱤ ᱫᱤᱱ ᱮ ᱛᱟᱸᱦᱮᱸᱭᱮᱱᱟ।
train_santalimale_02903	ᱡᱟᱹᱞᱤ ᱡᱚ ᱫᱚ ᱥᱟᱵᱼᱟ ᱮᱱ ᱠᱷᱟᱱ ᱤᱧ ᱫᱚ ᱫᱤᱱᱚᱫᱤᱱ ᱛᱮᱧ ᱦᱟᱢᱟᱞ ᱤᱫᱤᱭᱮᱱᱟ।
train_santalimale_03436	ᱦᱟᱹᱴᱤᱭᱟᱹ ᱨᱮ ᱥᱚᱱᱟ ᱛᱟᱹᱠᱤᱱ ᱠᱤᱱ ᱧᱟᱯᱟᱢᱮᱱᱟ।
train_santalimale_03473	ᱛᱷᱚᱲᱟᱹ ᱫᱤᱱ ᱛᱟᱭᱱᱚᱢ ᱠᱷᱟᱱ ᱜᱮ ᱟᱠᱚ ᱟᱛᱚ ᱨᱮ ᱟᱡᱼᱟ ᱨᱮᱱ ᱜᱟᱛᱮ ᱠᱩᱲᱤ ᱢᱟᱭᱱᱚ ᱱᱚᱟ ᱠᱟᱹᱢᱤ ᱞᱟᱹᱜᱤᱫᱼᱟ ᱠᱚ ᱵᱟᱦᱟᱞ ᱠᱮᱫᱮᱭᱟ।
train_santalimale_03695	ᱮᱴᱟᱜᱼᱟ ᱦᱚᱲ ᱥᱚᱸᱜᱮ ᱨᱚᱲᱞᱟᱸᱫᱟ, ᱪᱟᱹᱞᱤᱪᱚᱞᱚᱱ ᱦᱚᱸ ᱟᱹᱲᱤ ᱛᱮᱫᱼᱟ ᱜᱮ ᱢᱚᱸᱡ ᱛᱟᱭᱟ।
train_santalimale_04973	ᱟᱫᱚ ᱚᱱᱟᱢ ᱦᱚᱴᱟᱜᱼᱟ ᱥᱟᱦᱟᱭ ᱥᱟᱦᱟᱣ ᱞᱮᱨᱮ ᱵᱟᱭ ᱯᱟᱭᱨᱟ ᱯᱟᱨᱚᱢᱚᱜᱼᱟ।
train_santalimale_02338	ᱯᱩᱛᱷᱤ ᱫᱚ ᱟᱹᱰᱤ ᱥᱟᱹᱸᱜᱤᱧ ᱛᱮ ᱯᱟᱹᱥᱤᱨᱮᱱᱟ।
train_santalimale_03293	ᱢᱤᱫᱼᱟ ᱜᱚᱴᱮᱱ ᱦᱚᱯᱚᱱ ᱠᱚᱞᱮᱡ ᱨᱮ ᱯᱟᱲᱦᱟᱣ ᱢᱚᱠᱚᱧ ᱚᱪᱚ ᱠᱟᱛᱮ ᱵᱟᱯᱞᱟᱭᱮᱭ ᱢᱮᱱᱣᱟᱱ ᱛᱟᱸᱦᱮᱸᱠᱟᱱᱟ।
train_santalimale_00132	ᱟᱨ ᱟᱹᱛᱩ ᱴᱮᱞᱟ ᱨᱮᱱ ᱠᱩᱲᱤ ᱜᱤᱫᱨᱟᱹᱠᱚ ᱦᱚᱸ ᱰᱟᱦᱟᱨ ᱮᱱᱮᱡᱼᱟ ᱥᱮᱨᱮᱧ ᱠᱚ ᱢᱮᱛᱟ ᱠᱚᱣᱟ।
train_santalimale_05145	ᱟᱡᱼᱟ ᱫᱚ ᱠᱩᱭᱚᱬᱰᱤ ᱡᱟᱝ ᱠᱚᱴᱮᱡ ᱛᱩᱞᱩᱡᱼᱟ ᱚᱠᱟ ᱱᱟᱹᱸᱤ ᱨᱮᱪᱚᱭ ᱦᱩᱫᱤᱥ ᱩᱱᱩᱢ ᱦᱟᱯᱮᱭᱟᱠᱟᱱ, ᱵᱟᱝ ᱫᱚ ᱨᱚᱲ ᱜᱮ ᱛᱟᱨᱠᱚᱣᱟᱭ ᱠᱟᱱ ᱟᱨ ᱵᱟᱝ ᱫᱚ ᱢᱚᱱ ᱜᱮ ᱢᱚᱠᱚᱧᱚᱜᱼᱟ ᱠᱟᱱ ᱛᱟᱭ।
train_santalimale_03299	ᱟᱡᱼᱟ ᱨᱮᱱ ᱫᱩᱞᱟᱹᱲᱤᱭ ᱯᱟᱹᱠᱞᱩ ᱫᱚ ᱚᱲᱟᱜᱼᱟ ᱨᱮᱜᱮᱭ ᱵᱟᱹᱜᱤ ᱭᱟᱫᱮᱭᱟ।
train_santalimale_00158	ᱥᱟᱱᱛᱟᱲ ᱦᱚᱲ ᱦᱚᱯᱚᱱ ᱠᱚᱣᱟ: ᱛᱮᱥᱟᱨ ᱥᱤᱨᱤᱡᱼᱟ ᱯᱟᱹᱨᱟᱹᱵ ᱫᱚ ᱠᱟᱱᱟ ᱠᱟᱨᱟᱢ ᱯᱟᱹᱨᱟᱹᱵ।
train_santalimale_01207	ᱚᱱᱟᱛᱮ ᱟᱞᱮ ᱫᱚ ᱢᱟᱹᱰᱜᱷᱟᱴᱤ ᱨᱮ ᱜᱮᱞᱮ ᱛᱟᱸᱦᱮᱸᱱᱟ।
train_santalimale_01324	ᱚᱲᱟᱹ: ᱨᱮ ᱟᱭᱚᱡᱼᱟ ᱟᱭᱚ ᱵᱟᱵᱟ ᱮ ᱞᱟᱹᱭᱚᱟᱫᱼᱟ ᱠᱤᱱᱟ।
train_santalimale_03399	ᱥᱚᱱᱟ ᱦᱚᱸ ᱵᱤᱨ ᱟᱲᱮ ᱥᱚᱲᱚᱜᱼᱟ ᱯᱷᱮᱰ ᱨᱮᱭᱟᱜᱼᱟ ᱲᱟᱹᱰᱤ ᱠᱷᱚᱱ ᱫᱟᱜᱼᱟ ᱞᱚ ᱟᱹᱜᱩᱭᱮ ᱪᱟᱞᱟᱣ ᱮᱱᱟ।
train_santalimale_04635	ᱡᱟᱦᱟᱸ ᱡᱤᱱᱤᱥ ᱠᱚ ᱧᱟᱢᱮᱫᱼᱟ ᱟᱨ ᱠᱚ ᱧᱮᱞᱮᱫᱼᱟ ᱚᱱᱟ ᱢᱚᱡᱡᱛᱮ ᱵᱟᱠᱚ ᱚᱨᱚᱢ ᱫᱟᱲᱮᱹᱭᱟᱜᱼᱟ ᱠᱟᱱᱟ ᱡᱮ, ᱚᱱᱟ ᱫᱚ ᱪᱮᱫᱼᱟ ᱠᱟᱱᱟ ᱢᱮᱱᱛᱮ?
train_santalimale_02920	ᱟᱵᱚ ᱧᱟᱯᱟᱢ ᱫᱚ ᱯᱟᱥᱮᱡᱼᱟ ᱞᱟᱦᱟ ᱡᱟᱱᱟᱢ ᱨᱮᱜᱮ।
train_santalimale_02136	ᱵᱚᱜᱮ ᱭᱟ, ᱪᱮᱞᱮ ᱦᱚᱸ ᱵᱟᱝ ᱧᱟᱢᱮᱫᱼᱟ ᱢᱮ।
train_santalimale_05089	ᱟᱡᱼᱟ ᱜᱚ ᱫᱚᱭ ᱢᱮᱱ ᱨᱩᱣᱟᱹᱲ ᱠᱮᱫᱟ,ᱦᱮᱸ।
train_santalimale_02018	ᱵᱟᱵᱟ ᱦᱚᱲᱟᱹᱜᱼᱟ ᱨᱚᱲ ᱟᱧᱡᱚᱢ ᱠᱟᱛᱮ ᱫᱮᱱᱟ ᱫᱚᱭ ᱵᱮᱨᱮᱫᱼᱟ ᱮᱱᱟ।
train_santalimale_02488	ᱚᱠᱛᱮ ᱱᱟᱹᱯᱤᱛ ᱨᱮ ᱜᱚᱵᱟᱵᱟ ᱫᱚ ᱠᱩᱸᱠᱟᱹᱞ ᱵᱷᱟᱡᱟᱱ ᱞᱮᱠᱟ ᱵᱟᱪᱷᱟᱣ ᱠᱟᱛᱮ ᱵᱟᱹᱦᱩ ᱠᱤᱱ ᱵᱟᱪᱷᱟᱣ ᱟᱫᱮ ᱛᱟᱸᱦᱮᱸᱠᱟᱱᱟ।
train_santalimale_03469	ᱛᱷᱚᱲᱟᱹ ᱫᱤᱱ ᱛᱟᱭᱱᱚᱢ ᱵᱷᱟᱨᱚᱛ ᱥᱚᱨᱠᱟᱨ ᱥᱮᱡᱼᱟ ᱠᱷᱚᱱ ᱥᱟᱠᱥᱚᱨᱛᱟ ᱠᱚ ᱮᱦᱚᱵᱼᱟ ᱠᱮᱫᱟ।
train_santalimale_01081	ᱜᱟᱲᱟᱹ ᱢᱩᱰᱩ ᱨᱮᱱᱟ: ᱫᱟ: ᱟᱸᱧᱮᱫᱼᱟ ᱮᱭᱦᱚᱵᱼᱟ ᱮᱱᱟ।
train_santalimale_03503	ᱟᱠᱚ ᱚᱲᱟᱜᱼᱟ ᱨᱮ ᱫᱚ ᱡᱟᱜᱟ ᱡᱩᱢᱤ ᱦᱚᱸ ᱦᱮᱱᱟᱜᱼᱟ ᱛᱟᱠᱚᱣᱟ।
train_santalimale_03347	ᱟᱹᱰᱤ ᱦᱮᱥᱮᱡᱼᱟᱥᱮᱠᱨᱮᱡᱼᱟ ᱛᱮ ᱟᱯᱟ ᱵᱟᱨᱮᱧ ᱫᱟᱨᱟᱢ ᱠᱚᱟ।
train_santalimale_00705	ᱮᱱᱠᱷᱟᱱ ᱨᱩᱢ ᱵᱚᱸᱜᱟ ᱠᱚ ᱢᱮᱛᱟ ᱠᱤᱱᱟ, ᱢᱟᱷ ᱜᱚᱸᱥᱟᱭ ᱥᱟᱫᱚᱢ ᱠᱚ ᱛᱚᱞᱠᱚ ᱵᱤᱱ, ᱡᱚᱢᱟᱷ ᱠᱚ ᱛᱟᱞᱮ ᱦᱚᱸ ᱠᱚᱢ ᱜᱮᱭᱟ।
train_santalimale_03065	ᱟᱪᱷᱟ ᱛᱚᱵᱮ ᱢᱟ ᱵᱟᱛᱟᱣᱮᱫᱼᱟ ᱠᱷᱟᱱᱤᱧ ᱞᱟᱹᱭ ᱟᱢ ᱠᱟᱱᱟ।
train_santalimale_04380	ᱢᱟᱨᱮ-ᱢᱟᱨᱮ ᱚᱠᱚ ᱟᱠᱟᱱ ᱠᱟᱛᱷᱟ ᱠᱚ ᱠᱟᱨᱟᱢ ᱜᱩᱨᱩ ᱠᱚ ᱴᱷᱮᱱ ᱠᱷᱚᱱ ᱦᱟᱢᱮᱴ ᱠᱟᱛᱮ ᱱᱟᱦᱟᱸᱜᱼᱟ ᱡᱩᱜ ᱨᱮᱱ ᱟᱮ, ᱵᱤᱮ ᱯᱟᱥ ᱠᱚᱲᱟᱹ ᱠᱚᱢᱟ ᱢᱤᱫᱼᱟ ᱠᱟᱛᱷᱟ ᱛᱮᱜᱮᱭ ᱠᱤᱨᱫᱷᱩᱢ ᱜᱚᱫᱼᱟ ᱮᱫᱼᱟ ᱠᱚ ᱛᱟᱦᱮᱸᱱ।
train_santalimale_05139	ᱜᱟᱛᱮ ᱠᱩᱲᱤ ᱫᱚᱠᱚ ᱦᱚᱦᱚᱣᱟᱭ ᱠᱟᱱ ᱜᱮᱭᱟ, ᱢᱮᱱᱠᱷᱟᱱ ᱵᱟᱭ ᱦᱮᱛᱟᱣᱟᱛᱟ ᱠᱚ ᱠᱟᱱᱟ।
train_santalimale_05086	ᱚᱱᱠᱟ ᱞᱮᱠᱟ ᱢᱤᱫᱼᱟ ᱫᱤᱱ ᱫᱚ ᱟᱹᱛᱚ-ᱚᱯᱥᱚᱨ ᱧᱟᱢ ᱛᱮᱦᱚᱧ ᱧᱟᱢ ᱛᱚᱫᱼᱟ ᱠᱮᱫᱼᱟ ᱜᱮᱭᱟ ᱟᱨ ᱩᱱᱤ ᱦᱤᱨᱤᱭᱤᱧ ᱚᱲᱚᱝᱮᱱᱟ।
train_santalimale_04050	ᱪᱚᱠᱞᱮᱴ ᱵᱤᱥᱠᱩᱴ ᱠᱚ ᱫᱚᱠᱟᱱ ᱚᱲᱟᱹᱜᱼᱟ ᱞᱮᱠᱟ ᱯᱟᱹᱠᱤᱴᱚ-ᱯᱟᱹᱠᱤᱴ ᱠᱤᱱ ᱫᱚ ᱦᱚ ᱠᱟᱜᱼᱟ ᱠᱟᱱ ᱛᱟᱸᱦᱮᱸᱱᱟ।
train_santalimale_03196	ᱟᱡᱼᱟ ᱠᱟᱛᱷᱟᱭ ᱯᱨᱚᱛᱤᱵᱷᱟ ᱜᱮ ᱯᱟᱥᱮᱡᱼᱟ ᱮ ᱚᱨ ᱪᱤᱨᱟᱹ ᱯᱟᱲᱦᱟᱣ ᱠᱮᱫᱮᱭᱟ।
train_santalimale_03984	ᱧᱮᱞᱮ ᱠᱟᱱ ᱠᱚ ᱫᱚᱨᱚᱡᱟ ᱨᱮᱭ ᱜᱤᱛᱤᱡᱼᱟ ᱦᱟᱯᱮ ᱟᱠᱟᱱᱟ।
train_santalimale_03494	ᱥᱚᱱᱟ ᱫᱚ ᱯᱟᱲᱦᱟᱣ ᱯᱟᱲᱦᱟᱣ ᱛᱮ ᱯᱚᱱ ᱢᱟᱹᱦᱱᱟᱹ ᱜᱟᱱ ᱮ ᱯᱟᱲᱦᱟᱣ ᱠᱮᱫᱟ।
train_santalimale_05118	ᱢᱮᱱ ᱨᱩᱣᱟᱹᱲᱟᱹᱠᱟᱣᱟᱫᱮᱧᱟᱭ ᱨᱚᱜᱮᱱᱟᱢ, ᱠᱟᱨᱚᱱᱮᱱᱟᱢ, ᱟᱢ ᱴᱷᱮᱱ ᱫᱚ ᱵᱟᱠᱚ ᱠᱚᱞᱮᱧᱟ ᱟᱨ ᱤᱧ ᱛᱮᱦᱚᱸ ᱟᱢ ᱴᱷᱮᱱ ᱫᱚ ᱵᱟᱹᱧ ᱛᱟᱦᱮᱸᱱᱟ।
train_santalimale_03501	ᱚᱱᱟᱛᱮ ᱱᱤᱛ ᱫᱚ ᱡᱟᱸᱦᱟᱸᱭ ᱵᱟᱠᱚ ᱢᱮᱱ ᱫᱟᱲᱮᱹ ᱣᱟᱭᱟ ᱡᱮ ᱟᱢ ᱫᱚ ᱵᱟᱢ ᱯᱟᱲᱦᱟᱣ ᱞᱮᱱᱟ।
train_santalimale_04847	ᱤᱨ ᱛᱩᱢᱟᱹᱞ ᱠᱷᱚᱱ ᱮᱦᱚᱵᱼᱟ ᱠᱟᱛᱮ ᱫᱟᱞᱚ-ᱡᱟᱝ, ᱛᱤᱠᱤ ᱪᱚᱱᱫᱟ ᱦᱚᱸ ᱟᱹᱰᱤ ᱩᱥᱟᱹᱨᱟ ᱠᱚ ᱜᱟᱱ ᱥᱟᱹᱛ ᱮᱫᱟ।
train_santalimale_05120	ᱞᱮ ᱵᱟᱵᱟ ᱤᱧᱟᱹᱜᱼᱟ ᱢᱚᱪᱟ ᱢᱟ ᱥᱮᱛᱟ ᱠᱷᱩᱫᱟᱹᱩ ᱠᱷᱤᱸᱠᱲᱤ ᱡᱤᱨᱟᱹᱩ ᱞᱮᱠᱟ ᱟᱲᱟᱭᱚ-ᱚᱲᱚᱭᱮᱱ ᱛᱤᱧ!
train_santalimale_01394	ᱢᱮᱱᱠᱷᱟᱱ ᱚᱠᱚᱭ ᱨᱮᱱ ᱦᱚᱸ ᱜᱤᱫᱨᱟᱹ ᱯᱤᱫᱨᱟᱹ ᱫᱚ ᱵᱟᱝᱠᱚ ᱦᱩᱭ ᱟᱠᱟᱱ ᱛᱟᱸᱦᱮᱸᱠᱟᱱᱟ।
train_santalimale_03219	ᱯᱟᱹᱠᱞᱩ ᱫᱚᱭ ᱟᱠᱵᱟᱠᱟᱣᱮᱱᱟ, ᱮᱱᱛᱮ ᱦᱟᱹᱴᱤᱭᱟᱹ ᱴᱟᱹᱬᱰᱤ ᱨᱮ ᱫᱚ ᱚᱦᱚᱭ ᱜᱤᱛᱤᱡᱼᱟ ᱟᱸᱜᱟ ᱞᱮᱱᱟ।
train_santalimale_02073	ᱱᱟᱣᱟᱸᱱ ᱠᱚ ᱡᱩᱣᱟᱹᱱ ᱥᱮ ᱜᱤᱫᱨᱟᱹ ᱠᱚ ᱫᱚ ᱯᱟᱥᱮᱡᱼᱟ ᱵᱟᱠᱚ ᱵᱟᱰᱟᱭᱟ।
train_santalimale_02123	ᱟᱨ ᱵᱷᱟᱞᱟ, ᱥᱤᱧ ᱵᱟᱦᱨᱮ ᱦᱚᱲ ᱫᱚ ᱫᱤᱥᱟᱹ ᱠᱟᱛᱮ ᱦᱚᱸ ᱪᱮᱠᱟ ᱛᱮᱭ ᱮᱢ ᱠᱮ ᱠᱚᱟ।
train_santalimale_01625	ᱢᱮᱱᱠᱷᱟᱱ ᱚᱠᱚᱭ ᱦᱚᱸ ᱵᱟᱝᱠᱚ ᱛᱩᱧ ᱜᱚᱭᱚᱡᱼᱟ ᱫᱟᱲᱮᱹ ᱟᱫᱮᱭᱟ।
train_santalimale_03684	ᱤᱧ ᱥᱟᱢᱟᱝ ᱨᱮ ᱮᱴᱟᱜᱼᱟ ᱠᱟᱹᱢᱨᱩᱜᱩᱨᱩ ᱫᱚ ᱡᱚᱛᱚ ᱠᱚ ᱞᱤᱪᱟᱹᱲ ᱜᱮᱭᱟ।
train_santalimale_04488	ᱟᱢ ᱫᱚ ᱚᱠᱚᱭ ᱱᱚᱟ ᱠᱚ ᱨᱮᱱ ᱠᱷᱚᱡᱚ-ᱛᱚᱞᱟᱥ ᱦᱟᱜᱼᱟᱛᱟᱣᱤᱡᱼᱟ ᱫᱚ?
train_santalimale_04220	ᱱᱤᱛᱚᱜᱼᱟ ᱟᱢ ᱵᱟᱹᱱᱩᱢ ᱛᱮ ᱢᱚᱧᱡ ᱡᱤᱱᱤᱥ ᱦᱚᱸ ᱢᱚᱧᱡ ᱵᱟᱹᱧ ᱧᱮᱞ ᱮᱫᱟ।
train_santalimale_03492	ᱚᱱᱟ ᱤᱭᱟᱹᱛᱮ ᱠᱩᱨᱩᱢᱩᱴᱩ ᱛᱮᱢ ᱞᱟᱜᱟᱣ ᱞᱮᱠᱷᱟᱱ ᱵᱮᱡᱟᱸᱭ ᱵᱟᱢ ᱪᱮᱫ?
train_santalimale_04183	ᱪᱮᱠᱟᱭᱟᱢ ᱱᱤᱛ ᱫᱚ ᱤᱧ ᱦᱚᱸ ᱟᱹᱲᱤᱧ ᱨᱟᱹᱥᱠᱟᱹ ᱟᱠᱟᱱᱟ ᱮᱱᱛᱮ ᱛᱷᱚᱲᱟᱹ ᱫᱤᱱ ᱛᱟᱭᱚᱢ ᱠᱷᱟᱱ ᱜᱮ ᱥᱚᱱᱚᱛ ᱥᱟᱹᱲᱤ ᱵᱚᱝᱜᱟ ᱛᱚᱲᱮ ᱥᱩᱛᱟᱹᱢ ᱛᱚᱱᱚᱞ ᱛᱮᱢ ᱛᱚᱞ ᱢᱤᱫᱚᱜᱼᱟ ᱟ, ᱱᱟᱣᱟᱸ ᱡᱩᱨᱤ ᱥᱟᱸᱣ।
train_santalimale_02122	ᱜᱟᱹᱭ ᱡᱚᱢᱟᱜᱼᱟ ᱮᱢᱟ ᱠᱚ ᱦᱚᱸᱭ ᱦᱤᱰᱤᱧ ᱠᱮᱫᱟ।
train_santalimale_01540	ᱩᱱᱚᱠᱤᱱ ᱨᱮᱱ ᱫᱚ ᱮᱭᱟᱭ ᱠᱚᱲᱟᱹ ᱟᱨ ᱮᱭᱟᱭ ᱠᱩᱲᱤ ᱠᱚ ᱦᱩᱭᱞᱮᱱ ᱛᱟᱸᱦᱮᱸᱠᱟᱱ।
train_santalimale_02371	ᱯᱤᱯᱚᱨᱤᱭᱟᱹ ᱢᱟᱨᱮ ᱡᱚᱜᱢᱟᱹᱸᱡᱷᱤ ᱥᱚᱵᱟᱱ ᱦᱚᱯᱚᱱ ᱮᱨᱟ ᱜᱮ ᱵᱤᱴᱤᱢᱟᱹᱸᱭ ᱫᱚ।
train_santalimale_05183	ᱚᱱᱟ ᱫᱤᱥᱟᱹ ᱩᱤᱦᱟᱹᱨ ᱛᱮᱦᱮᱧ ᱟᱢ ᱧᱩᱛᱩᱢ ᱠᱟᱛᱮ ᱵᱚᱝᱜᱟ ᱵᱩᱨᱩ ᱠᱚ ᱧᱩᱢ ᱛᱩᱞᱩᱡᱼᱟ ᱞᱮᱝᱜᱟ ᱛᱤ ᱵᱩᱲᱦᱟ ᱠᱟᱹᱴᱩᱵᱼᱟ ᱠᱷᱚᱱ ᱡᱤᱣᱟᱫᱼᱟ ᱢᱟᱭᱟᱢ ᱤᱧ ᱡᱚᱨᱚ ᱠᱮᱫᱟ।
train_santalimale_03091	ᱢᱩᱠᱷᱤ ᱫᱚ ᱫᱟᱭᱟ ᱜᱮ ᱡᱟᱭᱚᱡᱩᱜ ᱞᱟᱹᱜᱤᱫᱼᱟ ᱮ ᱠᱩᱸᱠᱤ ᱩᱛᱟᱹᱨ ᱮᱱᱟ।
train_santalimale_01506	ᱢᱤᱫᱼᱟᱫᱷᱟᱣ ᱚᱱᱠᱟᱜᱮ ᱪᱟᱸᱣᱚᱨᱤᱭᱟ ᱴᱟᱸᱰᱤ ᱨᱮ ᱫᱮᱣᱚᱜᱩᱱ ᱠᱚ ᱪᱟᱥᱵᱟᱥ ᱵᱟᱵᱚᱫᱼᱟᱛᱮ ᱜᱟᱞᱢᱟᱨᱟᱣ ᱞᱟᱹᱜᱤᱫᱼᱟ ᱠᱚ ᱫᱩᱰᱩᱵᱼᱟ ᱟᱠᱟᱱᱟ।
train_santalimale_02553	ᱤᱱᱟᱹ ᱛᱟᱭᱱᱚᱢ ᱠᱷᱟᱱ ᱜᱮ ᱵᱟᱲᱜᱮ ᱞᱟᱛᱟᱨ ᱩᱞ ᱫᱟᱨᱮ ᱨᱮ ᱠᱤᱥᱱᱤ ᱠᱚᱟᱜᱼᱟ ᱪᱮᱨᱚᱵᱮᱨᱚ ᱟᱸᱡᱚᱢᱮᱱᱟ।
train_santalimale_02835	ᱥᱚᱦᱟ ᱫᱚ ᱦᱩᱫᱤᱥ ᱜᱟᱹᱬᱰᱚᱱ ᱨᱮᱭ ᱩᱱᱩᱢ ᱟᱠᱟᱱᱟ ᱪᱮᱫᱼᱟᱮ ᱪᱮᱠᱟᱭᱟ, ᱪᱮᱫᱼᱟ ᱵᱟᱝ?
train_santalimale_02613	ᱚᱠᱛᱮ ᱨᱮᱭᱟᱜᱼᱟ ᱟᱹᱰᱤ ᱢᱚᱦᱚᱛ ᱢᱮᱱᱟᱜᱼᱟᱟ।
train_santalimale_02041	ᱚᱬᱰᱮ ᱫᱚ ᱵᱟᱹᱱᱩᱠᱚᱟ ᱵᱟᱲᱮ ᱫᱟᱨᱮ ᱫᱚ।
train_santalimale_01762	ᱢᱮᱱᱠᱷᱟᱱ ᱦᱚᱨ ᱫᱷᱟᱨᱮ ᱠᱚ ᱨᱮ ᱪᱤᱞᱤ ᱦᱚᱸ ᱵᱟᱝᱠᱚ ᱧᱟᱢᱞᱮᱫᱼᱟ ᱠᱚᱣᱟ।
train_santalimale_05156	ᱜᱚ-ᱵᱟᱵᱟ,ᱚᱲᱟᱜᱼᱟ ᱦᱚᱲ, ᱤᱧᱟᱹᱠ ᱥᱮ ᱢᱚᱞᱚᱝ ᱨᱮᱭᱟᱜᱼᱟ ᱞᱤᱠᱷᱚᱱ ᱜᱮ।
train_santalimale_03240	ᱩᱱ ᱚᱜᱼᱟᱛᱮ ᱜᱮ ᱦᱟᱱᱦᱟᱨ ᱛᱮᱫᱼᱟ ᱦᱚᱸ ᱵᱟᱛᱟᱨᱮ ᱧᱟᱢ ᱠᱮᱫᱟ।
train_santalimale_03463	ᱥᱤᱢᱚᱱ ᱫᱚᱭ ᱨᱚᱲ ᱨᱩᱣᱟᱹᱲ ᱠᱮᱫᱟ ᱪᱮᱠᱟ ᱟᱢ ᱫᱚ ᱫᱩᱱᱫᱷᱤ ᱜᱮᱢ ᱛᱟᱸᱦᱮᱸᱠᱟᱱᱟ, ᱯᱟᱸᱡᱟ ᱞᱟᱦᱟ ᱨᱮ ᱵᱟᱢ ᱦᱩᱫᱤᱥ ᱞᱮᱫᱟ।
train_santalimale_01251	ᱵᱚᱸᱜᱟ ᱵᱩᱨᱩ ᱧᱩᱛᱩᱢ ᱮ ᱞᱟᱹᱭ ᱟᱫᱼᱟᱠᱚᱣᱟ ᱟᱨ ᱮ ᱢᱮᱛᱟᱷ ᱠᱚᱣᱟ ᱡᱟᱦᱟᱸᱭᱮ ᱱᱩᱠᱩ ᱵᱚᱸᱜᱟ ᱧᱩᱛᱩᱢ ᱠᱟᱛᱮ ᱨᱩᱢᱞᱮᱱᱠᱷᱟᱱ ᱜᱮ, ᱩᱱᱤ ᱴᱷᱮᱱ ᱜᱮ ᱡᱟᱱ ᱵᱤᱨᱫᱟᱹ ᱫᱚᱭ ᱪᱟᱯᱟᱲᱚ: ᱟ।
train_santalimale_03401	ᱚᱱᱟ ᱛᱮ ᱥᱚᱱᱟ ᱫᱚ ᱚᱲᱟᱜᱼᱟ ᱛᱮ ᱩᱥᱟᱹᱨᱟᱩᱥᱟᱹᱨᱟ ᱫᱟᱜᱼᱟ ᱞᱚ ᱵᱟᱲᱟᱹ ᱠᱟᱛᱮ ᱮ ᱨᱩᱣᱟᱹᱲ ᱡᱚᱝ ᱠᱟᱱᱟ।
train_santalimale_03963	ᱥᱟᱸᱜᱮ ᱵᱩᱲᱤ ᱫᱚ ᱟᱹᱰᱤ ᱢᱩᱥᱚᱠᱤᱞ ᱛᱮᱭ ᱨᱚᱲ ᱨᱩᱣᱟᱹᱲ ᱠᱮᱫᱟ, ᱟᱨ ᱟᱞᱚᱢ ᱢᱮᱱᱟ, ᱜᱮᱨᱟᱝ ᱟᱛᱮ।
train_santalimale_04106	ᱯᱟᱹᱦᱤᱞ ᱫᱤᱱ ᱦᱤᱞᱚᱜᱼᱟ ᱦᱚᱸ ᱧᱟᱯᱟᱢ ᱥᱟᱸᱣ ᱛᱮ ᱢᱚᱱ ᱨᱮ ᱢᱚᱱ ᱨᱮᱭᱟᱜᱼᱟ ᱢᱚᱦᱮᱸ ᱲᱚᱜ ᱫᱚ ᱡᱟᱹᱱᱤᱡᱼᱟ ᱢᱮᱥᱠᱚᱡᱼᱟ ᱞᱮᱱ ᱜᱮᱭᱟ।
train_santalimale_02848	ᱥᱟᱸᱣ ᱛᱮᱜᱮ ᱢᱚᱪᱟ ᱠᱷᱚᱱ ᱟᱲᱟᱝ ᱦᱚᱸ ᱚᱬᱰᱚᱝ ᱮᱱ ᱛᱟᱭᱟ।
train_santalimale_04986	ᱚᱠᱚᱭ ᱢᱟᱱᱣᱟᱸ ᱫᱩᱠ ᱫᱟᱱᱫ ᱧᱮᱞ ᱠᱟᱛᱮᱭᱮ ᱧᱤᱨ ᱯᱷᱟᱨᱟᱠᱚᱜᱼᱟ ᱩᱱᱤ ᱦᱚᱲ ᱫᱚ ᱫᱩᱠ ᱫᱟᱱᱫ ᱴᱷᱮᱱ ᱡᱤᱭᱚᱱ ᱵᱷᱚᱨᱮ ᱯᱟᱧᱡᱟ ᱚᱪᱚᱜᱼᱟ ᱟ।
train_santalimale_00188	ᱚᱱᱟ ᱛᱮ ᱥᱮᱸᱫᱟᱭ ᱠᱷᱚᱱ ᱜᱮ ᱠᱟᱨᱟᱢ ᱯᱟᱹᱨᱟᱹᱵ ᱫᱚ ᱢᱟᱱᱟᱣ ᱵᱟᱛᱟᱣ ᱦᱤᱡᱼᱟ ᱠᱟᱱᱟ ᱥᱟᱱᱛᱟᱲ ᱥᱟᱸᱣᱛᱟ ᱨᱮ।
train_santalimale_05177	ᱟᱥ ᱞᱤᱫᱤᱧᱟᱢ ᱢᱮᱛᱟᱣᱟᱫᱤᱧᱟᱹ ᱛᱟᱦᱮᱸᱱᱟᱢ, ᱫᱟᱨᱟᱭ ᱯᱷᱟᱹᱜᱩᱱ ᱚᱱᱚᱨᱚᱞ ᱫᱷᱟᱹᱨᱛᱤ ᱥᱚᱵᱷᱟ ᱫᱟᱨᱮ ᱱᱟᱹᱸᱲᱤ ᱢᱩᱨᱩᱫᱼᱟ ᱢᱟᱨᱟᱲ ᱮᱫᱮᱞ ᱠᱚᱫᱚ ᱵᱟᱦᱟ ᱛᱮ ᱟᱨᱟᱜᱼᱟ ᱜᱮ ᱥᱟᱡᱟᱣ ᱥᱚᱦᱟᱱᱚᱜᱼᱟ ᱟ।
train_santalimale_05117	ᱦᱚᱸᱧ ᱠᱩᱞᱤ ᱠᱮᱫᱮᱭᱟ, ᱱᱤᱡᱟᱹ ᱛᱮ ᱧᱟᱯᱟᱢ ᱧᱮᱯᱮᱞ ᱠᱟᱛᱮ ᱫᱚ ᱵᱟᱢ ᱢᱮᱱ ᱵᱟᱲᱟᱹᱣᱟᱠᱟᱫᱮᱭᱟ?
train_santalimale_04604	ᱚᱱᱟ ᱤᱭᱟᱹᱛᱮ ᱥᱚᱢᱟᱱᱚ-ᱥᱚᱢᱟᱱ ᱧᱟᱢᱟᱠᱟᱫᱼᱟ ᱦᱤᱥᱟᱹ ᱨᱮ ᱛᱟᱸᱦᱮᱸᱠᱟᱱ ᱛᱮ ᱴᱩᱤᱞᱟᱹ ᱫᱚᱭ ᱛᱷᱤᱨ ᱦᱟᱯᱮᱭᱮᱱᱟ।
train_santalimale_03425	ᱱᱤᱛ ᱫᱚ ᱨᱟᱜᱼᱟ ᱦᱚᱢᱚᱨ ᱠᱟᱛᱮ ᱫᱚ ᱪᱮᱫᱼᱟ ᱮ ᱪᱮᱠᱟᱭᱟ?
train_santalimale_05241	ᱚᱲᱟᱜᱼᱟ ᱨᱮᱫᱚ ᱟᱡᱼᱟ ᱮᱥᱠᱟᱨ ᱜᱮ ᱢᱮᱱᱟᱭᱟ।
train_santalimale_05092	ᱤᱱᱟᱹᱜᱼᱟ ᱛᱮᱜᱮᱭ ᱨᱚᱲ ᱫᱟᱨᱟᱢ ᱜᱚᱫᱼᱟ ᱠᱮᱫᱟ, ᱵᱟᱹᱦᱩ ᱢᱟᱪᱚ ᱴᱟ ᱵᱟᱠᱚ ᱠᱚᱞᱮ ᱠᱟᱱ।
train_santalimale_03718	ᱡᱩᱫᱤ ᱥᱟᱹᱨᱤᱭᱟᱜᱼᱟ ᱜᱮ ᱤᱧ ᱜᱩᱨᱩᱧ ᱵᱮᱱᱟᱣ ᱞᱮᱱ ᱠᱷᱟᱱ ᱨᱮᱸᱜᱮᱪᱚᱚᱨᱮᱡᱼᱟ, ᱴᱩᱣᱟᱹᱨᱴᱟᱯᱟᱨ ᱟᱨ ᱮᱢᱟᱱ ᱡᱚᱛᱚ ᱦᱚᱲ ᱨᱩᱣᱟᱹ ᱦᱟᱥᱚᱜᱼᱟ ᱮᱢᱟᱱ ᱨᱮ ᱥᱟᱹᱨᱤᱱᱟᱜᱼᱟ ᱤᱧ ᱨᱟᱱ ᱠᱮᱠᱚᱟ ᱟᱨ ᱞᱟᱹᱴᱩ ᱦᱚᱲ ᱤᱧ ᱦᱩᱭ ᱠᱚᱜᱼᱟᱟ।
train_santalimale_03221	ᱥᱮᱱᱮᱱ ᱠᱷᱟᱱᱮ ᱧᱮᱞᱮᱫᱼᱟ ᱠᱟᱱᱟ ᱡᱮ ᱚᱱᱟ ᱦᱩᱰᱤᱧᱚᱦᱩᱰᱤᱧ ᱵᱟᱲᱮᱹ ᱫᱟᱨᱮ ᱫᱚ ᱟᱹᱰᱤ ᱢᱟᱨᱟᱝ ᱦᱟᱨᱟᱣᱟᱠᱟᱱᱟ।
train_santalimale_03768	ᱚᱱᱟ ᱢᱟ ᱞᱮ ᱫᱟᱹᱲ ᱠᱮᱫᱼᱟ, ᱡᱩᱫᱤᱭ ᱜᱮᱨ ᱞᱮᱞᱮ ᱠᱷᱟᱱ ᱚᱠᱚᱭ ᱵᱮᱥ ᱠᱮᱞᱮᱭᱟ?
train_santalimale_04601	ᱟᱡᱟᱨ ᱡᱚᱴᱟᱣᱟᱭ ᱞᱟᱦᱟ ᱨᱮ ᱫᱟᱫᱟᱛᱛᱮᱫᱼᱟ ᱫᱚᱭ ᱢᱟᱱᱟ ᱞᱮᱫᱮ ᱜᱮᱭᱟ।
train_santalimale_01946	ᱟᱨ ᱜᱮᱞᱢᱚᱸᱰᱮᱸ ᱴᱟᱠᱟ ᱜᱟᱱᱮ ᱯᱟᱭᱥᱟ ᱠᱮᱫᱟ।
train_santalimale_04653	ᱩᱱᱤ ᱥᱚᱛᱮᱡᱼᱟ ᱟᱨ ᱦᱚᱸ ᱧᱟᱯᱟᱢ ᱫᱚᱦᱲᱟᱹᱜᱼᱟ ᱞᱟᱹᱜᱤᱫᱼᱟ, ᱢᱮᱱᱠᱷᱟᱱ ᱦᱟᱞᱟᱠ ᱜᱮ ᱱᱚᱝᱠᱟᱭ ᱡᱟᱱᱟᱢ ᱚᱪᱚ ᱠᱮᱫᱟ ᱚᱠᱟ ᱫᱚ ᱟᱹᱰᱤ ᱴᱩᱝ ᱚᱠᱛᱮ ᱨᱮ ᱟᱹᱞᱤᱧ ᱵᱟᱯᱟᱜ ᱠᱮᱫᱼᱟ ᱞᱤᱧ।
train_santalimale_01501	ᱚᱱᱠᱟᱜᱮ ᱫᱷᱟᱹᱨᱛᱤᱯᱩᱨᱤ ᱨᱮ ᱦᱚᱸ ᱢᱤᱫᱼᱟᱴᱟᱝ ᱥᱫᱟᱜᱚᱨ ᱮ ᱛᱟᱸᱦᱮᱸᱠᱟᱱᱟ।
train_santalimale_01928	ᱤᱭᱟᱹ ᱫᱟ! ᱫᱚ ᱥᱮ, ᱟᱨ ᱢᱤᱫᱼᱟ ᱫᱷᱟᱣ ᱜᱚᱲᱚᱢ ᱵᱟᱵᱟ ᱛᱮᱠᱚ ᱪᱩᱴᱤ ᱞᱟᱹᱜᱟᱣ ᱟᱹᱜᱩ ᱣᱟᱠᱚ ᱛᱟᱵᱚᱱ ᱢᱮ।
train_santalimale_04353	ᱩᱤᱦᱟᱹᱨ ᱟᱨ ᱠᱟᱹᱦᱤᱥ ᱟᱲᱟᱹᱝ ᱫᱚ ᱛᱟᱦᱮᱸᱱ ᱜᱮᱭᱟ।
train_santalimale_03683	ᱤᱧ ᱫᱚ ᱪᱤᱛᱨᱟᱹ ᱜᱷᱩᱴᱩ ᱟᱛᱚ ᱨᱮᱱ ᱱᱟᱢᱰᱟᱠ ᱜᱩᱨᱩ ᱠᱟᱹᱱᱟᱹᱧ।
train_santalimale_03419	ᱩᱱᱤ ᱟᱡᱼᱟ ᱨᱮᱱ ᱜᱟᱛᱮ ᱠᱩᱲᱤ ᱠᱚ ᱧᱮᱞᱛᱮ ᱵᱷᱟᱵᱱᱟ ᱜᱮᱭ ᱟᱹᱤᱠᱟᱹᱣᱟ।
train_santalimale_04849	ᱧᱮᱞᱚ-ᱧᱮᱯᱮᱞ ᱢᱟ ᱮᱱᱛᱮ ᱠᱟᱹᱨᱛᱤᱠ ᱪᱟᱸᱫᱚ ᱨᱮᱜᱮ ᱦᱚᱭ ᱟᱠᱟᱱᱟ।
train_santalimale_03760	ᱤᱱᱟᱹ ᱠᱟᱛᱷᱟ ᱢᱮᱱ ᱠᱟᱛᱮᱫᱼᱟ ᱜᱮ ᱟᱡᱼᱟ ᱜᱚᱜᱚ ᱫᱚ ᱨᱢᱮᱥ ᱚᱲᱟᱜᱼᱟ ᱥᱮᱡᱼᱟ ᱮ ᱤᱫᱤ ᱠᱮᱫᱮᱭᱟ ᱫᱟᱠᱟ ᱡᱚᱢ।
train_santalimale_04828	ᱥᱟᱹᱨᱤ ᱜᱮ ᱤᱧ ᱫᱚᱧ ᱦᱟᱥᱚ ᱞᱟᱝᱜᱟᱣᱟᱠᱟᱱ ᱛᱟᱦᱮᱸᱱᱟ।
train_santalimale_02620	ᱥᱟᱱᱟᱢ ᱡᱩᱢᱤᱧ ᱥᱟᱴᱷᱟ ᱪᱟᱵᱟ ᱠᱮᱫᱟ।
train_santalimale_04049	ᱠᱤᱥᱱᱤ ᱞᱮᱠᱟ ᱪᱮᱨᱚ-ᱵᱮᱨᱚ, ᱢᱤᱨᱩ ᱪᱮᱸᱲᱮᱸ ᱞᱮᱠᱟ ᱠᱮᱸᱰᱮᱸᱫᱼᱟ-ᱫᱚᱸᱰᱮᱸᱫᱼᱟ ᱟᱱᱫᱚᱲ ᱠᱟᱜᱼᱟ ᱮᱢ ᱟᱧᱡᱚᱢ ᱠᱚᱟ।
train_santalimale_01746	ᱩᱱᱤ ᱨᱮᱱ ᱫᱚ ᱮᱭᱟᱭ ᱜᱚᱴᱟᱝ ᱦᱚᱯᱚᱱ ᱮᱨᱟᱠᱚ ᱛᱟᱸᱦᱮᱸᱠᱟᱱᱟ।
train_santalimale_01650	ᱡᱮᱢᱚᱱ ᱜᱮ ᱛᱤᱨᱭᱚ ᱮ ᱫᱟᱨᱩᱲ ᱞᱮᱫᱼᱟᱟ, ᱛᱮᱢᱚᱱ ᱜᱮ ᱛᱤᱨᱭᱚ ᱠᱷᱚᱱ ᱫᱚ ᱢᱤᱫᱼᱟᱴᱟᱝ ᱟᱹᱰᱤ ᱪᱮᱦᱨᱟ ᱠᱩᱲᱤ ᱮ ᱵᱮᱱᱟᱣᱮᱱᱟ।
train_santalimale_03966	ᱤᱥᱟᱹᱨᱟ ᱛᱮᱦᱚᱸ ᱞᱟᱹᱤ ᱨᱮᱭᱟᱜᱼᱟ ᱠᱷᱮᱢᱚᱛᱟ ᱵᱟᱝ ᱛᱟᱭ।
train_santalimale_02968	ᱵᱟᱱᱟ ᱦᱚᱲ ᱠᱤᱱ ᱵᱮᱨᱮᱫᱼᱟ ᱮᱱᱟ ᱟᱨ ᱵᱟᱲᱜᱮ ᱦᱚᱨ ᱛᱮ ᱚᱲᱟᱜᱼᱟ ᱛᱮ ᱫᱚ ᱠᱤᱱ ᱵᱚᱞᱚᱭᱮᱱᱟ।
train_santalimale_04156	ᱟᱡᱼᱟ ᱨᱮᱱ ᱪᱟᱪᱚᱠᱤᱭᱟᱹ ᱟᱨ ᱥᱚᱛᱚᱜᱤᱭᱟᱹ ᱩᱲᱟᱹᱣᱚᱜᱼᱟ ᱞᱟᱹᱜᱤᱫᱼᱟ ᱤᱞ ᱠᱤᱱ ᱯᱟᱥᱱᱟᱣᱮᱫᱼᱟ ᱛᱟᱭᱟ।
train_santalimale_00665	ᱚᱲᱟᱹ: ᱨᱩᱣᱟᱹᱲ ᱡᱚᱦᱚᱷ ᱚᱱᱟ ᱪᱷᱟᱢᱲᱟᱹ ᱚᱲᱟᱹᱷ ᱫᱚ ᱠᱚ ᱟᱛᱟᱨ ᱦᱚᱴᱚ ᱠᱟ: ᱟ।
train_santalimale_03389	ᱞᱟᱦᱟ ᱥᱮᱡᱼᱟ ᱢᱟ ᱦᱚᱨ ᱜᱮ ᱵᱟᱭ ᱧᱮᱞ ᱧᱟᱢ ᱞᱮᱫᱼᱟ ᱚᱠᱟ ᱛᱮᱭ ᱥᱮᱱᱚᱜᱼᱟᱟ?
train_santalimale_03740	ᱵᱤᱨ ᱡᱟᱱᱣᱟᱨ ᱥᱤᱠᱟᱹᱨᱤᱭᱟᱹ ᱦᱚᱲ ᱟᱹᱰᱤ ᱫᱤᱞᱜᱟᱹᱨᱤᱭᱟᱹ ᱠᱚ ᱞᱟᱹᱭᱚᱜᱼᱟᱟ।
train_santalimale_03519	ᱱᱚᱟ ᱫᱚ ᱚᱠᱚᱭ ᱦᱚᱸ ᱵᱟᱝ ᱵᱚᱱ ᱞᱟᱹᱭ ᱫᱟᱲᱮᱹᱭᱟᱜᱼᱟᱟ।
train_santalimale_04202	ᱢᱮᱱᱠᱷᱟᱱ ᱚᱠᱚᱭ ᱴᱟᱜᱼᱟ ᱥᱤᱠᱟᱹᱨᱤᱭᱟᱹ ᱠᱚᱲᱟᱹ ᱦᱚᱸ ᱵᱟᱠᱚ ᱛᱮᱨᱟᱝ ᱡᱚᱥ ᱫᱟᱲᱮᱣᱟᱫᱮᱭᱟ।
train_santalimale_05095	ᱮᱱᱛᱮ ᱨᱩᱣᱟᱹ ᱚᱠᱛᱮ ᱠᱷᱚᱱ ᱱᱤᱛ ᱫᱚ ᱦᱚᱲᱢᱚ ᱟᱹᱰᱤ ᱜᱮ ᱯᱷᱮᱨᱟᱣᱟᱠᱟᱱ ᱛᱟᱭᱟ।
train_santalimale_04422	ᱥᱟᱱᱟᱢ ᱠᱟᱹᱢᱤ ᱱᱚᱠᱚ ᱜᱮᱠᱚ ᱧᱮᱞ ᱥᱟᱸᱣᱦᱟᱭᱮᱫᱼᱟ ᱟ।
train_santalimale_01896	ᱦᱮ ᱢᱟ ᱵᱚᱸᱜᱟ ᱱᱚᱚᱭ ᱥᱟᱠᱨᱟᱛ ᱯᱟᱹᱨᱟᱹᱵ ᱧᱩᱛᱩᱢᱛᱮ, ᱨᱟᱱ ᱫᱟ:, ᱛᱟᱯᱟᱱ ᱫᱟ: ᱮᱢᱟᱢ ᱠᱟᱱ, ᱪᱟᱞᱟᱢ ᱠᱟᱱ ᱥᱩᱠᱛᱮ ᱥᱟᱸᱣᱟᱨᱛᱮ, ᱟᱛᱟᱝᱠᱟ: ᱛᱮᱞᱟᱠᱟ: ᱛᱟᱞᱮᱯᱮ।
train_santalimale_01356	ᱢᱤᱫᱼᱟᱫᱤᱱ ᱢᱩᱨᱢᱩᱜᱩᱛᱤ ᱠᱚᱲᱟᱹ ᱫᱚ ᱠᱟᱰᱟ ᱜᱩᱯᱤ ᱜᱩᱯᱤ ᱛᱮ ᱠᱟᱰᱟ ᱴᱷᱮᱱᱮ ᱨᱚᱷ ᱜᱚᱡᱼᱟ ᱦᱚᱪᱚᱭᱮᱱᱟ।
train_santalimale_03742	ᱦᱟᱛᱣᱟᱦᱟᱹᱛᱣᱤ ᱟᱠᱚᱣᱟᱹᱜᱼᱟ ᱡᱚᱛᱚ ᱥᱟᱢᱟᱱ ᱠᱚ ᱥᱟᱵᱼᱟ ᱠᱮᱫᱟ ᱟᱨ ᱵᱤᱨᱟᱹᱢᱯᱟᱴ ᱠᱚ ᱫᱟᱹᱲ ᱠᱮᱫᱟ।
train_santalimale_03803	ᱤᱧ ᱜᱮ ᱡᱚᱛᱚ ᱥᱤᱠᱷᱱᱟᱹᱛ ᱫᱚᱧ ᱮᱢᱟᱯᱮᱭᱟ, ᱚᱠᱟ ᱴᱟᱜᱼᱟ ᱟᱯᱮᱭᱟᱜᱼᱟ ᱢᱚᱱᱮ ᱨᱮ ᱢᱮᱱᱟᱜᱼᱟ।
train_santalimale_01850	ᱢᱟᱜᱷ ᱵᱚᱸᱜᱟ ᱨᱮ ᱵᱟᱹᱜᱷᱭᱟ ᱵᱚᱸᱜᱟ ᱜᱚᱪᱟᱨ ᱛᱟᱭᱚᱢᱜᱮ ᱵᱤᱨ ᱠᱚ ᱵᱚᱞᱚ ᱞᱮᱱᱟ, ᱟᱲᱟᱹᱷ ᱥᱟᱠᱟᱢ ᱠᱚ ᱥᱤᱫᱞᱮᱫᱟ, ᱫᱟᱹᱛᱟᱹᱱᱤ ᱠᱚ ᱯᱮᱴᱮᱡᱼᱟ ᱞᱮᱫᱟ।
train_santalimale_02014	ᱠᱷᱟᱱ, ᱚᱲᱟᱹᱜᱼᱟ ᱮ ᱡᱷᱤᱡᱼᱟ ᱟᱫᱮ ᱥᱮᱭ ᱨᱚᱲ ᱫᱟᱢ ᱠᱮᱫᱮᱭᱟ, ᱟᱹᱰᱤᱢ ᱱᱮᱦᱟᱞ ᱟᱠᱟᱱᱟ।
train_santalimale_01215	ᱢᱮᱱᱟᱠᱚ ᱱᱟᱨᱚᱥᱤᱸᱜ ᱜᱩᱨᱩ ᱦᱚᱸ ᱟᱹᱰᱤ ᱢᱟᱨᱟᱝ ᱜᱩᱨᱩ ᱮ ᱛᱟᱸᱦᱮᱸᱠᱟᱱᱟ।
train_santalimale_04105	ᱱᱚᱟ ᱫᱚ ᱥᱩᱠᱤ ᱟᱨ ᱵᱟᱹᱵᱟᱹᱭ ᱛᱟᱹᱠᱤᱱᱟᱹᱜᱼᱟ ᱠᱚᱞᱮᱡ ᱨᱮᱭᱟᱜᱼᱟ ᱛᱩᱨᱩᱭᱟᱜᱼᱟ ᱫᱤᱱ ᱠᱷᱚᱱ ᱜᱮ ᱡᱟᱹᱱᱤᱡᱼᱟ ᱰᱷᱮᱨ ᱫᱚ ᱠᱮᱴᱮᱡᱼᱟ ᱤᱫᱤᱞᱮᱱ ᱛᱟᱹᱠᱤᱱᱟᱹ।
train_santalimale_01182	ᱱᱟᱨᱚᱥᱤᱸᱜ ᱜᱩᱨᱩ ᱟᱨ ᱦᱤᱥᱤ ᱫᱚ ᱚᱱᱟ ᱯᱟᱲᱵᱟᱜᱟᱱ ᱚᱲᱟᱹ: ᱨᱮᱜᱮᱠᱤᱱ ᱛᱟᱸᱦᱮᱸᱱᱠᱟᱱ ᱛᱟᱸᱦᱮᱸᱠᱟᱱᱟ।
train_santalimale_01335	ᱢᱟᱨᱰᱤ ᱠᱚᱲᱟᱹ ᱟᱨ ᱠᱤᱥᱠᱩ ᱠᱩᱲᱤᱭᱟ: ᱵᱟᱵᱼᱟᱞᱟ ᱦᱩᱭ ᱮᱱᱟ।
train_santalimale_03987	ᱵᱮᱴᱠᱟ ᱛᱟᱠᱚ ᱚᱲᱟᱜᱼᱟ ᱨᱮᱱ ᱜᱚᱜᱚ ᱦᱚᱲ ᱠᱚ ᱫᱚ ᱱᱟᱥᱮ ᱵᱚᱛᱚᱨ ᱢᱟᱪᱷᱟ ᱦᱚᱸᱠᱚ ᱟᱹᱤᱠᱟᱹᱩ ᱮᱫᱟ ᱟᱨ ᱵᱟᱵᱟ ᱦᱚᱲ ᱠᱚ ᱫᱚ ᱡᱷᱟᱢᱮᱞᱟ ᱦᱚᱸᱠᱚ ᱟᱹᱤᱠᱟᱹᱩ ᱮᱫᱟ।
train_santalimale_02137	ᱜᱚᱡᱼᱟ ᱞᱮᱱ ᱠᱷᱟᱱ ᱜᱮᱢ ᱵᱚᱜᱮ ᱟᱛᱟᱨ ᱠᱚᱜᱼᱟᱟ।
train_santalimale_03988	ᱵᱮᱴᱠᱟ ᱟᱡᱼᱟ ᱵᱟᱹᱯᱩ ᱫᱚ ᱦᱮᱡᱼᱟ ᱟᱠᱟᱱ ᱦᱚᱲ ᱴᱷᱮᱱᱮ ᱢᱮᱱ ᱠᱮᱫᱟ, ᱡᱟᱦᱟᱸ ᱞᱮᱠᱟ ᱞᱮᱱᱠᱷᱟᱱᱮ ᱱᱮᱸᱠᱟᱱ ᱦᱚᱲ ᱜᱮ ᱵᱟᱢ ᱫᱚᱥᱚᱜᱼᱟ ᱟ।
train_santalimale_03954	ᱢᱮᱸᱫᱼᱟ ᱦᱟᱸ ᱫᱚ ᱢᱟᱭᱟᱢ ᱢᱮᱥᱟ ᱩᱨᱞᱩ-ᱯᱩᱨᱞᱩ, ᱫᱟᱢᱟ-ᱫᱚᱢᱚ ᱧᱮᱞᱚᱜᱼᱟ ᱠᱟᱱ ᱛᱟᱭᱟ।
train_santalimale_05047	ᱟᱹᱠᱤᱱ ᱡᱩᱨᱤ-ᱯᱟᱹᱨᱤ ᱛᱟᱞᱟ ᱨᱮᱦᱚᱸ ᱵᱚᱜᱮ-ᱡᱩᱫᱟᱹ ᱠᱩᱯᱩᱞᱤ ᱨᱚᱯᱚᱲ ᱮᱯᱮᱢᱚ-ᱪᱟᱯᱟᱞ ᱛᱷᱩᱠᱟᱹᱢ ᱮᱱᱟ।
train_santalimale_04248	ᱢᱮᱱᱠᱷᱟᱱ ᱵᱟᱹᱵᱟᱹᱭ ᱫᱚ ᱵᱟᱝ ᱮ ᱧᱮᱞ ᱮᱫᱼᱟ ᱠᱟᱱ ᱞᱮᱠᱟᱭ ᱟᱴᱠᱟᱨ ᱮᱫᱟ।
train_santalimale_04201	ᱥᱤᱠᱟᱹᱨᱤᱭᱟᱹ ᱠᱚᱲᱟ ᱠᱚ ᱦᱚᱸ ᱟᱜᱼᱟ ᱴᱩᱴᱤ ᱛᱮᱨᱟᱝ ᱮ ᱢᱮᱛᱟᱫᱼᱟ ᱠᱚ ᱛᱟᱦᱮᱸᱜᱮᱭᱟ।
train_santalimale_01844	ᱢᱮᱱᱟᱠᱚ ᱥᱮᱫᱟᱭ ᱢᱟᱱᱣᱟᱠᱚ ᱵᱩᱥᱟᱹᱲ ᱮᱱ ᱠᱷᱟᱱ ᱴᱷᱟᱠᱩᱨ ᱴᱷᱟᱠᱨᱟᱱ ᱥᱚᱠᱷᱟ ᱛᱮ ᱢᱟᱨᱟᱝ ᱵᱩᱨᱩ ᱫᱚ ᱢᱟᱱᱣᱟ ᱠᱚ ᱫᱚᱦᱚ ᱞᱟᱹᱜᱤᱫᱼᱟ ᱛᱮ ᱵᱤᱨ ᱮ ᱢᱟ: ᱯᱷᱟᱨᱪᱟ ᱞᱮᱫᱼᱟ ᱛᱟᱸᱦᱮᱸᱠᱟᱱᱟ।
train_santalimale_03290	ᱢᱤᱫᱼᱟ ᱫᱤᱱ ᱢᱚᱱᱮ ᱠᱮᱴᱮᱡᱼᱟ ᱠᱟᱛᱮ ᱢᱟᱹᱬᱴᱩ ᱫᱚ ᱯᱟᱹᱠᱞᱩ ᱚᱲᱟᱜᱼᱟ ᱛᱮᱭ ᱤᱫᱤ ᱠᱮᱫᱮᱭᱟ।
train_santalimale_02056	ᱚᱱᱟ ᱜᱟᱞᱟᱝ ᱢᱟᱞᱟ ᱠᱷᱚᱱ ᱢᱚᱸᱡ ᱜᱮ ᱥᱚᱱᱫᱷᱮᱲᱥᱚ।
train_santalimale_04313	ᱢᱤᱫᱼᱟ ᱫᱤᱱ ᱥᱤᱨᱤᱥ ᱫᱟᱨᱮ ᱵᱩᱴᱟᱹ ᱨᱮ ᱵᱟᱹᱵᱟᱹᱭ ᱫᱚᱭ ᱫᱩᱰᱩᱵᱼᱟ ᱟᱠᱟᱱ ᱛᱟᱦᱮᱸᱱᱟ।
train_santalimale_02146	ᱯᱩᱥᱤ ᱜᱟᱹᱸᱲᱤ ᱠᱚ ᱮᱱᱮᱡᱼᱟ ᱠᱚ ᱞᱮᱠᱟ ᱠᱮᱫᱮᱭᱟᱭ।
train_santalimale_03789	ᱢᱮᱱᱠᱷᱟᱱ ᱩᱱᱚᱠᱩ ᱯᱮᱱᱮ ᱵᱚᱭᱦᱟ ᱜᱮ ᱟᱡᱼᱟ ᱵᱟᱵᱟᱣᱟᱜᱼᱟ ᱠᱟᱛᱷᱟ ᱫᱚ ᱵᱟᱝᱠᱚ ᱦᱮᱛᱟᱣᱟᱫᱟ, ᱟᱨ ᱵᱤᱪᱚ-ᱠᱚᱢ ᱢᱤᱫᱼᱟ ᱡᱤᱜᱤᱨ ᱠᱚ ᱨᱚᱲ ᱠᱮᱫᱟ।
train_santalimale_02040	ᱚᱱᱟ ᱫᱚ ᱵᱟᱲᱮ ᱴᱟᱹᱬᱰᱤ ᱜᱮᱠᱚ ᱵᱟᱦᱱᱟ ᱟᱹᱜᱩᱣᱟᱠᱟᱫᱟ।
train_santalimale_04148	ᱵᱟᱹᱧ ᱵᱩᱡ ᱧᱟᱢ ᱫᱟᱲᱮᱭᱟᱫᱼᱟ ᱛᱟᱢᱟ ᱟᱢᱟᱜᱼᱟ ᱢᱮᱱ ᱨᱮᱭᱟᱜᱼᱟ ᱢᱮᱱᱮᱫᱼᱟ ᱫᱚ।
train_santalimale_04493	ᱞᱟᱹᱴᱩ-ᱞᱟᱹᱴᱩ ᱠᱟᱛᱷᱟ ᱟᱭᱟᱜᱼᱟ ᱢᱚᱱᱮ ᱨᱮ ᱛᱟᱨᱠᱚ ᱭᱮᱱ ᱠᱷᱟᱱ ᱯᱟᱨᱠᱚᱢ ᱛᱤᱣᱤᱧ ᱠᱟᱛᱮ ᱵᱟᱲᱜᱮ ᱥᱮᱡᱼᱟ ᱠᱷᱚᱱ ᱨᱟᱪᱟᱭᱮ ᱵᱚᱞᱚᱭᱮᱱᱟ।
train_santalimale_02232	ᱟᱨ ᱢᱤᱫᱼᱟ ᱥᱟᱭ ᱜᱚᱡ ᱜᱟᱱ ᱜᱮ ᱡᱮᱞᱮᱧᱟ, ᱠᱚᱞᱯᱱᱟ ᱪᱟᱣᱠ ᱠᱷᱚᱱ ᱯᱟᱹᱪᱷᱤᱢ ᱛᱮ ᱪᱟᱞᱟᱣ ᱟᱠᱟᱱ ᱰᱟᱦᱟᱨ ᱦᱚᱸ ᱯᱮ ᱥᱟᱭ ᱜᱚᱡ ᱜᱟᱱ ᱡᱮᱞᱮᱧᱟ ᱟᱨ ᱚᱱᱟ ᱫᱚ ᱴᱤᱱ ᱵᱟᱡᱟᱨ ᱪᱟᱣᱠ ᱨᱮ ᱛᱚᱝᱜᱮ ᱢᱤᱫᱼᱟ ᱟᱠᱟᱱᱟ।
train_santalimale_04904	ᱚᱠᱟ ᱨᱮᱭᱮ ᱧᱟᱯᱟᱢᱟ? ᱟᱯᱟᱢ ᱧᱮᱯᱮᱞ ᱨᱮᱫᱚ ᱯᱟᱥᱮᱡᱼᱟ ᱞᱤᱧ ᱨᱚᱲ ᱡᱚᱲ ᱠᱚᱜᱼᱟ ᱜᱮᱭᱟ।
train_santalimale_00683	ᱵᱟᱦᱚᱷ ᱟᱹᱪᱩᱨ ᱠᱤᱱ ᱦᱚᱲ ᱫᱚ ᱜᱟᱢᱪᱷᱟ ᱨᱮ ᱪᱟᱸᱫᱚ ᱨᱟᱠᱟᱵᱼᱟ ᱥᱮᱫᱼᱟ ᱥᱟᱢᱟᱝ ᱠᱟᱛᱮ ᱫᱩᱰᱩᱵᱼᱟ ᱠᱤᱱᱟᱭ।
train_santalimale_03102	ᱧᱮᱞᱮ ᱠᱟᱱᱮ ᱫᱤᱯᱚᱠ ᱢᱟ ᱱᱤᱛ ᱦᱚᱸ ᱵᱟᱭ ᱡᱟᱹᱯᱤᱫᱼᱟ ᱟᱠᱟᱫᱼᱟ ᱟᱨ ᱪᱮᱫᱼᱟ ᱠᱚ ᱪᱚ ᱚᱚᱞ ᱛᱮ ᱜᱮ ᱦᱮᱱᱟᱭ।
train_santalimale_01855	ᱟᱥᱟᱲᱤᱹᱭᱟ ᱵᱚᱸᱜᱟ ᱫᱚ ᱠᱩᱲᱤ ᱵᱚᱸᱜᱟ ᱠᱟᱱᱟᱭ, ᱚᱱᱟᱛᱮ ᱡᱟᱦᱮᱨ ᱟᱭᱚ ᱥᱟᱸᱣ ᱜᱮ ᱢᱟᱨᱟᱝ ᱵᱩᱨᱩ ᱫᱚ ᱡᱟᱦᱮᱨ ᱨᱮ ᱥᱤᱫᱩᱯ ᱟᱠᱟᱫᱼᱟ ᱫᱮᱭᱟ।
train_santalimale_03198	ᱩᱱ ᱚᱜᱼᱟᱛᱮ ᱜᱮ ᱵᱟᱦᱨᱮ ᱠᱷᱚᱱᱟᱜᱼᱟ ᱫᱤᱯᱚᱠ ᱮ ᱦᱮᱡᱼᱟ ᱮᱱᱟ।
train_santalimale_04793	ᱟᱡᱼᱟ ᱜᱚ ᱣᱟᱜᱼᱟ ᱢᱚᱪᱟ ᱛᱮᱧ ᱟᱧᱡᱚᱢᱟᱠᱟᱫᱟ।
train_santalimale_03161	ᱫᱤᱯᱚᱠ ᱫᱚ ᱱᱮᱣᱛᱟ ᱞᱟᱹᱜᱤᱫᱼᱟ ᱤᱧ ᱦᱮᱡᱼᱟ ᱟᱠᱟᱱᱟ।
train_santalimale_05113	ᱟᱫᱚ ᱪᱮᱠᱟᱭᱮᱱ ᱱᱚᱜᱼᱟᱚᱭ ᱪᱚᱢ ᱱᱟᱯᱟᱭ ᱩᱛᱟᱹᱨᱮᱱ।
train_santalimale_04455	ᱥᱟᱹᱨᱤ ᱜᱮᱠᱚ ᱢᱮᱱ ᱟᱠᱟᱫᱟ ᱢᱟᱹᱱᱢᱤ ᱟᱨ ᱫᱟᱹᱱᱢᱤ ᱛᱟᱞᱟ ᱨᱮ ᱡᱩᱫᱤ ᱛᱟᱠᱨᱟᱲ ᱦᱚᱭ ᱞᱮᱱ ᱠᱷᱟᱱ ᱫᱟᱹᱱᱢᱤᱭᱟᱜᱼᱟ ᱜᱮ ᱡᱤᱛᱠᱟᱹᱨ ᱫᱚ ᱦᱩᱭᱩᱜᱼᱟ ᱟ।
train_santalimale_02594	ᱡᱩᱨᱤᱫᱩᱞᱟᱹᱲ ᱫᱚ ᱫᱩᱢᱩᱨᱨᱟᱥᱟ ᱠᱷᱚᱱ ᱦᱚᱸ ᱦᱮᱲᱮᱢ ᱜᱮᱭᱟ।
train_santalimale_04928	ᱟᱹᱰᱤ ᱦᱩᱫᱤᱥ ᱪᱤᱱᱛᱟᱹᱨᱮᱭ ᱯᱟᱲᱟᱹᱣᱮᱱᱟ।
train_santalimale_04407	ᱢᱮᱱᱠᱷᱟᱱ ᱨᱟᱸᱜᱟᱣ ᱠᱟᱛᱮᱱᱮ ᱪᱮᱠᱟᱭᱟ?
train_santalimale_02078	ᱨᱚᱦᱚᱭ ᱡᱚᱠᱷᱮᱡᱼᱟ ᱜᱮ ᱦᱚᱨᱛᱮᱱ ᱦᱚᱲ ᱫᱚᱠᱚ ᱠᱩᱞᱤ ᱡᱚᱝᱟ ᱦᱮᱱᱫᱟ ᱦᱚ ᱯᱮᱲᱟᱹ ᱦᱚᱲ।
train_santalimale_04062	ᱵᱩᱜᱤ ᱡᱩᱫᱟᱹ ᱤᱥᱤᱱ ᱟᱨᱩ ᱞᱮᱠᱷᱟᱱ ᱟᱹᱠᱤᱱ ᱥᱩᱢᱩᱝ ᱡᱚᱢ ᱟᱨ ᱛᱮᱱ ᱫᱚᱦᱚ ᱠᱟᱜᱼᱟ ᱫᱚ ᱧᱩᱛ ᱚᱲᱟᱜᱼᱟ ᱨᱮ ᱥᱤᱧ ᱯᱚᱴᱚᱢ ᱜᱷᱩᱞᱚ-ᱜᱷᱩᱞᱟᱹᱜᱼᱟ ᱞᱮᱠᱟ ᱠᱤᱱ ᱟᱴᱠᱟᱨᱮᱫᱼᱟ ᱠᱟᱱ ᱛᱟᱸᱦᱮᱸᱱᱟ।
train_santalimale_03667	ᱨᱩᱣᱟᱹᱜᱼᱟᱦᱟᱥᱚ ᱟᱫᱤᱥᱟᱹ ᱦᱚᱲ ᱫᱚ ᱪᱮᱫᱼᱟ, ᱜᱚᱡᱼᱟ ᱦᱚᱲ ᱦᱚᱸᱧ ᱵᱮᱥ ᱮᱫᱼᱟ ᱠᱚᱟ।
train_santalimale_02103	ᱫᱟᱨᱮ ᱥᱮ ᱵᱤᱨ ᱠᱚ ᱛᱟᱸᱦᱮᱸᱱ ᱠᱷᱟᱱ ᱜᱮ ᱚᱱᱚᱨᱚᱞ ᱦᱚᱸ ᱱᱟᱯᱟᱭ ᱛᱟᱸᱦᱮᱸᱱᱟ ᱟᱨ ᱱᱟᱯᱟᱭ ᱚᱱᱚᱨᱚᱞ ᱨᱮᱜᱮ ᱢᱟᱱᱣᱟᱸ ᱠᱚᱟᱜᱼᱟ ᱡᱤᱭᱚᱱ ᱫᱚ, ᱴᱮᱦᱟᱲ ᱢᱮᱱᱟᱜᱼᱟᱟ ᱡᱤᱭᱚᱱ ᱫᱚ!
train_santalimale_01136	ᱩᱱᱡᱚᱦᱚᱷ ᱢᱟᱨᱟᱝ ᱵᱩᱨᱩ ᱫᱚ ᱱᱚᱝᱠᱟ ᱵᱟᱸᱠᱷᱲᱮᱹ ᱮ ᱞᱟᱭ ᱟᱛᱚᱠᱤᱱ ᱛᱟᱸᱦᱮᱸᱠᱟᱱᱟ।
train_santalimale_04242	ᱱᱚᱟ ᱢᱮᱸᱫᱼᱟ ᱫᱟᱜᱼᱟ ᱛᱟᱭᱚᱢ ᱛᱮ ᱦᱩᱫᱤᱥᱚ-ᱪᱤᱱᱛᱟᱹ, ᱠᱷᱚᱱᱫᱚ-ᱨᱚᱱᱫ ᱮ ᱫᱷᱩᱨᱟᱹᱩ ᱮᱱᱟ।
train_santalimale_04354	ᱪᱤᱴᱷᱤ ᱫᱚ ᱱᱚᱬᱰᱮ ᱜᱮᱧ ᱢᱩᱪᱟᱹᱫᱼᱟ ᱠᱮᱫᱟ।
train_santalimale_02224	ᱥᱸᱛᱟᱞ ᱯᱚᱨᱚᱜᱱᱟ ᱡᱤᱞᱟᱹ ᱨᱮᱭᱟᱜᱼᱟ ᱵᱩᱴᱟᱹ ᱫᱚ ᱫᱩᱢᱠᱟᱹ ᱱᱟᱜᱨᱟᱦᱟ ᱜᱮ।
train_santalimale_04361	ᱢᱚᱧᱡ ᱱᱟᱯᱟᱭ ᱢᱤᱫᱼᱟ ᱢᱚᱱᱮ ᱨᱮ ᱢᱮᱱᱟᱜᱼᱟ ᱠᱤᱱᱟᱹ।
train_santalimale_04025	ᱮᱱᱠᱟ-ᱮᱱᱠᱟ ᱛᱮᱜᱮ ᱩᱱᱤᱭᱟᱜᱼᱟ ᱜᱮᱨᱟᱝ ᱦᱚᱸ ᱧᱩᱛᱚ-ᱧᱤᱱᱫᱟᱹ ᱠᱟᱲᱟᱹᱝ ᱡᱟᱹᱯᱤᱫᱼᱟ ᱩᱢᱫᱷᱤ ᱦᱚᱲ ᱠᱚᱟᱜᱼᱟ ᱞᱩᱛᱩᱨ ᱠᱚ ᱠᱷᱚᱱ ᱪᱷᱟᱱ ᱮᱱᱟ।
train_santalimale_02206	ᱵᱟᱝ ᱫᱚ ᱯᱚᱨᱚᱵᱯᱚᱨᱵᱟᱥ ᱨᱮᱜᱮ ᱟᱨ ᱵᱟᱝ ᱫᱚ ᱡᱟᱦᱟᱸ ᱛᱤᱥ ᱨᱮ ᱜᱮᱭ ᱯᱟᱲᱟᱹᱜᱼᱟᱟ।
train_santalimale_01723	ᱱᱚᱛᱮ ᱟᱭᱚᱡᱼᱟ ᱢᱟᱢᱟ ᱫᱚ ᱡᱤᱞᱠᱚ ᱡᱚᱜᱟᱲ ᱠᱟᱛᱮ ᱚᱲᱟᱹ: ᱮ ᱦᱮᱡᱼᱟ ᱮᱱᱟ।
train_santalimale_05057	ᱟᱭᱢᱟ ᱫᱤᱱ ᱯᱟᱨᱚᱢᱮᱱᱟ ᱮᱱ ᱨᱮᱦᱚᱸ ᱯᱟᱧᱡᱟ ᱫᱚ ᱵᱟᱠᱚ ᱦᱮᱡᱼᱟ ᱞᱮᱱᱟ।
train_santalimale_03723	ᱢᱮᱱᱠᱷᱟᱱ ᱱᱟᱸᱦᱟᱸᱜᱼᱟ ᱡᱩᱜ ᱨᱮᱢᱟ ᱱᱟᱱᱟᱯᱚᱨᱠᱟᱱᱟᱜᱼᱟ ᱠᱟᱨᱚᱱ ᱚᱢᱚᱱ ᱟᱠᱟᱱᱟ ᱚᱱᱟ ᱫᱚ ᱚᱡᱷᱟ ᱜᱩᱱᱤ ᱛᱮ ᱫᱚ ᱚᱦᱚ ᱜᱮ ᱵᱮᱥ ᱠᱚᱜᱼᱟᱟ।
train_santalimale_05179	ᱥᱤᱨᱡᱚᱱᱤᱭᱟᱹ ᱵᱟᱭ ᱥᱚᱵᱷᱟᱭ, ᱥᱟᱹᱨᱤ ᱥᱟᱨᱡᱚᱢ ᱥᱟᱠᱟᱢ ᱪᱮᱛᱟᱱ ᱡᱚᱡᱚᱢ ᱛᱤ ᱠᱟᱹᱴᱩᱵᱼᱟ ᱛᱮ ᱱᱟᱱᱟ ᱦᱩᱱᱟᱹᱨ ᱞᱟᱴᱚ-ᱵᱟᱞᱟᱝ ᱟᱨᱟᱜᱼᱟ-ᱟᱨᱟᱜᱼᱟ ᱨᱚᱝ ᱵᱟᱦᱟ ᱢᱟᱞᱟ ᱜᱟᱛᱷᱟᱣ ᱠᱟᱛᱮ ᱚᱱᱟ ᱢᱟᱫᱼᱟ ᱡᱷᱟᱲ ᱨᱮᱧ ᱦᱟᱨᱟᱲᱟᱜᱼᱟ ᱟ।
train_santalimale_03385	ᱚᱠᱚᱭ ᱩᱱᱤ ᱧᱮᱞ ᱛᱚᱨᱟ ᱠᱚ ᱞᱟᱸᱫᱟ ᱫᱟᱨᱟᱢᱟᱭ ᱠᱟᱱ ᱛᱟᱸᱦᱮᱸᱠᱟᱱᱟ ᱟᱨ ᱩᱱᱤ ᱥᱚᱸᱜᱮ ᱠᱚ ᱠᱷᱤᱞᱚᱰ ᱠᱟᱱ ᱛᱟᱸᱦᱮᱸᱠᱟᱱᱟ, ᱩᱱᱚᱠᱩ ᱦᱚᱲ ᱦᱚᱸ ᱩᱱᱤ ᱧᱮᱞ ᱛᱮ ᱥᱟᱦᱟᱲᱚᱜᱼᱟ ᱠᱚ ᱮᱦᱚᱵᱼᱟ ᱮᱱᱟ।
train_santalimale_02272	ᱮᱨᱟᱛ ᱛᱮᱫᱼᱟ ᱟᱹᱰᱤ ᱠᱟᱹᱦᱤᱞ ᱮ ᱞᱟᱝᱜᱟ ᱤᱭᱟᱹᱛᱮ ᱨᱟᱱ ᱚᱪᱚᱭ ᱞᱟᱹᱜᱤᱫᱼᱟ ᱰᱟᱠᱛᱟᱨ ᱴᱷᱮᱱ ᱮ ᱟᱹᱜᱩ ᱞᱮᱫᱮᱭᱟ ᱟᱨ ᱰᱟᱠᱛᱟᱨ ᱫᱚ ᱧᱮᱞ ᱵᱟᱲᱟᱹ ᱠᱟᱛᱮ ᱨᱩᱯᱩ ᱨᱟᱱ ᱮ ᱚᱞ ᱟᱫᱮᱭᱟ।
train_santalimale_00429	ᱠᱩᱲᱤᱭᱟᱷ ᱥᱟᱱᱟᱢ ᱥᱚᱢᱯᱚᱛᱛᱤ ᱪᱮᱛᱟᱱ ᱨᱮ ᱠᱚᱲᱟᱹ ᱫᱚ ᱦᱚᱠ ᱮ ᱧᱟᱢᱟ।
train_santalimale_03337	ᱛᱚᱵᱮ ᱛᱮᱛᱟᱝ ᱠᱟᱭᱨᱟ ᱯᱚᱦᱟ ᱞᱮᱠᱟ ᱞᱮᱣᱮᱨ ᱠᱚᱫᱚᱨ ᱫᱚᱭ ᱵᱮᱱᱟᱣ ᱟᱠᱟᱱ ᱛᱟᱸᱦᱮᱸᱠᱟᱱᱟ।
train_santalimale_04265	ᱵᱟᱭ ᱵᱩᱡ ᱫᱟᱲᱮᱭᱟᱜᱼᱟ ᱠᱟᱱᱟ, ᱪᱮᱫᱼᱟ ᱫᱤᱱ ᱫᱟᱨᱟᱭ ᱠᱟᱱᱟ?
train_santalimale_05138	ᱜᱟᱛᱮ ᱠᱩᱲᱤ ᱠᱚ ᱠᱷᱚᱱ ᱵᱮᱜᱟᱨ ᱚᱱᱟ ᱦᱮᱢᱟᱞ ᱩᱢᱩᱞ ᱨᱟᱹᱤᱞᱟᱹ ᱢᱟᱛᱠᱚᱢ ᱫᱟᱨᱮ ᱵᱩᱴᱟᱹ ᱠᱷᱚᱱ ᱯᱷᱟᱨᱟᱠ, ᱫᱮᱭᱟᱣᱟᱠᱟᱫᱼᱟ ᱟᱡᱼᱟ ᱢᱚᱛᱚ ᱜᱮ, ᱮᱥᱠᱟᱨ ᱱᱤᱨᱡᱟᱞᱟ ᱜᱩᱱᱟᱹᱱ ᱜᱟᱬᱲᱚᱱ ᱪᱤᱱᱛᱟᱹᱭᱮᱫᱼᱟ ᱛᱩᱞᱩᱡᱼᱟ!
train_santalimale_01561	ᱯᱤᱞᱪᱩ ᱦᱟᱲᱟᱹᱢ ᱯᱤᱞᱪᱩ ᱵᱩᱲᱦᱤ ᱫᱚ ᱩᱱᱤ ᱜᱤᱫᱨᱟᱹ ᱫᱚ ᱥᱚᱸᱜᱮ ᱛᱮ, ᱟᱠᱚ ᱴᱷᱮᱱᱚᱠᱤᱱ ᱤᱫᱤ ᱠᱮᱫᱮᱭᱟ।
train_santalimale_01176	ᱦᱤᱥᱤ ᱫᱚ ᱯᱤᱞᱪᱩ ᱦᱟᱲᱟᱹᱢ ᱵᱩᱲᱦᱤ ᱨᱮᱱ ᱢᱟᱨᱟᱝ ᱩᱛᱟᱹᱨᱤᱡᱼᱟ ᱜᱤᱫᱨᱟᱹ ᱮ ᱛᱟᱸᱦᱮᱸᱠᱟᱱᱟ।
train_santalimale_01473	ᱢᱟᱨᱰᱤ ᱠᱚᱲᱟᱹᱠᱚ, ᱥᱟᱫᱚᱢ ᱪᱩᱯᱤ ᱨᱮᱠᱚ ᱥᱟᱵᱼᱟ ᱮᱱᱠᱷᱟᱱ ᱠᱤᱥᱠᱩ ᱠᱚᱲᱟᱹ ᱫᱚ ᱥᱟᱫᱚᱢ ᱵᱟᱹᱜᱤ ᱠᱟᱛᱮ ᱚᱲᱟᱹ: ᱛᱮᱭ ᱫᱟᱹᱲᱠᱮᱫᱼᱟ ᱟ।
train_santalimale_05142	ᱦᱮᱣᱟᱣᱟᱠᱟᱱ ᱦᱚᱲ ᱦᱮᱲᱟ-ᱜᱮᱥᱟᱣᱟᱠᱟᱫᱼᱟ ᱴᱷᱟᱹᱸᱤ ᱨᱮᱜᱮ ᱢᱚᱧᱡ ᱱᱟᱯᱟᱭ ᱟᱨ ᱡᱤᱣᱤ ᱫᱚ ᱫᱷᱤᱨᱚᱯᱩᱨᱩᱱ ᱢᱚᱱᱮ ᱫᱚ ᱛᱤᱨᱚᱯᱤᱛ ᱟᱴᱠᱟᱨᱚᱜᱼᱟ ᱟ।
train_santalimale_03412	ᱢᱮᱱᱠᱷᱟᱱ ᱚᱠᱚᱭ ᱟᱸᱡᱚᱢᱮᱫᱼᱟ ᱛᱟᱢᱟ, ᱚᱱᱮᱭ ᱨᱚᱲᱟ, ᱤᱧ ᱫᱚ ᱜᱚ ᱥᱟᱨᱟ ᱫᱤᱱ ᱵᱚᱠᱚᱲᱵᱚᱠᱚᱲ ᱵᱟᱹᱧ ᱨᱚᱲ ᱫᱟᱲᱮᱹᱭᱟᱜᱼᱟᱟ।
train_santalimale_01590	ᱩᱱᱡᱚᱦᱚ ᱩᱱᱚᱠᱤᱱ ᱵᱮᱥᱨᱟ ᱠᱩᱲᱤ ᱫᱚ ᱟᱹᱰᱤᱠᱤᱱ ᱨᱟᱹᱥᱠᱟᱹᱭᱮᱱᱟ।
train_santalimale_03464	ᱟᱢ ᱜᱮᱪᱚᱢ ᱞᱟᱹᱭ ᱞᱮᱫᱼᱟ ᱵᱟᱝᱢᱟ ᱠᱤᱥᱟᱹᱸᱲ ᱦᱚᱲ ᱠᱟᱱᱟᱯᱮ ᱟᱨ ᱱᱩᱠᱨᱤ ᱠᱟᱹᱢᱤ ᱦᱚᱸ ᱱᱟᱦᱟᱜᱼᱟ ᱤᱧ ᱧᱟᱢᱟ।
train_santalimale_03551	ᱤᱭᱟᱹ ᱟᱵᱚ ᱟᱛᱚ ᱨᱮᱱ ᱫᱷᱚᱱᱟᱣᱟᱜᱼᱟ ᱢᱟ ᱱᱟᱹᱤᱦᱟᱹᱨ ᱢᱟ ᱥᱚᱢᱟᱭ ᱛᱮᱠᱚ ᱟᱛᱚ ᱠᱟᱱ ᱛᱟᱭ ᱜᱮ।
train_santalimale_04714	ᱢᱚᱱᱮ-ᱢᱚᱱᱮ ᱛᱮᱫᱚ ᱟᱹᱰᱤ ᱟᱸᱴᱤᱧ ᱡᱷᱩᱸᱠᱮᱱ ᱜᱮᱭᱟ।
train_santalimale_03606	ᱡᱟᱱᱛᱮ ᱫᱷᱤᱨᱤ ᱨᱤᱫᱼᱟ ᱞᱮᱠᱟ ᱨᱚᱲ ᱞᱟᱸᱫᱟ ᱢᱟᱛᱟᱭ ᱢᱟᱨᱟᱸᱲᱢᱟᱨᱟᱸᱲ।
train_santalimale_00499	ᱟᱨ ᱡᱟᱸᱣᱟᱭ ᱥᱮᱡᱼᱟ ᱨᱮᱭᱟ: ᱚᱲᱟᱹ: ᱫᱚ ᱵᱟᱦᱩᱭ ᱧᱟᱢ ᱠᱮᱫᱟ।
train_santalimale_03486	ᱟᱨ ᱢᱤᱫᱼᱟ ᱥᱮᱨᱢᱟ ᱛᱟᱭᱚᱢ ᱫᱚ ᱢᱚᱸᱡ ᱛᱮ ᱥᱤᱢᱚᱱ ᱫᱚ ᱢᱮᱭᱴᱨᱤᱠ ᱵᱤᱲᱟᱹᱩ ᱮ ᱯᱟᱥ ᱠᱮᱫᱟ।
train_santalimale_03315	ᱩᱱᱚᱠᱩᱣᱟᱜᱼᱟ ᱵᱚᱦᱚᱜᱼᱟ ᱫᱚ ᱞᱚᱞᱚ ᱜᱮ ᱛᱟᱸᱦᱮᱸᱭᱮᱱᱟ।
train_santalimale_03914	ᱢᱤᱫᱼᱟ ᱜᱷᱟᱹᱲᱤ ᱫᱚ ᱪᱮᱫᱼᱟ ᱦᱚᱸ ᱵᱟᱝᱚᱠᱤᱱ ᱨᱚᱲ ᱣᱟᱱᱟ।
train_santalimale_04437	ᱵᱟᱱᱟᱨ ᱵᱚᱭᱦᱟᱣᱟᱜᱼᱟ ᱵᱟᱯᱞᱟ ᱫᱚ ᱟᱹᱰᱤ ᱱᱟᱯᱟᱭᱸ, ᱟᱹᱰᱤ ᱡᱟᱠᱚ-ᱡᱚᱢᱚᱠ ᱛᱮ ᱦᱚᱭᱮᱱ ᱛᱟᱹᱠᱤᱱᱟᱹ।
train_santalimale_00358	ᱟᱹᱛᱩ ᱦᱚᱲ ᱪᱷᱟᱹᱴᱭᱟᱹᱨᱚᱧᱩᱛᱩᱢ ᱩᱢ ᱵᱟᱲᱟᱹ ᱦᱮᱡᱼᱟ ᱠᱟᱛᱮ ᱫᱷᱟᱸᱭ ᱵᱩᱲᱦᱤ ᱫᱚ ᱦᱟᱸᱰᱤ ᱟᱨ ᱫᱟ: ᱮ ᱪᱚᱰᱚᱨᱟ।
train_santalimale_05080	ᱮᱱᱛᱮ ᱤᱥᱠᱩᱞ ᱠᱷᱚᱱ ᱠᱚᱞᱮᱡ ᱦᱟᱹᱵᱤᱡᱼᱟ ᱢᱤᱫᱼᱟ ᱛᱮᱜᱮ ᱥᱮᱪᱮᱫᱼᱟ ᱞᱤᱧ ᱦᱟᱢᱮᱴ ᱞᱮᱫᱟ।
train_santalimale_00369	ᱢᱟᱨᱟᱝ ᱠᱚᱲᱟᱹ ᱟᱨ ᱢᱟᱨᱟᱝ ᱠᱩᱲᱤ ᱫᱚ ᱠᱚᱲᱟᱹ ᱯᱟᱦᱴᱟᱨᱮᱱ ᱜᱚᱲᱚᱢ ᱦᱟᱲᱟᱹᱢ ᱜᱚᱲᱚᱢ ᱵᱩᱲᱦᱤ ᱠᱚ ᱧᱩᱛᱩᱢ ᱠᱚᱣᱟ।
train_santalimale_04468	ᱡᱚᱠᱷᱚᱱ ᱟᱭᱟᱜᱼᱟ ᱡᱤᱭᱚᱱ ᱨᱮᱭᱟᱜᱼᱟ ᱟᱹᱠᱷᱤᱨ ᱵᱟᱵᱚᱛ ᱛᱮᱭ ᱦᱩᱫᱤᱥ ᱧᱟᱢ ᱠᱮᱫᱟ।
train_santalimale_00874	ᱠᱟᱹᱞᱠᱟ ᱩᱴᱷᱟᱣ ᱫᱚ ᱢᱤᱫᱼᱟ ᱱᱤᱭᱚᱢ ᱫᱷᱚᱨᱚᱢ ᱠᱟᱹᱢᱤ ᱠᱟᱱᱟ।
train_santalimale_04279	ᱢᱮᱱᱠᱷᱟᱱ ᱦᱚᱭ ᱱᱟᱹᱦᱤᱸᱧ ᱫᱷᱚᱠᱲᱟᱹ ᱞᱮᱱᱟ।
train_santalimale_01234	ᱠᱟᱛᱷᱟᱭ ᱢᱮᱱᱟᱠᱚ, ᱥᱮᱫᱟᱭ ᱠᱟᱹᱢᱨᱩᱜᱩᱨᱩ ᱫᱚ ᱟᱹᱰᱤ ᱢᱟᱨᱟᱝ ᱜᱩᱨᱩ ᱮ ᱛᱟᱸᱦᱮᱸᱠᱟᱱᱟ।
train_santalimale_01550	ᱮᱱᱠᱷᱟᱱ ᱩᱱᱤ ᱢᱩᱨᱩᱢ ᱮᱸᱜᱟ ᱛᱚ ᱥᱩᱞᱟᱠ ᱚᱨ ᱵᱚᱭᱚᱡᱼᱟ ᱠᱟᱛᱮ, ᱥᱟᱹᱞ ᱜᱟᱹᱰᱭᱟ ᱥᱮᱫᱼᱟ ᱮ ᱫᱟᱹᱲᱠᱮᱫᱼᱟ ᱟ, ᱦᱚᱯᱚᱱ ᱫᱚ ᱢᱩᱨᱩᱢ ᱮᱸᱜᱟ ᱛᱟᱭᱚᱢ ᱛᱟᱭᱚᱢᱛᱮᱭ ᱫᱟᱹᱲᱠᱮᱫᱼᱟᱟ।
train_santalimale_02484	ᱨᱟᱢᱥᱟᱹᱤ ᱫᱚ ᱮᱸᱜᱟᱛᱚᱟᱯᱟᱛ ᱨᱮᱱ ᱮᱠᱟᱯᱩᱛᱚᱮ ᱛᱟᱸᱦᱮᱸᱠᱟᱱ ᱛᱮ ᱡᱩᱢᱤ ᱵᱟᱝ ᱦᱟᱹᱴᱤᱧ ᱞᱮᱱ ᱛᱟᱭᱟ ᱟᱨ ᱮᱸᱜᱟᱛᱚᱟᱯᱟᱛ ᱵᱮᱸᱰᱟᱣ ᱛᱟᱭᱱᱚᱢ ᱯᱪᱟᱥ ᱵᱤᱜᱷᱟ ᱡᱟᱭᱜᱟ ᱨᱮᱱ ᱢᱟᱹᱞᱤᱠᱚᱮ ᱦᱩᱭ ᱮᱱᱟ।
train_santalimale_00635	ᱛᱮᱞ ᱱᱟᱦᱟᱱ ᱠᱟᱹᱢᱤ ᱫᱚ ᱜᱚᱭᱚᱡᱼᱟ ᱚᱲᱟᱹᱷ ᱨᱮᱱᱟᱷ ᱫᱚᱥᱟᱨ ᱠᱟᱹᱢᱤ ᱠᱟᱱᱟ।
train_santalimale_03584	ᱥᱚᱢᱟᱭ ᱫᱚ ᱫᱷᱚᱱᱟᱭ ᱠᱩᱞᱤ ᱨᱩᱣᱟᱹᱲ ᱠᱮᱫᱮᱭᱟ, ᱦᱮᱱᱫᱟ ᱦᱚᱸ ᱡᱟᱸᱦᱟᱸ ᱠᱚᱨᱮ ᱵᱷᱟᱡᱟᱱ ᱛᱟᱱᱮᱡᱼᱟ ᱮᱢ ᱧᱮᱞ ᱟᱠᱟᱫᱼᱟ ᱠᱚᱟ ᱥᱮ ᱪᱮᱫᱼᱟ?
train_santalimale_03888	ᱵᱟᱦᱟ ᱢᱟᱹᱸᱭ ᱟᱨ ᱥᱚᱢ ᱫᱚ ᱮᱛᱚᱦᱚᱵᱼᱟ ᱨᱮ ᱫᱚ ᱠᱩᱞᱦᱤ-ᱫᱷᱩᱲᱤ ᱨᱮᱜᱮ ᱠᱤᱱ ᱮᱱᱮᱡᱼᱟ ᱧᱟᱯᱟᱢᱮᱱᱟ।
train_santalimale_04008	ᱵᱮᱴᱠᱟ ᱟᱡᱼᱟ ᱜᱚ ᱫᱚ ᱩᱥᱟᱹᱨᱟ ᱡᱚᱢ ᱛᱷᱟᱹᱨᱤ-ᱵᱟᱹᱴᱤ ᱥᱟᱹᱭᱛᱟᱹᱩ ᱵᱟᱲᱟᱹ ᱠᱟᱛᱮ ᱢᱤᱫᱼᱟ ᱠᱟᱝᱠᱷᱟ ᱵᱟᱹᱴᱤ ᱫᱟᱜᱼᱟ ᱮ ᱤᱫᱤ ᱚᱴᱚ ᱠᱟᱫᱟ ᱟᱨ ᱫᱟᱠᱟᱭ ᱚᱲᱟᱜᱼᱟ ᱛᱮᱭ ᱨᱩᱣᱟᱹᱲ ᱪᱟᱞᱟᱣ ᱮᱱᱟ।
train_santalimale_00645	ᱠᱟᱸᱲᱮᱹ ᱟᱸᱰᱜᱚ ᱡᱚᱦᱚ ᱫᱚ ᱟᱹᱛᱩ ᱦᱚᱲᱠᱚ ᱵᱟᱸᱠᱷᱮᱲᱟᱹ।
train_santalimale_00414	ᱱᱚᱣᱟ ᱵᱟᱵᱼᱟᱞᱟ ᱫᱚ ᱦᱟᱲᱟᱹᱢ ᱵᱟᱨᱭᱟᱫᱼᱟ ᱵᱟᱵᱼᱟᱞᱟ ᱠᱚ ᱢᱮᱛᱟ: ᱟ।
train_santalimale_03158	ᱫᱚᱥᱟᱨ ᱥᱮᱛᱟᱜᱼᱟ ᱫᱤᱯᱚᱠ ᱨᱮᱱ ᱢᱤᱫᱼᱟ ᱴᱮᱱ ᱥᱟᱸᱣᱦᱮᱸᱛᱤᱭᱟᱹ ᱜᱟᱛᱮ ᱨᱚᱸᱡᱚᱱ ᱫᱤᱯᱚᱠ ᱟᱜᱼᱟ ᱚᱲᱟᱹᱜᱼᱟ ᱛᱮ ᱦᱚᱦᱚᱭ ᱛᱩᱞᱩᱡᱼᱟ ᱮ ᱵᱚᱞᱚᱭᱮᱱᱟ ᱮ ᱫᱤᱯᱚᱠ ᱫᱟ ᱚᱲᱟᱜᱼᱟ ᱨᱮ ᱫᱚ ᱦᱮᱱᱟᱢᱟ ᱥᱮ ᱵᱟᱝ?
train_santalimale_00313	ᱱᱟᱭ ᱵᱟᱲᱮᱹ ᱱᱟᱯᱟᱭ ᱵᱟᱲᱮᱹ ᱞᱮ ᱛᱟᱸᱦᱮᱸᱠᱚ।
train_santalimale_04477	ᱜᱷᱟᱨᱚᱧᱡ ᱚᱠᱟ ᱞᱮᱠᱟᱛᱮ ᱪᱟᱞᱟᱜᱼᱟ ᱟ, ᱚᱠᱟ ᱞᱮᱠᱟᱛᱮ ᱵᱟᱝ, ᱱᱚᱟ ᱨᱮᱭᱟᱜᱼᱟ ᱥᱟᱱᱟᱢ ᱵᱷᱟᱨ ᱢᱟᱨᱟᱝ ᱵᱚᱭᱦᱟ ᱴᱷᱮᱱ ᱜᱮ।
train_santalimale_04605	ᱫᱤᱱᱚ-ᱫᱤᱱ ᱛᱮ ᱠᱷᱮᱛᱚ-ᱵᱟᱹᱫ ᱫᱚᱭ ᱟᱹᱠᱚᱨᱤᱧ ᱪᱟᱵᱟ ᱠᱮᱫᱟ।
train_santalimale_02096	ᱢᱟᱱᱣᱟᱸ ᱠᱚ ᱪᱷᱟᱰᱟ ᱠᱟᱛᱮ ᱫᱚ ᱡᱤᱣ ᱡᱤᱭᱟᱹᱞᱤ, ᱪᱮᱰᱮᱸᱪᱤᱯᱨᱩᱫᱼᱟ, ᱥᱟᱱᱟᱢ ᱠᱚ ᱜᱮ ᱯᱚᱨᱦᱚᱭ ᱦᱟᱹᱴᱤᱧᱟᱫᱼᱟ ᱠᱚᱟ।
train_santalimale_05174	ᱱᱟᱥᱮ ᱮᱲᱮᱡᱼᱟ ᱦᱟᱥᱚ ᱛᱩᱞᱩᱡᱼᱟ ᱢᱮᱢᱮᱱ ᱮ ᱫᱷᱩᱨᱟᱣᱮᱱᱟ, ᱦᱮᱨᱮᱞ ᱦᱚᱯᱚᱱ ᱡᱟᱱᱟᱢ।
train_santalimale_01631	ᱩᱱᱡᱚᱦᱚ: ᱦᱩᱰᱤᱧ ᱠᱚᱲᱟᱹ ᱫᱚ ᱟᱦᱟᱨ ᱟᱲᱮᱹ ᱨᱮ ᱫᱩᱰᱩᱵᱼᱟ ᱠᱟᱛᱮ ᱨᱟᱜᱮᱫᱼᱟ ᱛᱟᱸᱦᱮᱸᱠᱟᱱᱟᱭ।
train_santalimale_04854	ᱡᱟᱦᱟᱸ ᱛᱤᱥ ᱱᱟᱹᱤᱦᱟᱹᱨ ᱛᱮ ᱪᱟᱞᱟᱣ ᱵᱟᱲᱟᱹᱜᱼᱟ ᱨᱮ ᱟᱰᱮ ᱯᱟᱥᱮ ᱨᱮᱱ ᱦᱚᱲ ᱟᱹᱰᱤ ᱩᱥᱟᱹᱨᱟ ᱠᱚ ᱠᱩᱞᱤ ᱜᱚᱫᱮᱧᱟ।
train_santalimale_04448	ᱚᱠᱟ ᱞᱮᱠᱟᱛᱮ ᱥᱩᱞᱩᱠ ᱜᱷᱟᱨᱚᱧᱡ ᱨᱮ ᱡᱷᱚᱜᱲᱟᱹ-ᱡᱷᱟᱴᱤ ᱥᱤᱨᱚᱡᱚᱜᱼᱟ ᱟ ᱚᱱᱠᱟ ᱞᱮᱠᱟ ᱠᱚ ᱩᱯᱟᱹᱭ ᱠᱮᱫᱟ।
train_santalimale_01205	ᱟᱞᱮ ᱫᱚ ᱵᱟᱲᱤᱹᱡᱼᱟ ᱵᱚᱸᱜᱟ ᱠᱟᱱᱟᱞᱮ।
train_santalimale_04039	ᱡᱚᱠᱷᱚᱱ ᱜᱮ ᱡᱟᱦᱟᱸᱭ ᱦᱚᱲ ᱡᱟᱦᱟᱸᱱᱟᱜᱼᱟ ᱠᱚ ᱢᱮᱛᱟ ᱠᱤᱱ, ᱩᱱ ᱫᱚ ᱢᱮᱱ ᱜᱚᱫᱼᱟ ᱮᱫᱼᱟ ᱠᱟᱱ ᱛᱟᱸᱦᱮᱸᱱᱟᱹᱠᱤᱱ, ᱥᱟᱸᱜᱮ ᱜᱮ ᱵᱟᱞᱮ ᱥᱟᱸᱜᱮᱜᱼᱟ ᱠᱟᱱ ᱫᱚ।
train_santalimale_03608	ᱟᱵᱚ ᱢᱟ ᱧᱮᱞᱧᱮᱯᱮᱞ ᱨᱮᱭᱟᱜᱼᱟ ᱪᱚᱞᱚᱱ ᱢᱮᱱᱟᱜᱼᱟ ᱛᱟᱵᱚᱱᱟ ᱛᱤᱥ ᱟᱫᱚ ᱠᱩᱲᱤ ᱠᱚᱲᱟ ᱫᱚ ᱵᱚᱱ ᱧᱮᱯᱮᱞ ᱠᱤᱱᱟ।
train_santalimale_02105	ᱜᱟᱹᱭ ᱜᱩᱯᱤ ᱨᱮ ᱜᱩᱯᱤ ᱠᱚᱫᱚ ᱪᱮᱸᱰᱮᱸ ᱠᱚ ᱯᱟᱹᱥᱤ ᱞᱮᱫᱼᱟ ᱠᱚᱟ।
train_santalimale_03998	ᱠᱩᱞᱤ ᱭᱮᱠᱟᱱ ᱠᱚ ᱨᱮᱫᱚ ᱥᱟᱱᱟᱢ ᱞᱮᱠᱟᱱ ᱠᱩᱠᱞᱤ ᱨᱮᱭᱟᱜᱼᱟ ᱛᱮᱞᱟ ᱮᱢᱚᱜᱼᱟ ᱛᱮᱫᱚ ᱟᱹᱰᱤ ᱜᱮᱭ ᱞᱤᱪᱟᱹᱲ ᱜᱚᱫᱼᱟ ᱟᱠᱟᱱᱟ।
train_santalimale_00664	ᱢᱤᱫᱼᱟ ᱯᱟᱛᱲᱟᱹ ᱫᱟᱠᱟ, ᱢᱤᱫᱼᱟ ᱯᱷᱩᱰᱩ: ᱡᱤᱞ, ᱟᱨ ᱢᱤᱫᱼᱟ ᱯᱷᱩᱰᱩ ᱫᱟ: ᱫᱚ ᱟᱨᱦᱚ ᱦᱟᱴᱟ: ᱨᱮ ᱫᱚᱦᱚᱠᱟᱛᱮ ᱚᱲᱟᱹ: ᱛᱮᱠᱚ ᱟᱹᱜᱩ ᱨᱩᱣᱟᱲᱟ।
train_santalimale_01727	ᱥᱟᱨᱟᱜᱷᱟᱲᱤ ᱫᱟᱠᱟ ᱜᱮᱠᱤᱱ ᱧᱟᱢ ᱠᱟᱱᱟ, ᱚᱱᱟᱛᱮ ᱵᱟᱹᱫᱚᱛᱤᱧ ᱵᱷᱮᱡᱟ ᱟᱠᱟᱫᱼᱟ ᱠᱤᱱᱟ।
train_santalimale_04080	ᱥᱚᱢᱚᱭ ᱯᱟᱨᱚᱢ ᱪᱟᱞᱟᱜᱼᱟ ᱥᱟᱸᱣᱚ-ᱥᱟᱸᱣ ᱛᱮ ᱥᱤᱨᱡᱚᱱᱤᱭᱟᱹ ᱫᱚ ᱟᱭᱟᱜᱼᱟ ᱡᱚᱲᱟᱹᱣ ᱨᱮᱭ ᱡᱚᱲᱟᱹᱣ ᱢᱮᱜᱮᱭᱟ।
train_santalimale_00331	ᱟᱨ ᱰᱟᱸᱜᱨᱤ ᱠᱟᱲᱟᱹ ᱠᱷᱩᱱᱴᱟᱹᱣ ᱞᱟᱹᱜᱤᱫᱼᱟ ᱠᱩᱞᱦᱤ ᱛᱮ ᱠᱚ ᱚᱲᱚᱝ ᱠᱚᱣᱟ।
train_santalimale_00915	ᱱᱚᱣᱟ ᱴᱷᱟᱨ ᱵᱷᱟᱥᱟ ᱫᱚ ᱡᱟᱱᱟᱢ ᱯᱟᱹᱨᱥᱤ ᱥᱟᱱᱛᱟᱲᱤ ᱵᱷᱟᱥᱟ ᱞᱮᱠᱟᱠᱚ ᱢᱚᱱᱮᱭᱮᱫᱼᱟ ᱛᱟᱸᱦᱮᱸᱠᱟᱱᱟ।
train_santalimale_01003	ᱚᱲᱟᱹ: ᱨᱩᱣᱟᱹᱲ ᱦᱮᱡᱼᱟᱠᱟᱛᱮ, ᱥᱟᱱᱟᱢ ᱜᱤᱫᱨᱟᱹ ᱠᱤᱱ ᱦᱚᱦᱚᱥᱩᱨ ᱠᱮᱫᱼᱟ ᱠᱚᱣᱟ।
train_santalimale_02904	ᱢᱤᱫᱼᱟ ᱫᱤᱱ ᱫᱚ ᱤᱧ ᱦᱟᱢᱟᱞᱮᱱ ᱨᱮᱭᱟᱜᱼᱟ ᱠᱟᱛᱷᱟᱧ ᱞᱟᱹᱭ ᱟᱫᱮᱭᱟ।
train_santalimale_04521	ᱪᱟᱜᱼᱟ ᱡᱮ ᱟᱯᱱᱟᱨ ᱜᱤᱫᱨᱟᱹ ᱦᱚᱭ ᱠᱟᱛᱮ ᱡᱩᱫᱤ ᱩᱱᱤ ᱥᱟᱢᱟᱝ ᱨᱮᱠᱤᱱ ᱡᱷᱚᱜᱲᱟᱹ ᱡᱷᱟᱹᱴᱤᱜᱼᱟ ᱟ।
train_santalimale_01842	ᱢᱟᱜᱷᱟ ᱪᱟᱸᱫᱚ ᱨᱮ ᱫᱚ ᱢᱟᱜᱷ ᱵᱚᱸᱜᱟ ᱧᱩᱛᱩᱢ ᱛᱮ ᱵᱩᱨᱩ ᱦᱟᱨᱟ ᱨᱮ ᱵᱟᱹᱜᱷᱭᱟ ᱵᱚᱸᱜᱟ ᱮ ᱥᱤᱫᱩᱯ ᱞᱮᱫᱮ ᱛᱟᱸᱦᱮᱸᱠᱟᱱᱟ।
train_santalimale_04827	ᱠᱟᱛᱷᱟ ᱟᱧᱡᱚᱢ ᱥᱟᱸᱣᱛᱮ ᱤᱧ ᱴᱷᱮᱱᱮ ᱦᱮᱡᱼᱟ ᱮᱱᱟ।
train_santalimale_00098	ᱥᱚᱦᱨᱟᱭ ᱪᱟᱸᱫᱚ ᱨᱮ ᱫᱚ ᱥᱚᱦᱨᱟᱭ ᱵᱚᱸᱜᱟ, ᱟᱥᱟᱲ ᱪᱟᱸᱫᱚ ᱨᱮ ᱫᱚ ᱡᱚᱢᱚᱥᱤᱢ ᱵᱚᱸᱜᱟ, ᱯᱩᱥ ᱪᱟᱸᱫᱚ ᱨᱮ ᱫᱚ ᱥᱟᱠᱨᱟᱛ ᱵᱚᱸᱜᱟ।
train_santalimale_02873	ᱛᱚᱵᱮ ᱪᱟᱸᱫᱨᱟᱭ ᱫᱚᱭ ᱨᱚᱲ ᱜᱚᱫᱼᱟ ᱠᱮᱫᱟ ᱦᱟᱞᱚᱭ ᱟᱞᱚᱢ ᱚᱱᱠᱟᱭᱟ ᱵᱤᱴᱤ।
train_santalimale_05169	ᱢᱮᱛᱟᱢ ᱠᱟᱹᱱᱟᱹᱧ ᱟᱢ ᱫᱚ ᱵᱚᱰᱮ ᱫᱟᱜᱼᱟ ᱜᱮ ᱥᱮᱛᱮᱧᱚᱜᱼᱟ ᱢᱮᱸ, ᱨᱟᱦᱟᱢ ᱫᱟᱜᱼᱟ ᱜᱮ ᱵᱷᱩᱢᱵᱩᱠᱚᱜᱼᱟ ᱢᱮᱸ ᱡᱟᱛᱮ ᱢᱟᱹᱱᱢᱤ ᱠᱚ ᱞᱚᱨᱟᱣᱚᱜᱼᱟ ᱵᱟᱠᱚ ᱧᱩ ᱫᱟᱲᱮᱭᱟᱜᱼᱟ, ᱟᱞᱚ ᱠᱚ ᱟᱹᱤᱴᱷᱟᱹ ᱢᱮᱸ।
train_santalimale_04064	ᱟᱨ ᱡᱟᱸᱣᱟᱸᱭ ᱠᱚᱟᱜᱼᱟ ᱢᱚᱪᱟ ᱠᱚ ᱠᱷᱚᱱ ᱦᱚᱸ ᱚᱸᱠᱟ ᱜᱮ ᱟᱠᱚ ᱠᱚᱨᱮᱱ ᱮᱸᱜᱟᱛᱚ-ᱟᱯᱟᱛ ᱠᱚᱟᱜᱼᱟ ᱢᱚᱪᱟ ᱠᱚᱨᱮ ᱪᱮᱯᱮᱡᱼᱟ ᱦᱟᱹᱴᱤᱧ ᱞᱮᱱᱟ।
train_santalimale_04389	ᱤᱱᱟᱹ ᱛᱟᱭᱚᱢ ᱫᱚ ᱢᱤᱰᱤᱞ ᱤᱥᱠᱩᱞ ᱨᱮᱠᱚ ᱵᱷᱩᱨᱛᱤ ᱠᱟᱫᱼᱟ ᱠᱤᱱ।
train_santalimale_03471	ᱥᱚᱱᱟ ᱫᱚ ᱟᱠᱚ ᱥᱚᱨ ᱵᱟᱡᱟᱨ ᱛᱮ ᱡᱚᱢᱚᱧᱩᱸ ᱞᱟᱹᱜᱤᱫᱼᱟ ᱥᱟᱣᱫᱟ ᱠᱤᱨᱤᱧ ᱢᱮᱱ ᱛᱮᱭ ᱪᱟᱞᱟᱣ ᱞᱮᱱᱟ, ᱩᱱ ᱡᱚᱠᱷᱚᱱ ᱜᱮ ᱱᱚᱟ ᱵᱟᱵᱚᱛ ᱦᱚᱲ ᱠᱚ ᱜᱟᱯᱟᱞ ᱢᱟᱨᱟᱣ ᱠᱟᱱᱟ ᱠᱚ।
train_santalimale_04908	ᱩᱱᱤᱭᱟᱜᱼᱟ ᱩᱤᱦᱟᱹᱨ ᱱᱟᱞᱟ ᱨᱮ ᱡᱟᱭᱚᱡᱩᱜ ᱞᱤᱸᱜᱤᱱ ᱛᱮᱜᱮᱧ ᱛᱟᱦᱮᱸᱭᱮᱱᱟ, ᱞᱮᱧᱚ-ᱵᱚᱧ।
train_santalimale_03092	ᱡᱚᱛᱚ ᱦᱚᱲ ᱟᱠᱚᱟᱠᱚ ᱣᱟᱜᱼᱟ ᱚᱲᱟᱜᱼᱟ ᱨᱮ ᱠᱚ ᱡᱟᱹᱯᱤᱫᱼᱟ ᱡᱚᱝ ᱠᱟᱱᱟ।
train_santalimale_02031	ᱮᱱᱛᱮᱫᱼᱟ ᱤᱱᱤ ᱜᱮᱛᱟ ᱠᱤᱱ ᱮᱠᱟᱯᱩᱛ ᱫᱩᱞᱟᱹᱲᱦᱚᱯᱚᱱ ᱫᱚ।
train_santalimale_00393	ᱥᱮᱫᱟᱭ ᱠᱷᱚᱱ ᱥᱟᱱᱛᱟᱲ ᱥᱟᱸᱣᱛᱟ ᱨᱮ ᱯᱟᱹᱛᱭᱟᱹᱣ ᱢᱮᱱᱟ: ᱟ ᱡᱮ ᱱᱤᱪᱚᱞ ᱡᱟᱭᱜᱟ ᱨᱮ ᱫᱚ ᱵᱟᱲᱤᱹᱡᱼᱟ ᱵᱚᱸᱜᱟ ᱠᱚ ᱛᱟᱸᱦᱮᱸᱱᱟ।
train_santalimale_03220	ᱚᱱᱟ ᱛᱮ ᱚᱱᱛᱮ ᱜᱮᱭ ᱢᱚᱦᱚᱬᱰᱟ ᱤᱫᱤᱭᱮᱱᱟ, ᱚᱠᱟ ᱨᱮ ᱫᱚ ᱯᱟᱹᱦᱤᱞ ᱫᱩᱞᱟᱹᱲ ᱛᱮ ᱯᱮᱨᱮᱡᱼᱟ ᱟᱠᱟᱱ ᱢᱤᱞᱣᱟ ᱢᱟᱞᱟᱭ ᱜᱟᱛᱷᱟᱣᱮᱫᱼᱟ ᱛᱟᱸᱦᱮᱸᱠᱟᱱᱟ।
train_santalimale_00760	ᱵᱷᱟᱸᱰᱟᱱ ᱩᱢ ᱫᱚ ᱜᱚᱭᱚᱡᱼᱟ ᱚᱲᱟᱹ: ᱨᱮᱭᱟᱷ ᱢᱩᱪᱟᱫᱼᱟ ᱠᱟᱹᱢᱤ ᱠᱟᱱᱟ।
train_santalimale_03710	ᱠᱤᱥᱟᱹᱸᱲ ᱤᱭᱟᱹ ᱛᱮ ᱵᱷᱚᱠᱛᱟ ᱦᱟᱲᱟᱹᱢ ᱫᱚ ᱤᱱᱟᱹ ᱛᱚᱞᱦᱟᱴ ᱨᱮ ᱫᱚ ᱟᱹᱰᱤ ᱱᱟᱢᱰᱟᱠ ᱦᱚᱲ ᱠᱟᱱᱟᱭ।
train_santalimale_01174	ᱢᱤᱫᱼᱟᱫᱤᱱ ᱫᱟᱸᱲᱟᱹ ᱵᱟᱲᱟᱹᱛᱮ ᱯᱤᱞᱪᱩ ᱦᱟᱲᱟᱹᱢ ᱯᱤᱞᱪᱩ ᱵᱩᱲᱦᱤ ᱛᱮᱠᱚᱣᱟᱷ ᱯᱟᱲ ᱵᱟᱜᱟᱱ ᱥᱮᱫᱼᱟ ᱮ ᱪᱟᱞᱟᱣᱞᱮᱱ ᱛᱟᱸᱦᱮᱸᱠᱟᱱᱟ।
train_santalimale_04620	ᱱᱚᱟ ᱠᱚ ᱨᱮᱜᱮᱭ ᱠᱷᱟᱴᱟᱣ ᱞᱮᱱ ᱠᱷᱟᱱ ᱯᱟᱞᱮᱱ ᱱᱩᱠᱨᱤ ᱠᱷᱚᱱ ᱰᱷᱮᱨ ᱴᱟᱠᱟ-ᱯᱚᱭᱥᱟ, ᱚᱱᱚ-ᱫᱷᱚᱱ ᱮ ᱟᱨᱡᱟᱣᱟ।
train_santalimale_05220	ᱵᱷᱚᱴ ᱜᱤᱰᱤ ᱠᱟᱹᱢᱤ ᱢᱩᱪᱟᱹᱫᱼᱟ ᱮᱱᱟ।
train_santalimale_00410	ᱥᱟᱸᱜᱮ ᱵᱟᱨᱭᱟᱫᱼᱟ ᱵᱟᱵᱼᱟᱞᱟ ᱨᱮ ᱵᱟᱨᱭᱟᱫᱼᱟ ᱠᱚᱲᱟᱹ ᱜᱮ ᱥᱟᱸᱜᱮ ᱥᱟᱸᱦᱤᱡᱼᱟ ᱠᱚ ᱪᱟᱞᱟ: ᱟ।
train_santalimale_01558	ᱩᱱᱡᱚᱦᱚ ᱯᱤᱞᱪᱩ ᱦᱟᱲᱟᱹᱢ ᱟᱨ ᱯᱤᱞᱪᱩ ᱵᱩᱲᱦᱤ ᱫᱚ ᱥᱟᱹᱞᱜᱟᱲᱭᱟ ᱥᱤᱛᱟᱹᱱᱟᱞᱟ ᱥᱮᱫᱼᱟ ᱥᱟᱠᱟᱢ ᱦᱮᱡᱼᱟᱠᱤᱱ ᱪᱟᱞᱟᱣᱞᱮᱱᱟ।
train_santalimale_03175	ᱛᱮᱦᱮᱧ ᱥᱤᱸᱜᱟᱹᱲ ᱵᱮᱞᱟ ᱴᱟᱩᱱᱦᱚᱞ ᱨᱮ ᱚᱱᱚᱞᱤᱭ ᱣᱟᱜᱼᱟ ᱚᱱᱚᱞᱚᱡᱤᱭᱚᱱ ᱵᱟᱠᱷᱨᱟ ᱛᱮ ᱢᱤᱫᱼᱟ ᱴᱮᱱ ᱥᱟᱸᱣᱛᱟ ᱥᱮᱢᱮᱞᱮᱛ ᱦᱮᱱᱟᱜᱼᱟᱟ।
train_santalimale_04606	ᱟᱨ ᱨᱩᱣᱟᱹ ᱦᱟᱥᱚ ᱨᱮᱦᱚᱸᱭ ᱡᱚᱵᱮ ᱡᱟᱹᱥᱛᱤ ᱤᱫᱤᱭᱮᱱᱟ।
train_santalimale_04878	ᱢᱮᱱᱠᱷᱟᱱ ᱡᱟᱹᱛᱤ ᱥᱟᱸᱣᱛᱟ ᱜᱷᱟᱨᱚᱧᱡ ᱛᱟᱞᱟ ᱟᱧᱡᱞᱮ ᱛᱤ ᱨᱮᱫᱚ ᱢᱩᱛᱤ ᱢᱟᱞᱟ ᱛᱚᱯᱟᱜᱼᱟ ᱠᱟᱛᱮ ᱢᱩᱛᱤ ᱫᱟᱱᱟ ᱫᱚ ᱛᱟᱨᱟᱞᱚ-ᱵᱟᱥᱟᱞᱮᱱᱟ।
train_santalimale_01891	ᱠᱟᱛᱷᱟᱭ ᱵᱚᱸᱜᱟ ᱫᱮᱣᱟ ᱥᱮᱵᱟ ᱨᱮᱱᱟ: ᱥᱟᱠᱟᱢ ᱫᱚ ᱠᱚ ᱵᱟᱪᱷᱟᱣᱟ।
train_santalimale_04991	ᱮᱱ ᱨᱮᱦᱚᱸ ᱥᱟᱹᱢᱩ ᱫᱚ ᱡᱟᱦᱟᱸᱱ ᱵᱚᱛᱚᱨᱟᱱᱟᱜᱼᱟ ᱟᱨ ᱵᱷᱟᱵᱱᱟᱜᱼᱟ ᱨᱮᱭᱟᱜᱼᱟ ᱢᱩᱦᱤᱢ ᱫᱚ ᱵᱟᱭ ᱥᱟᱢᱟᱝ ᱚᱪᱚᱣᱟᱜᱼᱟ ᱟ।
train_santalimale_04863	ᱟᱨᱮᱡᱼᱟ ᱪᱟᱞ ᱫᱟᱜᱼᱟ ᱨᱮᱭᱟᱲᱮᱱᱟ, ᱞᱟᱹᱤ ᱪᱟᱞ ᱠᱟᱛᱷᱟ ᱯᱩᱴᱤᱭᱮᱱᱟ।
train_santalimale_05205	ᱫᱤᱥᱟᱹᱢ ᱨᱮ ᱢᱚᱸᱲᱮᱸ ᱥᱮᱨᱢᱟ ᱪᱟᱹᱞᱣᱟᱹ ᱫᱚᱭ ᱠᱟᱹᱢᱤ ᱯᱩᱨᱟᱹᱩ ᱟᱠᱟᱫᱟ।
train_santalimale_01621	ᱢᱮᱱᱠᱷᱟᱱ ᱥᱟᱸᱜᱮ ᱵᱚᱭᱦᱟᱣᱟ: ᱠᱟᱛᱷᱟ ᱵᱟᱭᱜᱮᱫᱼᱟ ᱫᱟᱲᱮᱹᱭᱟ: ᱱᱟ।
train_santalimale_02026	ᱠᱟᱥᱛᱟᱣᱚᱜᱼᱟ ᱠᱟᱱᱟᱹᱭ, ᱦᱟᱭ, ᱪᱮᱫᱼᱟᱤᱧ ᱪᱮᱠᱟ ᱠᱮᱫᱟ ᱤᱧ ᱫᱚ!
train_santalimale_00264	ᱜᱚᱴᱵᱚᱸᱜᱟ, ᱥᱚᱦᱨᱟᱭ ᱯᱟᱹᱨᱟᱹᱵ ᱫᱚ ᱟᱹᱛᱩ ᱨᱮᱱ ᱢᱟᱸᱡᱷᱤ ᱢᱚᱰᱮᱦᱚᱲ ᱜᱟᱞ ᱢᱟᱨᱟᱣ ᱢᱤᱫᱼᱟ ᱠᱟᱛᱮ ᱥᱚᱦᱨᱟᱭ ᱯᱟᱹᱨᱟᱹᱵ ᱠᱚ ᱱᱮᱰᱟᱭᱟ।
train_santalimale_04997	ᱚᱱᱟ ᱤᱭᱟᱹᱛᱮᱜᱮ ᱱᱟᱣᱟᱸ ᱟᱹᱸᱠᱩᱨᱚᱜᱼᱟ ᱠᱟᱱ ᱤᱛᱟᱹ ᱲᱚᱜ ᱫᱚ ᱩᱱᱤ ᱜᱮᱭ ᱴᱮᱣᱮᱡᱼᱟ ᱮᱫᱟ ᱟᱨ ᱡᱟᱣᱟᱸᱭ ᱚᱲᱟᱜᱼᱟ ᱨᱮ ᱪᱮᱫᱼᱟ ᱪᱚᱠᱚ ᱡᱚᱢ ᱚᱪᱚᱣᱟᱠᱟᱫᱮ ᱛᱮᱜᱮ ᱞᱟᱡᱼᱟ ᱟᱨ ᱰᱟᱬᱰᱟ ᱫᱚ ᱦᱟᱥᱚᱭᱮᱭᱟ।
train_santalimale_02424	ᱟᱭᱢᱟ ᱞᱮᱠᱟᱱ ᱨᱚᱲᱞᱟᱱᱫᱟ, ᱨᱚᱲᱞᱟᱱᱫᱟ ᱛᱮ ᱦᱚᱨᱰᱟᱦᱟᱨ ᱫᱚᱠᱚ ᱟᱱᱫᱚᱲ ᱤᱫᱤᱭᱮᱫᱼᱟ ᱠᱟᱱᱟ।
train_santalimale_01497	ᱩᱱᱤ ᱫᱚ ᱥᱟᱱᱟᱢ ᱠᱚ ᱟᱹᱰᱤ ᱠᱚ ᱢᱟᱱᱟᱣ ᱵᱟᱛᱟᱣᱮ ᱠᱟᱱ ᱛᱟᱸᱦᱮᱸᱠᱟᱱᱟ।
train_santalimale_05190	ᱵᱩᱫ ᱟᱹᱠᱤᱞ ᱦᱟᱢᱮᱴ ᱥᱟᱹᱛ ᱛᱟᱭᱚᱢ ᱧᱩᱛ ᱦᱮᱱᱫᱮ ᱫᱟᱜᱼᱟ ᱨᱮ ᱦᱩᱛᱲᱟᱹᱩ ᱞᱮᱫᱼᱟ, ᱨᱚᱠᱚᱡᱼᱟ-ᱜᱚᱝᱜᱷᱟ ᱪᱷᱟᱰᱟ ᱠᱟᱛᱮ ᱢᱩᱛᱤ ᱫᱟᱱᱟ ᱜᱮᱭ ᱦᱩᱛᱲᱟᱹᱩ ᱧᱟᱢ ᱞᱮᱫᱼᱟ ᱟ।
train_santalimale_04636	ᱢᱟᱱᱣᱟᱸ ᱟᱹᱰᱤ ᱞᱮᱠᱟᱱ ᱫᱟᱢᱟᱱ ᱡᱤᱱᱤᱥ ᱠᱚ ᱧᱮᱞᱮᱫᱟ।
train_santalimale_05279	ᱦᱮᱸ, ᱯᱟᱹᱦᱤᱞᱚ-ᱫᱚᱥᱟᱨ ᱰᱤᱜᱤ-ᱰᱩᱜᱤ ᱲᱟᱹᱸᱜᱣᱟᱹ ᱢᱚᱱᱮ ᱞᱟᱡᱟᱣ ᱛᱮ ᱵᱟᱱᱟ ᱦᱚᱲ ᱜᱮ ᱜᱟᱭᱜᱚᱢ ᱞᱮᱠᱟ ᱫᱚᱠᱤᱱ ᱟᱹᱤᱠᱟᱹᱣᱮᱫᱼᱟ ᱜᱮᱭᱟ, ᱮᱱᱛᱮ ᱯᱟᱹᱦᱤᱞ ᱟᱹᱱᱟᱹᱲᱤ ᱟᱪᱠᱟ ᱧᱟᱯᱟᱢ ᱚᱠᱚᱭ ᱱᱚᱝᱠᱟ ᱵᱟᱲᱮ ᱟᱴᱠᱟᱨᱟ।
train_santalimale_04629	ᱟᱠᱚᱣᱟᱜᱼᱟ ᱡᱤᱭᱚᱱ ᱨᱮ ᱦᱟᱯᱲᱟᱢ ᱵᱤᱫᱟᱹᱞ ᱠᱟᱛᱷᱟ ᱜᱮᱭ ᱥᱟᱹᱵᱩᱫ ᱚᱨᱚᱢ ᱚᱪᱚ ᱠᱮᱫᱟ।
train_santalimale_01474	ᱚᱲᱟᱹ: ᱫᱟᱹᱲ ᱥᱮᱴᱮᱨ ᱠᱟᱛᱮ ᱥᱟᱱᱟᱢ ᱠᱟᱛᱷᱟ ᱮ ᱞᱟᱹᱤ ᱟᱫᱼᱟ ᱠᱚᱣᱟ।
train_santalimale_03674	ᱟᱭᱢᱟ ᱞᱮᱠᱟᱱ ᱚᱡᱷᱟ ᱜᱩᱨᱩ ᱠᱟᱹᱢᱨᱩ ᱩᱱᱤ ᱠᱚᱲᱟᱹ ᱜᱤᱫᱨᱟᱹ ᱡᱷᱟᱲᱡᱷᱟᱲ ᱛᱮᱠᱚ ᱛᱷᱟᱠᱟᱣᱮᱱᱟ ᱟᱨ ᱢᱮᱱᱠᱷᱟᱱ ᱜᱤᱫᱨᱟᱹ ᱢᱟ ᱜᱚᱡᱚᱜᱼᱟ ᱫᱮᱞᱟᱫᱤᱞᱤ ᱨᱮ ᱢᱮᱱᱟᱭ।
train_santalimale_03156	ᱢᱮᱱ ᱥᱟᱸᱣ ᱛᱮ ᱮᱫᱨᱮ ᱛᱮ ᱵᱷᱟᱱᱵᱷᱟᱱ ᱠᱟᱛᱮ ᱟᱭᱟᱜᱼᱟ ᱯᱟᱨᱠᱚᱢ ᱨᱮᱭ ᱜᱤᱛᱤᱡᱼᱟ ᱦᱟᱯᱮᱭᱮᱱᱟ।
train_santalimale_00110	ᱪᱮᱫᱼᱟ ᱦᱚᱭ ᱦᱤᱥᱤᱫᱼᱟ ᱦᱚᱸ ᱵᱟᱝ ᱵᱟᱡᱟᱣ ᱟᱯᱮᱭᱟ।
train_santalimale_03655	ᱥᱩᱨᱚᱡᱩ ᱟᱡᱼᱟ ᱵᱟᱵᱟ ᱫᱚ ᱟᱛᱚ ᱠᱚᱲᱟᱹ ᱠᱚ ᱞᱟᱹᱭ ᱟᱫᱮᱭᱟ ᱡᱮ ᱥᱩᱨᱡᱩ ᱫᱚ ᱥᱤᱸᱜᱨᱟᱹᱭ ᱨᱮᱱ ᱠᱩᱲᱤ ᱥᱤᱸᱱᱜᱟᱹ ᱚᱠᱟ ᱛᱮᱪᱚ ᱞᱚᱣᱟ ᱵᱮᱞᱮ ᱡᱚᱢ ᱮ ᱤᱫᱤ ᱟᱠᱟᱫᱮᱭᱟ।
train_santalimale_04572	ᱡᱚᱢ ᱧᱩ ᱨᱮᱭᱟᱜᱼᱟ ᱠᱚᱱᱚ ᱱᱤᱴ ᱚᱠᱛᱮ ᱵᱟᱹᱱᱩᱜᱼᱟ ᱛᱟᱭᱟ।
train_santalimale_01336	ᱡᱟᱸᱣᱟᱭ ᱠᱚᱲᱟᱹ ᱫᱚ ᱤᱨᱤᱞ ᱠᱩᱲᱤ ᱠᱚ ᱚᱲᱟᱹ: ᱛᱮᱠᱚ ᱦᱮᱸᱭᱟᱹ ᱠᱷᱟᱲ ᱠᱮᱫᱮᱭᱟ।
train_santalimale_04680	ᱮᱱᱛᱮ ᱜᱤᱫᱨᱟᱹ ᱠᱚᱢᱟ ᱨᱚᱲᱚ-ᱨᱚᱯᱚᱲ, ᱟᱪᱟᱨᱚ-ᱵᱮᱣᱦᱟᱨ ᱢᱟ ᱯᱩᱤᱥᱟᱹ ᱮᱸᱜᱟᱛᱚ-ᱟᱯᱟᱛ ᱴᱷᱮᱱ ᱠᱷᱚᱱ ᱜᱮᱢᱟ ᱠᱚ ᱥᱮᱸᱲᱟᱭᱮᱫᱼᱟ।
train_santalimale_04322	ᱡᱤᱭᱚᱱ ᱨᱤᱱᱤᱡᱼᱟ ᱛᱟᱦᱮᱸᱠᱟᱱ ᱢᱤᱫᱼᱟ ᱚᱠᱛᱮ ᱡᱟᱹᱲᱤᱜᱼᱟ ᱞᱤᱸᱜᱤ ᱧᱟᱯᱟᱢ ᱫᱩᱞᱟᱹᱲᱤᱭᱟᱹ ᱜᱟᱛᱮᱧ!
train_santalimale_00164	ᱠᱟᱨᱟᱢ ᱯᱟᱨᱟᱵᱼᱟ ᱨᱮᱱᱟ: ᱮᱱᱮᱡᱼᱟ ᱥᱮᱨᱮᱧ ᱨᱩ ᱨᱟᱦᱟ ᱫᱚ ᱩᱱᱡᱚᱦᱚ: ᱥᱤᱨᱡᱟᱹᱣ ᱟᱠᱟᱱᱟ, ᱚᱱᱟ ᱡᱚᱦᱚᱷ ᱜᱚᱴᱟ ᱫᱷᱟᱹᱨᱛᱤ ᱨᱮ ᱟᱠᱟᱞ ᱦᱩᱭᱞᱮᱱ ᱛᱟᱸᱦᱮᱸᱠᱟᱱᱟ।
train_santalimale_01272	ᱵᱤᱞᱤ ᱠᱷᱚᱱ ᱵᱟᱨᱭᱟ ᱠᱩᱲᱤᱫᱼᱟ ᱦᱚᱯᱚᱱᱚᱠᱤᱱ ᱵᱩᱥᱟᱹᱲᱞᱮᱱ ᱛᱟᱸᱦᱮᱸᱠᱟᱱᱟ।
train_santalimale_03717	ᱨᱟᱹᱜᱷᱩ ᱫᱚ ᱚᱱᱟ ᱠᱩᱠᱚᱢᱩ ᱟᱹᱰᱤ ᱟᱸᱴᱮ ᱫᱤᱥᱟᱹ ᱭᱮᱫᱟ।
train_santalimale_03628	ᱧᱤᱨᱟᱹᱩ ᱵᱟᱲᱟᱹ ᱠᱟᱛᱮᱫᱼᱟ ᱱᱚᱛᱮ ᱫᱚᱧ ᱯᱟᱨᱚᱢ ᱟᱠᱟᱱᱟ।
train_santalimale_03459	ᱟᱨ ᱫᱩᱞᱟᱹᱲᱪᱮᱨᱮᱡᱼᱟ ᱟᱛᱮᱭ ᱠᱩᱞᱤ ᱫᱚᱦᱲᱟᱹ ᱠᱮᱫᱮᱭᱟ।
train_santalimale_05084	ᱚᱱᱟ ᱤᱭᱟᱹᱛᱮᱧ ᱜᱚᱴᱟ ᱠᱮᱫᱟ ᱟᱨ ᱢᱤᱫᱼᱟ ᱫᱚᱢᱤᱧ ᱦᱤᱨᱤᱭᱮᱭᱟ।
train_santalimale_00252	ᱟᱨ ᱚᱱᱟᱜᱮ ᱯᱤᱲᱦᱤ ᱪᱮᱛᱟᱱ ᱯᱤᱲᱦᱤ ᱠᱷᱚᱱ ᱢᱟᱱᱟᱣ ᱵᱟᱛᱟᱣ ᱦᱤᱡᱩᱷ ᱠᱟᱱᱟ, ᱥᱟᱱᱛᱟᱲ ᱦᱚᱲ ᱦᱚᱯᱚᱱ ᱥᱟᱸᱣᱛᱟ ᱨᱮ।
train_santalimale_02069	ᱮᱱ ᱦᱚᱸ ᱮᱥᱠᱟᱨ ᱜᱮ ᱛᱮᱝᱜᱚ ᱣᱟᱠᱟᱱᱟ ᱢᱤᱫᱼᱟᱵᱟᱨ ᱫᱟᱨᱮ ᱱᱟᱹᱸᱰᱤ ᱠᱚ।
train_santalimale_04069	ᱱᱚᱸᱝᱠᱟ ᱞᱮᱠᱟ ᱛᱤᱱᱟᱹᱜᱼᱟ ᱫᱤᱱᱮᱢ ᱛᱟᱸᱦᱮᱸᱱ ᱡᱮᱞ ᱦᱟᱠᱚ ᱪᱷᱟᱰᱟ ᱢᱚᱪᱟ ᱫᱚ ᱮᱴᱟᱜᱼᱟ ᱩᱛᱩ ᱛᱮ ᱱᱟᱥᱮ ᱵᱟᱝ ᱯᱷᱮᱨᱟᱣ ᱠᱚᱜᱼᱟ ᱛᱟᱢᱟ।
train_santalimale_01902	ᱛᱮᱥᱟᱨ ᱫᱤᱱ ᱫᱚ ᱟᱠᱷᱟᱱ ᱭᱟᱛᱨᱟ ᱫᱤᱱ ᱠᱟᱱᱟ।
train_santalimale_02946	ᱪᱟᱸᱫᱨᱟᱭ ᱫᱚᱭ ᱢᱮᱱ ᱠᱮᱫᱟ ᱵᱟᱝ ᱥᱚᱦᱟ, ᱱᱚᱝᱠᱟ ᱫᱚ ᱟᱞᱚᱢ ᱨᱚᱲᱟ।
train_santalimale_04951	ᱜᱟᱯᱟᱞ ᱢᱟᱨᱟᱣ ᱛᱟᱭᱚᱢ ᱟᱨ ᱦᱚᱸ ᱟᱡᱼᱟ ᱢᱟᱨᱟᱝ ᱵᱟ ᱫᱚᱭ ᱢᱮᱱ ᱠᱮᱫᱟ,ᱟᱪᱪᱷᱟ ᱴᱟ! ᱛᱮᱦᱮᱧ ᱫᱚ ᱱᱚᱬᱰᱮ ᱜᱮ ᱛᱟᱦᱮᱸᱱ ᱢᱮᱸ।
train_santalimale_03770	ᱵᱷᱚᱠᱛᱟ ᱦᱟᱲᱟᱹᱢ ᱫᱚ ᱢᱟᱨᱮ ᱫᱚᱭ ᱢᱟᱨᱮ ᱜᱮᱭᱟ, ᱢᱮᱱᱠᱷᱟᱱ ᱩᱱᱤᱭᱟᱜᱼᱟ ᱥᱚᱪᱟᱜᱼᱟᱵᱤᱪᱟᱹᱨ ᱫᱚ ᱡᱩᱜ ᱱᱟᱹᱯᱤᱛ ᱵᱚᱫᱚᱞ ᱛᱮᱜᱮ ᱛᱟᱸᱦᱮᱸᱱ ᱠᱟᱱ ᱛᱟᱭᱟ।
train_santalimale_05032	ᱪᱮᱞᱮᱫᱼᱟ ᱱᱚᱟ ᱜᱟᱞᱢᱟᱨᱟᱣ ᱨᱮᱜᱮ ᱥᱟᱹᱢᱩ ᱵᱟᱝ ᱨᱟᱱ ᱚᱪᱚᱭᱮ ᱟᱨ ᱩᱱᱤ ᱴᱷᱮᱱ ᱦᱚᱯᱚᱱ ᱮᱨᱟ ᱵᱟᱝ ᱠᱩᱞᱤ ᱨᱮᱭᱟᱜᱼᱟ ᱠᱟᱛᱷᱟ ᱦᱚᱸᱠᱚ ᱜᱟᱞᱢᱟᱨᱟᱣ ᱜᱚᱴᱟ ᱠᱮᱫᱟ।
train_santalimale_02467	ᱤᱧ ᱦᱚᱸ ᱟᱢ ᱥᱟᱸᱣ ᱛᱮ ᱤᱫᱤ ᱛᱚᱨᱟᱧ ᱢᱮ, ᱮᱱᱛᱮ ᱫᱚ ᱱᱚᱟ ᱤᱧᱟᱹᱜᱼᱟ ᱦᱚᱲᱢᱚ ᱫᱚ ᱟᱢᱟᱜᱼᱟ ᱠᱟᱱᱟ, ᱫᱷᱚᱨᱚᱢ ᱨᱮᱱᱟᱜᱼᱟ ᱟᱢᱟᱜᱼᱟ ᱠᱟᱱ ᱜᱮᱭᱟ।
train_santalimale_02275	ᱨᱟᱱ ᱦᱚᱸᱭ ᱦᱟᱛᱟᱣ ᱠᱮᱫᱼᱟ ᱜᱮᱭᱟ ᱢᱮᱱᱠᱷᱟᱱ ᱪᱮᱠᱟᱭᱟᱢ ᱯᱩᱥᱤ ᱦᱚᱨ ᱮ ᱮᱬᱰᱟᱜᱼᱟ ᱟᱠᱟᱫᱮ!
train_santalimale_03566	ᱥᱤᱸᱜᱨᱟᱹᱭ ᱫᱚ ᱮᱱ ᱦᱚᱸ ᱞᱟᱡᱟᱣᱞᱟᱡᱟᱣ ᱛᱮᱜᱮ ᱠᱟᱛᱷᱟ ᱫᱚᱭ ᱨᱚᱲ ᱮᱦᱚᱵᱼᱟ ᱠᱮᱫᱟ।
train_santalimale_01868	ᱫᱚᱥᱟᱨ ᱦᱤᱞᱚᱷ ᱫᱚ ᱦᱟᱠᱩ ᱠᱟᱴᱠᱚᱢ ᱱᱤᱭᱟ ᱦᱤᱞᱚ: ᱫᱚ ᱦᱟᱠᱩ ᱵᱟᱝᱠᱷᱟᱱ ᱠᱟᱴᱠᱚᱢ ᱫᱚᱠᱚ ᱡᱚᱢ ᱠᱚᱜᱮᱭᱟ।
train_santalimale_02901	ᱟᱫᱚ ᱚᱱᱮ ᱠᱚ ᱢᱮᱱᱟ ᱮᱲᱮ ᱫᱚ ᱛᱤᱱᱟᱹᱜᱼᱟ ᱫᱤᱱ ᱦᱟᱵᱤᱡᱼᱟ?
train_santalimale_01733	ᱴᱩᱣᱟᱹᱨ ᱜᱤᱫᱨᱟᱹ ᱦᱚᱸ ᱟᱭᱚᱡᱼᱟ ᱢᱟᱢᱤ ᱧᱮᱞᱛᱮ ᱟᱹᱰᱤᱠᱤᱱ ᱨᱟᱷᱠᱮᱫᱼᱟ ᱟ।
train_santalimale_00104	ᱵᱤᱨ ᱵᱩᱨᱩ ᱢᱟ: ᱯᱷᱟᱨᱪᱟ ᱡᱚᱦᱚ: ᱦᱚᱲ ᱦᱚᱯᱚᱱ ᱠᱚ ᱫᱚ ᱵᱤᱨ ᱵᱚᱸᱜᱟ ᱵᱟᱹᱜᱷᱤᱭᱟ ᱠᱚ ᱥᱟᱵᱼᱟ ᱞᱮᱫᱮᱭᱟ।
train_santalimale_05269	ᱩᱱᱚᱠᱤᱱ ᱵᱟᱠᱷᱨᱟ ᱦᱚᱸ ᱪᱟᱣᱞᱮ ᱠᱚ ᱠᱷᱟᱧᱡᱚ ᱠᱮᱫᱟ।
train_santalimale_04232	ᱵᱟᱝ ᱫᱚ ᱫᱷᱟᱹᱨᱛᱤ ᱨᱮᱱ ᱦᱚᱲ ᱠᱚ ᱟᱧᱡᱚᱢ ᱞᱮᱫᱼᱟ ᱵᱟᱝ ᱫᱚ ᱵᱟᱝ।
train_santalimale_02494	ᱥᱤᱢᱨᱟᱜᱼᱟ ᱧᱤᱱᱫᱟᱹ ᱠᱷᱚᱱ ᱠᱷᱟᱴᱟᱣ ᱠᱟᱛᱮ ᱪᱟᱥᱵᱟᱥ ᱥᱟᱢᱵᱲᱟᱹᱣ ᱠᱮᱫᱟ।
train_santalimale_02534	ᱥᱟᱢᱞᱟᱞ ᱛᱮᱦᱮᱧ ᱦᱚᱸᱭ ᱦᱮᱡᱼᱟ ᱟᱠᱟᱱᱟ।
train_santalimale_03613	ᱫᱤᱥᱟᱹᱢ ᱨᱮᱱ ᱯᱚᱨ ᱡᱟᱹᱛ ᱠᱚ ᱫᱚ ᱱᱟᱦᱟᱜᱼᱟ ᱲᱚᱵᱚᱜᱼᱟ ᱠᱚ ᱟᱛᱟᱝ ᱡᱚᱝᱟ।
train_santalimale_04215	ᱯᱟᱥᱮᱡᱼᱟ ᱱᱚᱠᱚ ᱞᱮᱠᱟ ᱜᱮ ᱡᱟᱹᱱᱤᱡᱼᱟ ᱵᱟᱹᱵᱟᱹᱭᱟᱜᱼᱟ ᱢᱚᱱᱮ ᱦᱚᱸ ᱠᱚᱝᱠᱟ ᱟᱠᱟᱱ ᱪᱚ ᱪᱮᱫᱼᱟ ᱪᱚ?
train_santalimale_04456	ᱴᱷᱤᱠ ᱚᱱᱟ ᱞᱮᱠᱟ ᱟᱭᱢᱟ ᱦᱚᱲᱟᱜᱼᱟ ᱢᱚᱪᱟ ᱠᱷᱚᱱ ᱡᱚᱠᱷᱚᱱ ᱚᱱᱠᱚ ᱠᱚ ᱥᱟᱢᱟᱝ ᱨᱮ ᱵᱩᱜᱤ ᱵᱟᱹᱲᱤᱡᱼᱟ ᱠᱟᱛᱷᱟ ᱠᱚ ᱞᱟᱹᱤ ᱠᱷᱚᱭ ᱦᱚᱭ ᱮᱱᱟ।
train_santalimale_02166	ᱢᱟ, ᱟᱵᱮᱱ ᱵᱟᱝᱮ ᱟᱯᱟᱦᱚᱱ ᱛᱟᱸᱦᱮᱸᱠᱚᱜᱼᱟ ᱵᱮᱱ।
train_santalimale_04367	ᱨᱚᱜᱷᱩ ᱯᱟᱨᱜᱟᱱᱟ ᱫᱚ ᱟᱛᱚ ᱢᱚᱛᱚ ᱨᱮᱱ ᱯᱟᱨᱜᱟᱱᱟ ᱫᱚᱭ ᱵᱟᱝ ᱠᱟᱱᱟ।
train_santalimale_02201	ᱟᱯᱟᱛ ᱴᱷᱮᱱ ᱟᱥᱨᱟ ᱛᱟᱸᱦᱮᱸᱞᱮᱱ ᱛᱟᱭᱟ, ᱩᱱᱤ ᱴᱷᱮᱱ ᱠᱷᱚᱱ ᱦᱚᱸ ᱵᱟᱭ ᱧᱟᱢ ᱞᱮᱫᱟ।
train_santalimale_03553	ᱮᱱᱛᱮᱫᱼᱟ ᱫᱷᱚᱱᱟ ᱟᱨ ᱥᱚᱢᱟᱭ ᱫᱚ ᱟᱛᱚ ᱥᱟᱹᱜᱟᱹᱭ ᱛᱤᱠᱤᱱ ᱛᱮᱧᱟᱭᱟᱜᱼᱟᱟ।
train_santalimale_01695	ᱢᱮᱱᱠᱷᱟᱱ ᱚᱠᱚᱭ ᱦᱚ ᱩᱱᱤ ᱢᱟᱫᱷᱚ ᱥᱤᱸᱦ ᱥᱟᱸᱣ ᱫᱚ ᱵᱟᱵᱼᱟᱞᱟ ᱵᱟᱝᱠᱚ ᱨᱮᱵᱮᱱ ᱞᱮᱱᱟ, ᱚᱠᱚᱭ ᱦᱚᱸ ᱦᱚᱯᱚᱱ ᱮᱨᱟ ᱮᱢᱚᱷ ᱵᱟᱝᱠᱚ ᱨᱮᱵᱮᱱ ᱞᱮᱱᱟ।
train_santalimale_03867	ᱚᱱᱟ ᱟᱛᱚ ᱨᱮᱭᱟᱜᱼᱟ ᱠᱩᱞᱦᱤ-ᱫᱷᱩᱲᱤ ᱨᱮ ᱡᱟᱸᱦᱟᱸᱭ ᱜᱮ ᱢᱤᱫᱼᱟ ᱫᱚᱢᱮ ᱥᱮᱱ ᱞᱮᱱᱠᱷᱟᱱ ᱚᱬᱰᱮᱱᱟᱜᱼᱟ ᱢᱟᱭᱟ ᱫᱚ ᱵᱟᱝ ᱦᱤᱲᱤᱧ ᱫᱟᱲᱮᱭᱟᱜᱼᱟᱟ।
train_santalimale_05020	ᱟᱨ ᱵᱟᱝᱠᱷᱟᱱ ᱠᱷᱟᱹᱴᱤ ᱜᱮ ᱩᱱᱤ ᱛᱷᱟᱯᱚᱱ ᱵᱚᱝᱜᱟ ᱜᱮ ᱱᱚᱟ ᱨᱚᱜ ᱫᱚᱭ ᱮᱡᱼᱟ ᱟᱫᱮᱭᱟ।
train_santalimale_03202	ᱵᱚᱪᱷᱚᱨ ᱫᱤᱱ ᱨᱮᱭᱟᱜᱼᱟ ᱥᱟᱱᱟᱢ ᱟᱥ ᱪᱟᱵᱟᱭᱮᱱ ᱛᱟᱭᱟ।
train_santalimale_03224	ᱢᱚᱱᱮ ᱨᱮᱭ ᱨᱚᱲ ᱡᱚᱝ ᱠᱟᱱᱟ ᱪᱮᱫᱼᱟ ᱛᱚᱵᱮ ᱱᱚᱟ ᱵᱟᱲᱮᱹ ᱫᱟᱨᱮ ᱞᱮᱠᱟ ᱤᱧᱟᱹᱜᱼᱟ ᱩᱢᱮᱨ ᱫᱚ ᱥᱟᱲ ᱠᱟᱛᱮ ᱢᱚᱥᱚᱫᱚᱜᱼᱟ ᱠᱟᱱᱟ।
train_santalimale_01708	ᱠᱚᱲᱟᱹ ᱜᱤᱫᱨᱟᱹ ᱧᱩᱛᱩᱢ ᱫᱚ ᱠᱟᱲᱚ ᱟᱨ ᱠᱲᱤ ᱜᱤᱫᱨᱟᱹ ᱧᱩᱛᱩᱢ ᱫᱚ ᱠᱩᱤᱞᱤ ᱛᱟᱸᱦᱮᱸᱠᱟᱱᱟ।
train_santalimale_00926	ᱩᱱᱠᱩ ᱜᱤᱫᱨᱟᱹ ᱠᱚ ᱦᱟᱨᱟᱞᱟᱹᱜᱤᱫᱼᱟ ᱛᱮ, ᱜᱤᱫᱨᱟᱹ ᱠᱚ ᱫᱚᱠᱤᱱ ᱦᱟᱹᱴᱤᱧᱞᱟᱫᱼᱟ ᱠᱚᱣᱟ।
train_santalimale_00029	ᱢᱟᱸᱡᱷᱤ ᱜᱚᱰᱚ ᱞᱟᱹᱜᱤᱫᱼᱟ ᱛᱮ ᱯᱟᱨᱟᱱᱤᱠ ᱟᱨ ᱡᱚᱜ ᱢᱟᱸᱡᱷᱤ ᱠᱤᱱ ᱛᱟᱸᱦᱮᱸᱱᱟ।
train_santalimale_03448	ᱥᱚᱱᱟ ᱫᱚᱭ ᱦᱩᱫᱤᱥ ᱢᱩᱪᱟᱹᱛ ᱠᱮᱫᱟ ᱟᱨᱮ ᱦᱮᱡᱼᱟ ᱮᱱᱟ ᱚᱱᱟ ᱚᱲᱟᱹᱜᱼᱟ ᱨᱮ ᱛᱟᱸᱦᱮᱸᱱ ᱞᱟᱹᱜᱤᱫᱼᱟ।
train_santalimale_03845	ᱢᱤᱫᱼᱟ ᱢᱚᱱᱮ ᱛᱮ ᱛᱤᱱ ᱨᱮ ᱱᱚᱟ ᱠᱩᱞᱦᱤ-ᱫᱷᱩᱲᱤ ᱨᱮᱭᱟᱜᱼᱟ ᱡᱤᱭᱟᱹᱲ ᱫᱤᱱ ᱫᱤᱥᱟᱹ ᱟᱹᱪᱩᱨᱚᱜᱼᱟᱟ, ᱩᱱ ᱡᱚᱠᱷᱟᱱ ᱜᱮ ᱵᱩᱨᱥᱤ ᱥᱮᱸᱜᱮᱞ ᱞᱮᱠᱟ ᱡᱤᱣᱤ ᱫᱚ ᱞᱚᱜᱼᱟᱟ ᱟᱨ ᱢᱚᱱᱮ-ᱢᱚᱱᱮ ᱛᱮᱜᱮ ᱢᱮᱫᱼᱟ-ᱫᱟᱜᱼᱟ ᱫᱚ ᱡᱚᱨᱚᱠᱚᱟ।
train_santalimale_03728	ᱨᱟᱹᱜᱷᱩ ᱫᱚ ᱤᱫᱨᱤ ᱛᱮ ᱟᱹᱰᱤ ᱥᱟᱭᱜᱟᱫᱼᱟ ᱮ ᱨᱩᱦᱮᱫᱼᱟ ᱠᱮᱫᱮᱭᱟ।
train_santalimale_01775	ᱟᱨ ᱟᱭᱚᱡᱼᱟᱨᱮᱱ ᱥᱤᱯᱟᱦᱤ ᱠᱚ ᱥᱟᱸᱣ ᱫᱷᱩᱸᱭᱥᱟᱲ ᱨᱟᱡᱜᱟᱲ ᱛᱮ ᱨᱩᱣᱟᱹᱰ ᱪᱟᱞᱟᱣ ᱮᱱᱟᱭ।
train_santalimale_04972	ᱛᱟᱠ ᱛᱟᱠ ᱨᱮ ᱨᱚᱜᱚᱲ ᱟᱹᱛᱩ ᱦᱮᱞᱠᱚ ᱫᱟᱜᱼᱟ ᱥᱚᱛᱮᱡᱼᱟ ᱦᱚᱸ ᱨᱚᱯᱚᱲ ᱨᱟᱯᱟᱪᱟᱜᱼᱟ ᱦᱩᱭᱩᱜᱼᱟ ᱠᱟᱱ ᱛᱟᱭᱟ।
train_santalimale_02391	ᱵᱚᱵᱞᱩ ᱫᱚ ᱟᱭᱟᱜᱼᱟ ᱵᱷᱤᱛᱨᱤ ᱢᱚᱱ ᱨᱮᱭ ᱜᱟᱬᱲᱚᱱᱟ, ᱤᱧ ᱫᱚ ᱨᱮᱸᱜᱮᱡᱼᱟ ᱦᱚᱯᱚᱱ, ᱟᱨ ᱵᱤᱴᱤᱢᱟᱹᱸᱭ ᱥᱟᱸᱣᱛᱮ ᱱᱚᱝᱠᱟ!
train_santalimale_00149	ᱵᱟᱦᱟ ᱮᱱᱮᱡᱼᱟ ᱥᱮᱨᱮᱧ ᱠᱚ ᱫᱚ ᱨᱟᱹᱥᱠᱟᱹ ᱨᱤᱭᱟ ᱥᱩᱢᱩᱝ ᱫᱚ ᱵᱟᱝ ᱠᱟᱱᱟ ᱵᱟᱦᱟ ᱮᱱᱮᱡᱼᱟ ᱥᱮᱨᱮᱧ ᱫᱚ ᱠᱟᱱᱟ ᱡᱤᱭᱚᱱ ᱨᱮᱱᱟ: ᱛᱮᱛᱮᱫᱼᱟ ᱛᱮᱫ ᱜᱮ।
train_santalimale_02601	ᱪᱟᱥᱵᱟᱥ ᱦᱚᱸ ᱰᱷᱤᱞᱟᱹᱣ ᱤᱫᱤᱭᱮᱱᱟ।
train_santalimale_02209	ᱡᱟ ᱛᱟᱦᱮᱸᱠᱟᱱ ᱛᱟᱭᱟ ᱚᱲᱮᱡᱼᱟᱚᱲᱮᱡᱼᱟ ᱢᱟᱹᱤᱞᱟᱹ ᱨᱤᱴᱷᱟᱹ।
train_santalimale_05029	ᱩᱱᱤ ᱫᱚ ᱦᱟᱱᱦᱟᱨ ᱛᱮᱫᱼᱟ ᱠᱷᱚᱱ ᱫᱚᱭ ᱠᱟᱹᱴᱤᱡᱼᱟ ᱜᱮᱭᱟ।
train_santalimale_04655	ᱛᱚᱵᱮ ᱦᱚᱲ ᱫᱚ ᱵᱷᱩᱛᱟᱹᱲ ᱠᱚ ᱦᱚᱦᱚᱣᱟᱭ ᱠᱟᱱ ᱛᱟᱦᱮᱸᱱᱟ।
train_santalimale_03150	ᱫᱤᱯᱚᱠ ᱫᱚ ᱢᱟᱹᱦᱤᱨ ᱟᱲᱟᱝ ᱛᱮᱭ ᱢᱮᱱ ᱠᱮᱫᱟ ᱩᱥᱟ, ᱡᱚᱞᱚᱜᱼᱟ ᱢᱚᱢ ᱵᱟᱹᱛᱤᱢ ᱧᱮᱞ ᱟᱠᱟᱫᱟ?
train_santalimale_04310	ᱡᱷᱟᱹᱣᱟᱹ ᱱᱟᱹᱸᱲᱤ ᱛᱮ ᱥᱟᱱᱟᱢ ᱫᱟᱨᱮ ᱮ ᱡᱷᱟᱹᱣᱟᱹ ᱮᱥᱮᱫᱼᱟ ᱪᱟᱵᱟ ᱠᱮᱫᱟ।
train_santalimale_04328	ᱵᱟᱨ ᱫᱤᱱ ᱛᱟᱨᱟ ᱟᱫᱷᱟ ᱡᱤᱭᱚᱱ ᱞᱟᱹᱩᱠᱟᱹ ᱪᱟᱞᱟᱣ ᱜᱚᱜᱼᱟ ᱲᱚᱭᱤᱡᱼᱟ ᱫᱩᱞᱟᱹᱲᱤᱭᱟᱹ ᱜᱟᱛᱮ।
train_santalimale_03017	ᱚᱱᱟ ᱫᱚ ᱵᱚᱫᱢᱟ ᱰᱩᱸᱜᱨᱤ ᱠᱚ ᱢᱮᱛᱟᱜᱼᱟᱟ।
train_santalimale_02104	ᱢᱟᱨᱟᱣ ᱮᱱᱟ ᱟᱢᱟᱜᱼᱟ ᱨᱩᱯ ᱵᱟᱹᱱᱩᱜᱼᱟ ᱪᱮᱦᱨᱟ ᱢᱚᱸᱡ, ᱤᱧᱤᱧ ᱢᱮᱱᱟ, ᱮᱱ ᱨᱮᱦᱚᱸ ᱢᱮᱱᱟᱜᱼᱟ ᱥᱚᱸ ᱛᱟᱢ ᱢᱚᱸᱡ।
train_santalimale_04283	ᱱᱚᱝᱠᱟ ᱠᱟᱛᱮᱱ ᱡᱟᱦᱟᱸᱧ ᱢᱮᱱ ᱞᱮᱫᱼᱟ ᱚᱱᱟ ᱦᱚᱸ ᱵᱟᱹᱧ ᱯᱩᱨᱟᱹᱩ ᱞᱮᱫᱟ ᱟᱨ ᱡᱟᱦᱟᱸᱧ ᱚᱨᱟᱢ ᱞᱮᱫᱼᱟ ᱚᱱᱟ ᱦᱚᱸ ᱵᱟᱹᱧ ᱦᱟᱢᱮᱴ ᱫᱟᱲᱮᱭᱟᱫᱟ।
train_santalimale_03868	ᱚᱱᱟ ᱛᱟᱢᱵᱟᱡᱚᱲ ᱟᱛᱚ ᱨᱮ ᱜᱮ ᱵᱟᱦᱟ ᱢᱟᱹᱸᱭ ᱫᱚ ᱢᱟᱱᱫᱟᱨ ᱵᱩᱨᱩ ᱠᱷᱚᱱᱠᱚ ᱟᱹᱜᱩ ᱠᱮᱫᱮᱭᱟ।
train_santalimale_01866	ᱢᱩᱪᱟᱛ ᱦᱤᱞᱚᱷ ᱫᱚ ᱮᱱᱮᱡᱼᱟ ᱥᱮᱨᱮᱧ ᱨᱟᱹᱥᱠᱟᱹ ᱵᱩᱲᱦᱤ ᱜᱟᱹᱲᱤ ᱮᱱᱮᱡᱼᱟ ᱥᱮᱨᱮᱧ ᱟᱨ ᱜᱟᱹᱲᱤ ᱟᱥᱮᱱ ᱦᱩᱭᱩ: ᱟ।
train_santalimale_05026	ᱟᱡᱼᱟ ᱡᱩᱨᱤᱛᱛᱮᱫᱼᱟ ᱦᱚᱸ ᱮᱸᱜᱟᱛ ᱜᱚᱭᱚᱱ ᱜᱮᱭ ᱯᱟᱧᱡᱟ ᱠᱮᱫᱟ।
train_santalimale_03086	ᱱᱩᱤ ᱫᱚ ᱞᱟᱝ ᱜᱚᱭᱚᱡᱼᱟ ᱩᱛᱟᱹᱨᱮᱭᱟ, ᱵᱟᱝ ᱠᱷᱟᱱ ᱮᱱᱛᱮᱫᱼᱟ ᱢᱟᱹᱸᱭ ᱛᱚ ᱵᱟᱭ ᱟᱸᱜᱚᱪ ᱮᱫᱟ ᱮᱴᱟᱜᱼᱟ ᱨᱮ ᱜᱚᱝ ᱠᱟᱭ ᱫᱚ।
train_santalimale_03484	ᱥᱚᱱᱟ ᱫᱚ ᱥᱟᱠᱥᱚᱨᱛᱟ ᱨᱮ ᱯᱟᱲᱦᱟᱣ ᱠᱚᱞ ᱛᱟᱭᱚᱢ ᱥᱤᱢᱚᱱ ᱫᱚ ᱟᱡᱼᱟ ᱯᱟᱹᱨᱤ ᱟᱹᱰᱤ ᱢᱩᱨᱩᱠ ᱛᱮ ᱯᱨᱟᱤᱣᱮᱴ ᱛᱮ ᱢᱮᱭᱴᱨᱤᱠ ᱵᱤᱲᱟᱹᱩ ᱮᱢ ᱞᱟᱹᱜᱤᱫᱼᱟ ᱮ ᱥᱟᱯᱲᱟᱣ ᱮᱱᱟ।
train_santalimale_05007	ᱤᱱᱟᱹ ᱥᱟᱸᱣᱛᱮ ᱨᱩᱣᱟᱹ ᱟᱨ ᱵᱚᱦᱚᱜᱼᱟ ᱦᱟᱥᱚ ᱫᱚ ᱟᱹᱰᱤ ᱜᱮ ᱡᱟᱹᱥᱛᱤ ᱜᱚᱫᱼᱟ ᱮᱱ ᱛᱟᱭᱟ।
train_santalimale_02404	ᱟᱨ, ᱦᱟᱱᱠᱚ ᱛᱚᱨᱟ ᱚᱲᱟᱜᱼᱟ ᱛᱮ ᱫᱚᱢᱮᱞᱫᱚᱢᱮᱞ ᱠᱚ ᱢᱚᱦᱚᱬᱰᱟᱭᱮᱱᱟ।
train_santalimale_03997	ᱠᱩᱞᱤ ᱭᱮᱠᱟᱱ ᱨᱮᱫᱚ ᱟᱹᱰᱤ ᱜᱮ ᱠᱚᱥᱴᱚ ᱛᱮ ᱵᱷᱤᱛᱨᱤ ᱨᱮᱜᱮ ᱱᱟᱥᱮ ᱮᱦᱚᱵᱼᱟ ᱠᱟᱛᱷᱟ ᱠᱚ ᱞᱩᱛᱩᱨ ᱨᱮ ᱛᱟᱨᱠᱚ ᱟᱠᱚ ᱠᱟᱱᱟ ᱤᱱᱟᱹ ᱛᱟᱭᱚᱢ ᱫᱚ ᱞᱩᱴᱤ ᱞᱟᱲᱟᱹᱣ ᱜᱮ, ᱢᱮᱸᱫᱼᱟ ᱠᱚᱨᱮ ᱠᱷᱟᱹᱞᱤ ᱛᱟᱨᱠᱚ ᱟᱠᱚ ᱠᱟᱱᱟ।
train_santalimale_04376	ᱟᱛᱚ ᱨᱮᱢᱟ ᱱᱩᱭ ᱵᱟᱝᱠᱷᱟᱱ ᱪᱮᱫᱼᱟ ᱜᱮ ᱵᱟᱝ ᱥᱚᱞᱦᱮ ᱠᱚᱜᱼᱟ।
train_santalimale_01749	ᱫᱷᱩᱸᱭᱥᱟᱲ ᱨᱟᱡᱟ ᱫᱚ ᱟᱲᱤ ᱢᱟᱨᱟᱝ ᱥᱮᱸᱫᱨᱟ ᱥᱤᱠᱟᱨᱤᱭᱟᱹ ᱮ ᱛᱟᱸᱦᱮᱸᱠᱟᱱ ᱛᱟᱸᱦᱮᱸᱠᱟᱱᱟ।
train_santalimale_03470	ᱱᱚᱟ ᱥᱚᱸᱥᱛᱷᱟ ᱫᱚ ᱜᱚᱴᱟ ᱥᱟᱠᱥᱚᱨᱛᱟ ᱢᱤᱥᱚᱱ ᱥᱮᱡᱼᱟ ᱠᱷᱚᱱ ᱱᱚᱟ ᱛᱟᱸᱦᱮᱸᱠᱟᱱᱟ ᱡᱮ ᱵᱮ ᱯᱟᱲᱦᱟᱣ ᱠᱚ ᱥᱟᱠᱥᱚᱨ ᱞᱟᱹᱜᱤᱫᱼᱟ ᱠᱚ ᱣᱭᱚᱣᱚᱥᱛᱷᱟᱭᱟ।
train_santalimale_02296	ᱚᱱᱟᱛᱮ ᱨᱟᱱ ᱪᱩᱯᱩᱫᱼᱟ ᱩᱨᱤᱡᱼᱟ ᱠᱟᱛᱮ ᱛᱮᱝᱜᱚ ᱛᱷᱤᱨ ᱜᱮ ᱢᱮᱱᱟᱭᱟ।
train_santalimale_03829	ᱱᱤᱭᱟᱹ ᱠᱟᱛᱷᱟ ᱟᱧᱡᱚᱢ ᱛᱮ ᱨᱢᱮᱥ ᱟᱨᱛᱮᱫᱼᱟ ᱜᱮᱭ ᱛᱷᱟᱨᱚ-ᱛᱷᱟᱨᱟᱣ ᱛᱷᱟᱠᱟᱣᱟᱠᱟᱱᱟ।
train_santalimale_02343	ᱵᱟᱹᱤᱵᱟᱹᱤ ᱛᱮ ᱦᱚᱴᱚᱜᱼᱟ ᱮ ᱥᱚᱡᱷᱮ ᱠᱮᱫᱼᱟ ᱛᱟᱭᱟ।
train_santalimale_04213	ᱢᱚᱥᱚᱫᱼᱟ ᱜᱮᱛᱮ, ᱨᱟᱥ ᱵᱟᱹᱱᱩᱜᱼᱟ ᱛᱮ, ᱵᱟᱠᱚ ᱟᱵᱼᱟ ᱛᱷᱤᱨᱚᱜᱼᱟ ᱠᱟᱱᱟ।
train_santalimale_01926	ᱫᱩᱰᱩᱵᱼᱟ ᱟᱠᱟᱱ ᱠᱚ, ᱪᱩᱴᱤᱛᱷᱟᱢᱟᱠᱩᱨᱮᱫᱼᱟ ᱠᱟᱱᱟ ᱠᱚ ᱦᱟᱱᱟᱱᱦᱟᱠᱚ ᱜᱟᱞᱢᱟᱨᱟᱣ ᱡᱚᱲᱚ ᱠᱟᱱᱟ।
train_santalimale_01301	ᱮᱱᱠᱷᱟᱱ ᱩᱱᱤ ᱢᱩᱨᱢᱩ ᱠᱚᱲᱟᱹ ᱫᱚ ᱩᱱᱤ ᱜᱚᱭᱚᱡᱼᱟ ᱟᱠᱟᱱ ᱠᱩᱲᱤᱹᱫᱼᱟ ᱮᱸᱜᱟ ᱤᱫᱤ ᱠᱟᱛᱮ, ᱠᱤᱥᱠᱩ ᱨᱟᱡ ᱚᱲᱟᱹᱷ ᱮ ᱪᱟᱞᱟᱣᱞᱮᱱ ᱛᱟᱸᱦᱮᱸᱠᱟᱱᱟ, ᱟᱨ ᱠᱩᱲᱤᱹᱛ ᱜᱚᱭᱚᱡᱼᱟ ᱟᱠᱟᱫᱼᱟ ᱫᱮ ᱨᱮᱭᱟ: ᱠᱟᱛᱷᱟᱭ ᱢᱮᱱᱠᱮᱫᱼᱟ ᱟ।
train_santalimale_01964	ᱵᱟᱝᱵᱟᱝ ᱟᱨ ᱫᱚ ᱛᱤᱥ ᱦᱚᱸ ᱵᱟᱹᱧ ᱧᱩ ᱵᱩᱞᱚᱜᱼᱟᱟ, ᱵᱟᱝ ᱛᱮᱫᱼᱟ ᱵᱟᱹᱧ ᱧᱩᱭᱟ ᱯᱟᱹᱩᱨᱟᱹ ᱫᱚ।
train_santalimale_02032	ᱵᱷᱟᱛᱚᱲ ᱫᱚ ᱱᱤᱛ ᱫᱚ ᱦᱟᱹᱱᱤ ᱴᱷᱮᱱ ᱱᱟᱹᱭ ᱴᱷᱮᱱ ᱧᱤᱨ ᱵᱟᱲᱟᱭ ᱠᱟᱱᱟ।
train_santalimale_05191	ᱪᱟᱜᱼᱟ ᱵᱟᱝ ᱮᱱᱛᱮ ᱚᱱᱟ ᱞᱟᱹᱜᱤᱫᱼᱟ ᱢᱚᱱᱮᱭ ᱢᱩᱨᱩᱠ ᱞᱮᱫᱟ।
train_santalimale_05171	ᱟᱹᱰᱤ ᱜᱚᱴᱮᱱ ᱠᱟᱛᱷᱟ ᱦᱩᱫᱤᱥ ᱤᱫᱤᱭᱮᱫᱟᱭ।
train_santalimale_03274	ᱢᱤᱞᱣᱟ ᱫᱩᱞᱟᱹᱲ ᱛᱮ ᱵᱩᱞ ᱠᱟᱛᱮ ᱚᱱᱟ ᱫᱚᱭ ᱦᱤᱲᱤᱧ ᱱᱟᱯᱚᱲ ᱠᱟᱫᱟ ᱡᱮ ᱟᱡᱼᱟ ᱜᱚᱵᱟᱵᱟ ᱥᱮ ᱫᱟᱫᱟᱦᱤᱞᱤ ᱪᱮᱫᱼᱟ ᱠᱚ ᱢᱮᱛᱟᱭᱟ।
train_santalimale_02938	ᱥᱚᱦᱟ ᱫᱚ ᱟᱹᱰᱤ ᱩᱥᱟᱹᱨᱟᱭ ᱨᱚᱲ ᱜᱚᱫᱼᱟ ᱠᱮᱫᱟ ᱟᱨ ᱤᱧ ᱥᱟᱸᱣ ᱛᱮ ᱢᱮᱱᱟᱜᱼᱟ ᱱᱚᱟ ᱵᱚᱡᱷᱦᱟ।
train_santalimale_00178	ᱠᱟᱨᱟᱢ ᱥᱟᱠᱟᱢ ᱨᱮᱱᱟᱷ ᱛᱩᱢᱫᱟᱷ ᱵᱮᱱᱟᱣᱢᱮ।
train_santalimale_00464	ᱛᱚᱵᱮ ᱠᱷᱟᱱ ᱟᱹᱯᱩᱧ ᱠᱚ ᱛᱤᱱ ᱫᱷᱩᱨ ᱡᱟᱝᱜᱟ ᱫᱚᱯᱮ ᱵᱟᱲᱦᱟᱣ ᱟᱠᱟᱫᱼᱟ ᱟ?
train_santalimale_04286	ᱥᱟᱯᱷᱟ ᱡᱤᱭᱚᱱ ᱠᱚ ᱢᱟᱹᱤᱞᱟᱹ ᱮᱫᱼᱟ ᱠᱟᱱᱟ।
train_santalimale_04482	ᱱᱚᱟ ᱠᱚ ᱠᱟᱛᱷᱟ ᱵᱟᱰᱟᱭ ᱧᱟᱢ ᱥᱟᱸᱣ ᱛᱮ ᱢᱚᱱᱮ ᱫᱚ ᱰᱩᱜᱩᱨ ᱢᱟᱨᱟᱣ ᱜᱚᱫᱼᱟ ᱮᱱ ᱛᱟᱭᱟ।
train_santalimale_01870	ᱛᱮᱥᱟᱨ ᱦᱤᱞᱚᱷ ᱫᱚ ᱥᱟᱠᱨᱟᱫᱼᱟ।
train_santalimale_02539	ᱥᱚᱲᱚᱜᱼᱟ ᱥᱟᱨᱮᱰ ᱦᱚᱲ ᱯᱟᱛᱟ ᱢᱮᱞᱟ ᱧᱮᱞ ᱠᱚ ᱪᱟᱹᱞᱟᱜᱼᱟ ᱠᱟᱱᱟ।
train_santalimale_03853	ᱚᱱᱟ ᱛᱟᱢᱵᱟᱡᱚᱲ ᱟᱛᱚ ᱨᱮ ᱫᱚ ᱮᱠᱮᱱ ᱦᱚᱲᱚ-ᱦᱚᱯᱚᱱ ᱜᱮ ᱢᱮᱱᱟᱜᱼᱟᱠᱚᱟ।
train_santalimale_03631	ᱮᱠᱮᱱ ᱠᱩᱲᱤ ᱠᱚᱲᱟ ᱵᱚᱱ ᱞᱟᱭ ᱟᱹᱠᱤᱱᱟ ᱡᱮ ᱟᱵᱮᱱ ᱫᱚ ᱡᱩᱨᱤᱯᱟᱹᱨᱤ ᱛᱚᱱᱚᱞ ᱨᱮ ᱞᱮ ᱛᱚᱱᱚᱞ ᱵᱮᱱ ᱞᱟᱹᱜᱤᱫᱼᱟ।
train_santalimale_03083	ᱱᱤᱨᱟᱹᱱ ᱫᱤᱱ ᱥᱮᱴᱮᱨ ᱠᱟᱛᱮ ᱠᱚ ᱵᱟᱯᱞᱟ ᱠᱟᱹᱠᱤᱱᱟ ᱢᱮᱱᱛᱮ ᱠᱚ ᱜᱚᱴᱟ ᱠᱮᱫᱟ।
train_santalimale_04141	ᱢᱤᱫᱼᱟ ᱫᱤᱱ ᱠᱚᱞᱮᱡ ᱨᱮᱭᱟᱜᱼᱟ ᱵᱟᱨᱟᱱᱰᱟ ᱨᱮᱸ ᱥᱩᱠᱤ ᱟᱭᱟᱜᱼᱟ ᱠᱟᱛᱷᱟ ᱵᱟᱹᱵᱟᱹᱭᱮ ᱥᱚᱫᱚᱨ ᱟᱫᱮᱭᱟ।
train_santalimale_00545	ᱭᱩᱫᱤ ᱡᱟᱦᱟᱸᱭ ᱠᱚᱲᱟᱹ ᱡᱚᱨ ᱡᱚᱵᱚᱨᱛᱮ ᱡᱟᱦᱟᱸᱭ ᱠᱩᱲᱤ ᱮ ᱚᱨ ᱤᱛᱩᱫ ᱮᱭᱟ, ᱮᱱᱠᱷᱟᱱ ᱵᱟᱱᱟᱨ ᱯᱟᱦᱴᱟ ᱨᱮᱱ ᱟᱹᱛᱩ ᱢᱟᱸᱡᱷᱤ ᱢᱚᱲᱮᱹ ᱦᱚᱲ ᱜᱟᱯᱟᱞ ᱢᱟᱨᱟᱣ ᱢᱤᱫᱼᱟ ᱠᱟᱛᱮ, ᱠᱚᱲᱟᱹ ᱟᱯᱟᱫᱼᱟ ᱴᱷᱮᱱ ᱢᱟᱱᱟ: ᱠᱚ ᱡᱚᱢᱟ।
train_santalimale_02979	ᱟᱢ ᱫᱚ ᱟᱹᱰᱤ ᱨᱟᱡᱟᱱᱵᱟᱡᱟᱱ ᱛᱮᱞᱮ ᱟᱹᱜᱩ ᱣᱟᱢᱟ।
train_santalimale_02225	ᱱᱚᱟ ᱱᱟᱜᱨᱟᱦᱟ ᱫᱚ ᱡᱤᱞᱟᱹ ᱨᱮᱭᱟᱜᱼᱟ ᱛᱟᱞᱟᱢᱟᱞᱟ ᱞᱮᱠᱟ ᱨᱮᱜᱮ ᱢᱮᱱᱟᱜᱼᱟᱟ।
train_santalimale_04772	ᱢᱟᱦᱟᱸ ᱦᱚᱸ ᱛᱤᱭᱟᱹᱜᱼᱟ ᱮᱱᱟ।
train_santalimale_00432	ᱩᱱᱤ ᱜᱮ ᱮᱭᱦᱚᱵ ᱠᱷᱚᱱ ᱢᱩᱪᱟᱫᱼᱟ ᱦᱚᱵᱤᱡᱼᱟ ᱵᱟᱵᱼᱟᱞᱟ ᱨᱮᱭᱟ: ᱥᱟᱱᱟᱢ ᱠᱟᱹᱢᱤ ᱟᱹᱛᱩ ᱢᱟᱸᱡᱷᱤ, ᱟᱥᱟᱢᱤ ᱟᱨ ᱟᱹᱛᱩ ᱢᱚᱲᱮᱹ ᱟᱛᱮ ᱠᱟᱹᱢᱤᱭᱟᱭ।
train_santalimale_04665	ᱟᱨ ᱛᱷᱚᱲᱟᱹ ᱫᱤᱱ ᱛᱟᱭᱚᱢ ᱩᱱᱤ ᱵᱚᱠᱚᱛᱛᱮᱫᱼᱟ ᱦᱚᱸ ᱠᱚ ᱟᱹᱜᱩ ᱠᱮᱫᱮᱭᱟ।
train_santalimale_04637	ᱚᱱᱟ ᱨᱮᱭᱟᱜᱼᱟ ᱫᱟᱢ ᱟᱨ ᱢᱚᱦᱚᱛ ᱵᱟᱝ ᱵᱩᱡᱷᱟᱹᱩ ᱠᱟᱛᱮ ᱠᱚ ᱤᱨᱪᱤ ᱜᱤᱰᱤ ᱠᱟᱜᱼᱟ ᱠᱟᱱᱟ।
train_santalimale_01692	ᱟᱷ ᱥᱟᱨ ᱛᱩᱧ, ᱠᱟᱹᱯᱤ ᱵᱚᱨᱞᱟᱢ ᱪᱟᱞᱟᱣ ᱨᱮ ᱫᱚ ᱟᱹᱰᱤ ᱯᱟᱨᱩᱠᱷᱤᱭᱟ ᱮ ᱵᱮᱱᱟᱣᱞᱮᱱ ᱛᱟᱸᱦᱮᱸᱠᱟᱱᱟ।
train_santalimale_05088	ᱟᱡᱼᱟ ᱜᱚ ᱫᱚ ᱟᱹᱰᱤ ᱩᱥᱟᱹᱨᱟᱛᱮ ᱫᱟᱜᱼᱟ ᱠᱚ ᱛᱟᱝ ᱵᱟᱲᱟᱹ ᱠᱟᱛᱮ ᱤᱧ ᱜᱮᱧ ᱠᱩᱞᱤ ᱢᱟᱲᱟᱝ ᱠᱮᱫᱮᱭᱟ, ᱱᱟᱯᱟᱭ ᱵᱟᱲᱟᱹ ᱜᱮᱭᱟ ᱯᱮ।
train_santalimale_02880	ᱠᱷᱟᱱ ᱥᱚᱦᱟ ᱫᱚ ᱪᱟᱸᱫᱨᱟᱭ ᱟᱜᱼᱟ ᱠᱟᱛᱷᱟ ᱟᱸᱡᱚᱢ ᱠᱟᱛᱮᱭ ᱯᱷᱮᱰ ᱮᱱᱟ।
train_santalimale_02001	ᱚᱱᱟ ᱦᱚᱸ ᱯᱮᱱᱮ ᱦᱚᱲ ᱛᱮᱠᱚ ᱧᱩ ᱪᱟᱵᱟᱠᱮᱫᱟ।
train_santalimale_02461	ᱧᱤᱱᱫᱟᱹ ᱨᱟᱹᱱᱤ ᱦᱚᱸ ᱫᱟᱭᱟ ᱧᱮᱞᱛᱮ ᱩᱥᱟᱹᱨᱟ ᱛᱮ ᱟᱭᱟᱜᱼᱟ ᱜᱮᱥ ᱵᱟᱹᱛᱤ ᱡᱮᱨᱮᱫᱼᱟ ᱠᱟᱛᱮᱭ ᱢᱟᱨᱥᱟᱞᱟᱫᱼᱟ ᱠᱤᱱᱟᱹ।
train_santalimale_01173	ᱮᱱᱠᱷᱟᱱ ᱢᱟᱱᱢᱤ ᱪᱤᱱᱛᱮ ᱜᱚᱴᱟ ᱚᱛᱮᱫᱼᱟ ᱮ ᱫᱟᱸᱲᱟᱹ ᱵᱟᱲᱟᱹᱭ ᱠᱟᱱ ᱛᱟᱸᱦᱮᱸᱠᱟᱱᱟ।
train_santalimale_03498	ᱮᱱᱛᱮ ᱠᱟᱥᱛᱟᱣ ᱫᱚ ᱱᱚᱟ ᱜᱮ ᱛᱟᱸᱦᱮᱸᱠᱟᱱ ᱛᱟᱭᱟ ᱪᱮᱫᱟᱜᱼᱟ ᱮᱱᱛᱮ ᱠᱤᱞᱟᱥ ᱨᱮᱭ ᱯᱟᱲᱦᱟᱣ ᱞᱮᱱ ᱠᱷᱟᱱ ᱫᱚ ᱪᱟᱹᱠᱨᱤᱭ ᱧᱟᱢ ᱠᱮᱭᱟ।
train_santalimale_00159	ᱠᱟᱨᱟᱢ ᱯᱟᱹᱨᱟᱹᱵ ᱫᱚ ᱥᱟᱱ ᱪᱟᱸᱫᱚ ᱨᱮᱱᱟ: ᱠᱩᱱᱟᱹᱢᱤ ᱨᱮ ᱦᱩᱭᱩ: ᱟ।
train_santalimale_04450	ᱜᱚᱜᱼᱟ ᱟᱱᱟ ᱠᱚ ᱠᱟᱛᱷᱟ ᱜᱚ-ᱵᱟᱵᱟ, ᱵᱚᱭᱦᱟ ᱵᱟᱯᱟᱜ ᱠᱚ ᱨᱮᱭᱟᱜᱼᱟ ᱟᱵᱚ ᱥᱟᱸᱣᱛᱟ ᱨᱮ ᱱᱚᱝᱠᱟᱱ ᱦᱚᱲᱟᱹᱜᱼᱟ ᱞᱮᱠᱷᱟ ᱫᱚ ᱟᱹᱰᱤ ᱜᱮ ᱡᱟᱹᱥᱛᱤ ᱜᱮᱭᱟ।
train_santalimale_02271	ᱚᱱᱠᱚ ᱛᱮᱝᱜᱚ ᱛᱷᱤᱨ ᱦᱚᱲ ᱢᱩᱫ ᱨᱮ ᱨᱩᱯᱩ ᱦᱚᱸᱭ ᱛᱟᱸᱦᱮᱸᱠᱟᱱᱟ।
train_santalimale_03873	ᱥᱟᱹᱲᱤ ᱛᱮ ᱵᱟᱱᱫᱮ ᱠᱟᱛᱮ ᱠᱟᱥᱚ ᱫᱚ ᱵᱤᱫᱞᱟᱹᱭ- ᱵᱤᱫᱞᱟᱹᱭ ᱮ ᱠᱚᱞᱥᱟᱭᱮᱫᱼᱟ ᱛᱟᱸᱦᱮᱸᱠᱟᱱᱟ।
train_santalimale_02374	ᱠᱩᱲᱤ ᱨᱮᱦᱚᱸ, ᱠᱚᱲᱟ ᱨᱮᱦᱚᱸ ᱱᱤ ᱜᱮ ᱚᱲᱟᱜᱼᱟ ᱨᱮᱱ ᱥᱟᱫᱷᱮᱨ ᱫᱷᱚᱱ ᱛᱟᱹᱠᱤᱱ ᱫᱚ।
train_santalimale_02223	ᱨᱢᱮᱥ ᱴᱷᱮᱱ ᱫᱚ ᱮᱠᱮᱱ ᱫᱩᱠ ᱟᱨ ᱫᱩᱠ ᱜᱮ ᱢᱟᱬᱰᱨᱟᱣ ᱵᱟᱲᱟᱹᱭ ᱠᱟᱱ ᱛᱟᱸᱦᱮᱸᱠᱟᱱᱟ।
train_santalimale_04326	ᱱᱚᱟ ᱦᱩᱫᱤᱥ ᱨᱮᱧ ᱯᱟᱲᱟᱹᱣ ᱞᱮᱱ ᱨᱮ ᱟᱭᱢᱟ ᱠᱟᱛᱷᱟᱧ ᱫᱤᱥᱟᱹᱭᱮᱫᱼᱟ ᱟ।
train_santalimale_04537	ᱱᱩᱠᱤᱱ ᱵᱚᱭᱦᱟ ᱛᱟᱞᱟ ᱨᱮ ᱡᱟᱦᱟᱸ ᱡᱩᱜᱚ-ᱡᱩᱜ ᱠᱷᱚᱱ ᱴᱤᱠᱟᱹᱩ ᱟᱠᱟᱱ ᱡᱚᱛᱚᱱ ᱡᱚᱜᱟᱣ ᱛᱮ ᱫᱚᱦᱚᱣᱟᱠᱟᱱ ᱛᱟᱦᱮᱸᱱ ᱵᱚᱭᱦᱟ ᱫᱩᱞᱟᱹᱲ ᱫᱚ ᱢᱩᱨᱩᱠᱷ ᱢᱟᱨᱟᱣᱮᱱᱟ।
train_santalimale_03607	ᱱᱚᱟ ᱠᱟᱛᱷᱟ ᱟᱧᱡᱚᱢ ᱠᱟᱛᱮᱫᱼᱟ ᱥᱚᱢᱟᱭ ᱚᱲᱟᱜᱼᱟ ᱦᱚᱲ ᱫᱚᱭ ᱢᱮᱱ ᱠᱮᱫᱟ, ᱛᱚᱵᱮ ᱴᱟ ᱫᱷᱚᱱᱟ ᱛᱤᱥ ᱟᱫᱚ ᱵᱷᱟᱡᱟᱱ ᱫᱚᱢ ᱩᱫᱩᱜᱼᱟ ᱟᱞᱮᱭᱟ।
train_santalimale_05251	ᱱᱚᱝᱠᱟᱱ ᱯᱷᱟᱠᱟ ᱚᱲᱟᱜᱼᱟ ᱧᱟᱢ ᱠᱟᱛᱮ, ᱡᱟᱦᱟᱸ ᱠᱷᱚᱡ ᱢᱮᱱ ᱛᱤᱠᱤᱱ ᱵᱚᱞᱚ ᱞᱮᱱ ᱚᱱᱟ ᱫᱚᱠᱤᱱ ᱦᱤᱲᱤᱧ ᱦᱟᱯᱮ ᱟᱠᱟᱫᱟ ᱟᱨ ᱜᱟᱯᱟᱞᱢᱟᱨᱟᱣ ᱮᱦᱚᱵᱼᱟ ᱮᱱᱟ ᱞᱮᱵᱟ ᱟᱨ ᱞᱩᱜᱩᱢᱩᱱᱤ ᱛᱟᱹᱠᱤᱱ ᱛᱟᱞᱟ ᱨᱮ।
train_santalimale_03880	ᱚᱞᱚ-ᱯᱟᱲᱦᱟᱣ, ᱚᱲᱟᱜᱼᱟ-ᱠᱟᱹᱢᱤ ᱟᱨ ᱯᱮᱲᱟ-ᱵᱮᱣᱦᱟᱨ ᱟᱹᱰᱤ ᱵᱮᱥᱮ ᱵᱟᱰᱟᱭ ᱠᱟᱱ ᱛᱟᱸᱦᱮᱸᱠᱟᱱᱟ।
train_santalimale_03680	ᱟᱨ ᱩᱱᱤ ᱜᱤᱫᱨᱟᱹ ᱡᱷᱟᱡᱷᱟᱲ ᱤᱧ ᱮᱦᱚᱵᱼᱟ ᱮᱱᱟ।
train_santalimale_02299	ᱥᱮᱸᱭᱟᱥᱤᱸᱰᱤᱸᱡᱼᱟ ᱥᱚᱸ ᱛᱮ ᱫᱷᱟᱨᱮ ᱯᱟᱥᱮ ᱨᱮᱱ ᱡᱚᱛᱚ ᱦᱚᱲ ᱢᱩᱸ ᱢᱚᱪᱟ ᱠᱚ ᱵᱮᱫᱼᱟ ᱟᱠᱟᱱᱟ, ᱪᱷᱤ: ᱛᱷᱩ ᱭᱮᱫᱟᱠᱚ।
train_santalimale_03690	ᱠᱷᱟᱹᱞᱤ ᱟᱢ ᱫᱚ ᱠᱩᱠᱚᱢᱩ ᱜᱮᱢ ᱧᱮᱞᱟ ᱫᱮᱞᱟ ᱵᱮᱨᱮᱫᱚᱜᱼᱟ ᱢᱮ, ᱢᱟᱞᱡᱟᱞ ᱜᱚᱲᱟᱹ ᱠᱷᱚᱱ ᱚᱬᱲᱚᱝ ᱠᱚᱢ ᱟᱨ ᱡᱚᱢᱟᱜᱼᱟ ᱮᱢᱟ ᱠᱚᱢ।
train_santalimale_04663	ᱟᱡᱼᱟ ᱫᱤᱫᱤ ᱛᱟᱹᱠᱤᱱ ᱵᱟᱨᱭᱟ ᱟᱨ ᱵᱚᱠᱚᱛ ᱠᱚᱲᱟ ᱢᱤᱫᱼᱟᱴᱮᱱ।
train_santalimale_01699	ᱢᱮᱱᱠᱷᱟᱱ ᱠᱤᱥᱠᱩ ᱨᱟᱡ ᱫᱚ ᱟᱡᱟ: ᱡᱟᱱᱟᱢ ᱵᱩᱴᱟᱹ ᱠᱟᱛᱷᱟ ᱵᱟᱝ ᱮ ᱞᱟᱹᱤ ᱥᱚᱫᱚᱨ ᱫᱟᱲᱮᱹ ᱟᱹᱫᱮᱭᱟ।
train_santalimale_04177	ᱫᱤᱥᱟᱹᱢ ᱯᱮᱲᱟ ᱴᱷᱮᱱ ᱵᱟᱱᱟᱦᱚᱲ ᱞᱟᱝ ᱞᱟᱡᱟᱯᱟᱲᱟᱹᱣᱚᱜᱼᱟ ᱟ।
train_santalimale_01992	ᱧᱮᱯᱮᱞ ᱚᱯᱨᱚᱢ ᱦᱚᱲ ᱛᱷᱚ, ᱪᱮᱠᱟᱛᱮ,ᱵᱷᱟᱞᱟ ᱵᱟᱠᱤᱱ ᱫᱮᱞᱟᱣᱟᱭᱟ?
train_santalimale_02330	ᱚᱱᱟ ᱟᱧᱡᱚᱢ ᱛᱮ ᱵᱟᱱᱟ ᱦᱚᱲ ᱜᱮ ᱩᱥᱟᱹᱨᱟ ᱛᱮ ᱫᱮᱞᱟᱣᱟᱫᱼᱟ ᱠᱤᱱ ᱞᱮᱠᱟ ᱠᱤᱱ ᱵᱩᱡᱷᱟᱹᱩ ᱠᱮᱫᱟ।
train_santalimale_05253	ᱟᱹᱰᱤ ᱜᱚᱴᱟᱝ ᱟᱭᱢᱟ ᱠᱟᱛᱷᱟ ᱨᱟᱪᱟ ᱨᱮᱜᱮ ᱠᱚ ᱜᱟᱞᱢᱟᱨᱟᱣ ᱠᱮᱫᱼᱟ ᱟ।
train_santalimale_03142	ᱤᱧ ᱫᱚ ᱟᱢᱟᱜᱼᱟ ᱱᱚᱝᱠᱟᱱ ᱪᱟᱹᱞᱤᱪᱚᱞᱚᱱ ᱟᱫᱚ ᱚᱦᱚᱧ ᱥᱟᱦᱟᱣ ᱞᱮᱭᱟ।
train_santalimale_05257	ᱤᱱᱟᱹᱜᱼᱟ ᱛᱮᱜᱮ ᱞᱩᱜᱩᱢᱩᱱᱤ ᱟᱡᱼᱟ ᱜᱚ-ᱵᱟᱵᱟ, ᱵᱚᱠᱚᱛ ᱠᱚᱲᱟ-ᱠᱩᱲᱤ ᱛᱟᱠᱚ ᱠᱚ ᱵᱚᱞᱚᱭᱮᱱᱟ।
train_santalimale_03071	ᱚᱱᱟ ᱧᱮᱞᱛᱮ ᱢᱩᱠᱷᱤ ᱫᱚ ᱟᱪᱠᱟ ᱜᱮ ᱢᱩᱠᱩᱱᱫ ᱟᱭᱟ ᱠᱚᱲᱟᱹᱢ ᱨᱮᱭ ᱦᱟᱰᱩᱵᱼᱟ ᱛᱷᱤᱨ ᱮᱱᱟ ᱟᱹᱰᱤ ᱜᱷᱟᱹᱲᱤᱡᱼᱟ, ᱟᱨᱮ ᱢᱮᱛᱟᱭ ᱠᱟᱱᱟ ᱢᱩᱠᱩᱱᱫ, ᱡᱤᱣᱤ ᱟᱞᱚᱢ ᱠᱷᱟᱴᱚᱭ ᱛᱟᱢᱟ, ᱫᱮᱞᱟ ᱟᱪᱷᱟ ᱥᱚᱦᱨᱟᱭ ᱫᱚ ᱟᱞᱮ ᱚᱲᱟᱜᱼᱟ ᱨᱮᱜᱮ ᱞᱟᱝ ᱢᱟᱱᱟᱣᱟ।
train_santalimale_03437	ᱧᱟᱯᱟᱢ ᱛᱟᱭᱚᱢ ᱩᱱᱚᱠᱤᱱ ᱫᱚ ᱟᱹᱰᱤ ᱟᱸᱴ ᱠᱤᱱ ᱚᱯᱨᱚᱢᱮᱱᱟ ᱟᱨ ᱜᱟᱞᱢᱟᱨᱟᱣ ᱜᱟᱞᱢᱟᱨᱟᱣ ᱛᱮ ᱩᱱᱚᱠᱤᱱ ᱛᱟᱞᱟ ᱨᱮ ᱟᱹᱰᱤ ᱥᱚᱯᱚᱨᱥᱟᱹᱜᱟᱹᱤ ᱦᱩᱭᱮᱱᱟ।
train_santalimale_01936	ᱫᱮᱱᱟ ᱮᱸᱜᱟᱛ ᱫᱚ ᱩᱱᱤᱮ ᱢᱮᱛᱟ ᱫᱮᱭᱟ, ᱛᱟᱞᱟ ᱠᱤᱡᱤ ᱵᱩᱞᱩᱝ ᱢᱤᱫᱼᱟ ᱯᱟᱹᱩᱨᱟᱹ ᱜᱟᱱ ᱩᱛᱩᱧ ᱥᱩᱱᱩᱢ ᱟᱨ ᱢᱤᱫᱼᱟ ᱴᱟᱠᱟ ᱜᱟᱱ ᱨᱮᱭᱟᱜᱼᱟ ᱢᱚᱥᱚᱞᱟᱢ ᱠᱤᱨᱤᱧᱟ।
train_santalimale_04699	ᱟᱨ, ᱟᱹᱰᱤ ᱜᱚᱴᱮᱱ ᱠᱟᱛᱷᱟ ᱠᱚᱞᱤᱧ ᱜᱟᱯᱟᱞᱢᱟᱨᱟᱣ ᱠᱮᱫᱼᱟ ᱟ।
train_santalimale_00183	ᱮᱱᱮᱡᱼᱟ ᱵᱷᱟᱜᱟᱣ ᱠᱟᱛᱮ ᱚᱲᱟᱹᱷ ᱛᱤᱠᱤᱱ ᱨᱩᱣᱟᱹᱲ ᱪᱟᱞᱟ: ᱠᱟᱱ ᱛᱟᱸᱦᱮᱸᱠᱟᱱᱟ।
train_santalimale_00385	ᱮᱱᱠᱷᱟᱱ ᱜᱮ ᱜᱤᱫᱨᱟᱹ: ᱫᱚ ᱜᱟᱱᱟᱹᱲᱮᱹ ᱠᱷᱚᱱᱮ ᱯᱟᱨᱚᱢ ᱮᱱᱟ ᱟᱵᱚ ᱛᱟᱞᱟᱨᱮ ᱦᱮᱡᱼᱟ ᱮᱱᱟᱭ।
train_santalimale_04108	ᱤᱧ ᱦᱚᱸ ᱱᱟᱥᱮ ᱵᱟᱹᱧ ᱵᱩᱡ ᱧᱟᱢ ᱫᱟᱲᱮᱹᱭᱟᱫᱟ ᱟᱨ ᱫᱟᱭᱟ ᱜᱮ ᱫᱷᱩᱲᱤ ᱫᱷᱟᱹᱨᱛᱤ ᱨᱮ ᱧᱩᱨ ᱠᱟᱛᱮ ᱦᱚᱲᱟᱜᱼᱟ ᱡᱟᱝᱜᱟ ᱫᱷᱩᱲᱤ ᱛᱮᱭ ᱠᱚᱞᱥᱟ ᱞᱚᱥᱚ-ᱯᱚᱬᱲᱚ ᱚᱪᱚᱭᱮᱱᱟ।
train_santalimale_03151	ᱦᱚᱲ ᱡᱮᱢᱚᱱ ᱢᱟᱨᱥᱟᱞ ᱠᱚ ᱧᱟᱢ, ᱚᱱᱟ ᱞᱟᱹᱜᱤᱫᱼᱟ ᱛᱮ ᱠᱩᱥᱤᱠᱩᱥᱤ ᱟᱭᱟᱜᱼᱟ ᱦᱚᱲᱢᱚᱭ ᱢᱚᱦᱚᱨ ᱢᱮᱴᱟᱣ ᱪᱟᱵᱟᱭᱮᱫᱟ।
train_santalimale_04961	ᱥᱤᱠᱷᱱᱟᱹᱛ ᱜᱚ-ᱵᱟᱵᱟ, ᱵᱟᱹᱦᱩ-ᱡᱟᱣᱟᱸᱭ ᱜᱷᱟᱨᱚᱧᱡ ᱛᱟᱞᱟ ᱨᱮ ᱜᱚᱱᱚᱝ ᱪᱤᱱᱦᱟᱹ ᱜᱮ ᱵᱟ ᱪᱮᱫᱼᱟ ᱛᱟᱦᱮᱸᱱ ᱠᱟᱱᱟ?
train_santalimale_03831	ᱵᱟᱭ ᱡᱤᱣᱤᱭᱟᱫᱟ ᱨᱚᱲ ᱜᱚᱫᱼᱟ ᱠᱮᱫᱟᱭ, ᱟᱞᱚ-ᱫᱟᱫᱟ-ᱟᱞᱚ ᱟᱞᱚᱢ ᱡᱤᱣᱟᱹᱫᱮᱭᱟ, ᱵᱟᱝ ᱠᱷᱟᱱ ᱡᱚᱢ ᱵᱚᱱᱟ ᱛᱟᱹᱨᱩᱵᱼᱟ ᱫᱚᱠᱚ ᱡᱚᱡᱚᱢ ᱜᱮᱭᱟ।
train_santalimale_04412	ᱥᱩᱤᱞᱟᱹ ᱫᱚ ᱵᱟᱝ ᱮ ᱵᱩᱡ ᱧᱟᱢ ᱫᱟᱲᱮᱹᱣᱟᱫᱟ ᱧᱩᱛᱟᱹᱛ ᱨᱮᱭᱟᱜᱼᱟ ᱠᱩᱠᱢᱩ ᱨᱮᱭᱟᱜᱼᱟ ᱯᱷᱮᱱ।
train_santalimale_02846	ᱥᱚᱦᱟ ᱫᱚ ᱟᱩᱨᱤᱭ ᱜᱚᱴᱟᱭᱟ, ᱚᱠᱟ ᱛᱮᱭ ᱪᱟᱞᱟᱜᱼᱟᱟ ᱢᱮᱱᱛᱮ?
train_santalimale_01700	ᱮᱱᱠᱷᱟᱱ ᱩᱱᱤ ᱜᱤᱫᱨᱟᱹ ᱟᱨᱦᱚᱸ ᱟᱸᱰᱤᱛᱮᱫᱼᱟ ᱮ ᱨᱟᱹᱜᱤᱭᱮᱱᱟ ᱟᱨ ᱠᱤᱥᱠᱩ ᱨᱟᱡ ᱜᱚᱭᱚᱡᱼᱟ ᱞᱟᱹᱜᱤᱫᱼᱟ ᱮ ᱯᱚᱨᱛᱚᱱᱠᱮᱫᱼᱟ ᱟ।
train_santalimale_04785	ᱥᱟᱝᱜᱮ ᱪᱟᱥᱚ-ᱵᱟᱥ, ᱜᱟᱹᱭᱚ-ᱰᱟᱸᱜᱨᱟ, ᱵᱷᱤᱰᱤ-ᱢᱮᱨᱚᱢ, ᱠᱟᱹᱠᱤ ᱦᱟᱱᱦᱟᱨᱤᱧ ᱟᱹᱰᱤᱭᱮ ᱠᱚᱥᱴᱚᱜᱼᱟ ᱠᱟᱱᱟ।
train_santalimale_01146	ᱮᱱᱠᱷᱟᱱ ᱢᱟᱨᱟᱝ ᱵᱩᱨᱩ ᱮ ᱦᱚᱦᱚᱣᱟᱫᱼᱟ ᱠᱤᱱᱟ।
train_santalimale_02315	ᱢᱮᱱᱠᱷᱟᱱ ᱮᱠᱮᱱ ᱱᱚᱟ ᱫᱚ ᱵᱚᱵᱞᱩ ᱟᱨ ᱵᱤᱴᱤᱢᱟᱹᱸᱭᱟᱜᱼᱟ ᱟᱹᱠᱤᱱᱟᱜᱼᱟ ᱫᱩᱞᱟᱹᱲ ᱛᱟᱞᱟ ᱨᱮᱭᱟᱜᱼᱟ ᱡᱟᱞᱟ ᱨᱮ ᱛᱚᱯᱚᱣᱟᱠᱟᱱ ᱥᱮ ᱡᱚᱵᱮ ᱠᱟᱛᱮ ᱡᱷᱟᱹᱞᱤᱭᱟᱠᱟᱱ ᱟᱨ ᱛᱷᱟᱹᱞᱤ ᱭᱟᱠᱟᱱ ᱞᱮᱠᱟᱧ ᱵᱩᱡᱮᱫᱼᱟ ᱠᱟᱱᱟ।
train_santalimale_04307	ᱯᱷᱟᱨᱠᱟᱣ ᱟᱠᱟᱱ ᱪᱮᱸᱲᱮᱸ ᱛᱷᱚᱨ ᱵᱟᱭ ᱨᱩᱣᱟᱹᱲᱟ।
train_santalimale_03000	ᱟᱵᱮᱱ ᱫᱚ ᱵᱟᱱᱟ ᱦᱚᱲ ᱛᱮ ᱵᱟᱵᱮᱱ ᱚᱦᱢᱟ ᱛᱤᱭᱟᱹᱜᱼᱟ ᱟᱠᱟᱫᱟ।
train_santalimale_04463	ᱩᱱᱤ ᱢᱟ ᱢᱤᱫᱼᱟ ᱫᱤᱱ ᱦᱤᱞᱚᱜᱼᱟ ᱱᱩᱠᱨᱤ ᱢᱟᱭ ᱧᱟᱢ ᱜᱮ।
train_santalimale_03869	ᱦᱚᱞᱟ ᱢᱟᱦᱚᱱᱫᱮᱨ ᱜᱮ ᱩᱱᱤ ᱫᱚ ᱢᱤᱫᱼᱟ ᱜᱮᱞ ᱛᱩᱨᱩᱤ ᱥᱮᱨᱢᱟᱭ ᱞᱮᱵᱮᱫᱼᱟ ᱯᱟᱨᱚᱢ ᱠᱮᱫᱟ।
train_santalimale_03281	ᱤᱥᱚᱠᱩᱞ ᱪᱟᱞᱟᱜᱼᱟ ᱠᱚ ᱵᱚᱱᱫ ᱠᱮᱫᱮ ᱠᱷᱟᱱ ᱯᱟᱹᱠᱞᱩ ᱫᱚ ᱟᱨ ᱠᱚ ᱞᱮᱠᱟ ᱵᱤᱨᱚᱵᱩᱨᱩ ᱵᱟᱡᱟᱨ ᱠᱟᱹᱢᱤ ᱪᱟᱞᱟᱜᱼᱟ ᱮ ᱮᱦᱚᱵᱼᱟ ᱮᱱᱟ।
train_santalimale_01812	ᱚᱠᱟ ᱡᱚᱦᱚ: ᱫᱚᱭ ᱫᱟᱲᱟᱹ, ᱚᱠᱟ ᱡᱚᱦᱚ: ᱫᱚᱭ ᱛᱟᱲᱟᱹᱢᱟ ᱟᱨ ᱚᱠᱟ ᱡᱚᱦᱚ: ᱫᱚ ᱫᱟᱨᱮ ᱵᱩᱴᱟᱹ ᱨᱮᱭ ᱫᱩᱰᱩᱵᱼᱟ ᱟ।
train_santalimale_05002	ᱚᱱᱮ ᱠᱚ ᱢᱮᱱ ᱟᱠᱟᱫᱼᱟ ᱞᱮᱠᱟ ᱥᱩᱛᱩᱜᱼᱟ ᱥᱩᱢᱩᱝ ᱡᱤᱣᱤ ᱢᱤᱫᱼᱟ ᱵᱤᱛᱟ ᱞᱟᱡᱼᱟ ᱫᱤᱱ ᱢᱟ ᱦᱟᱭ! ᱠᱷᱟᱭᱚ-ᱠᱷᱟᱭ ᱛᱮ ᱫᱤᱱ ᱫᱚ ᱪᱟᱞᱟᱜᱼᱟ ᱠᱟᱱᱟ।
train_santalimale_03600	ᱚᱱᱟ ᱛᱮᱧ ᱢᱮᱱ ᱠᱮᱫᱟ ᱯᱟᱥᱮᱪ ᱠᱤᱱ ᱧᱟᱢ ᱠᱚᱠᱷᱟᱱ ᱫᱚ ᱤᱧ ᱜᱮᱧ ᱨᱟᱭᱵᱟᱨᱟ।
train_santalimale_02477	ᱟᱨ, ᱥᱮᱨᱢᱟ ᱰᱟᱦᱟᱨ ᱦᱚᱸ ᱥᱟᱯᱷᱟ ᱢᱟᱨᱥᱟᱞ ᱜᱮᱭᱟ ᱟᱨᱤᱧ ᱯᱟᱸᱧᱟᱢᱮᱜᱮᱭᱟ।
train_santalimale_04587	ᱟᱫᱚ ᱮᱨᱟᱛ ᱛᱮᱫᱼᱟ ᱫᱚ ᱪᱮᱫᱼᱟ ᱮ ᱦᱩᱛᱲᱟᱹᱩ ᱧᱟᱢᱟ।
train_santalimale_04494	ᱵᱚᱞᱚ ᱥᱟᱸᱣ ᱛᱮᱭ ᱧᱮᱞ ᱠᱮᱫᱼᱟ ᱠᱚ ᱦᱚᱯᱚᱱ ᱠᱤᱢᱤᱱ ᱛᱟᱠᱚ ᱢᱟ ᱵᱚᱜᱮ ᱛᱮᱠᱚ ᱡᱷᱚᱜᱲᱟᱹᱜᱼᱟ ᱠᱟᱱ!
train_santalimale_00556	ᱞᱚᱴᱟ ᱫᱟ: ᱫᱚ ᱥᱟᱜᱩᱱ ᱫᱟ: ᱠᱟᱱᱟ, ᱡᱩᱫᱤ ᱞᱚᱴᱟ ᱫᱟ: ᱯᱮᱨᱮᱡᱼᱟ ᱜᱮ ᱛᱟᱸᱦᱮᱸᱱᱟ, ᱮᱱᱠᱷᱟᱱ ᱱᱩᱠᱤᱱ ᱠᱚᱲᱟᱹ ᱠᱩᱲᱤᱭᱟ ᱥᱟᱱᱟᱢᱟ ᱯᱮᱨᱮᱡᱼᱟ ᱜᱮ ᱛᱟᱸᱦᱮᱸᱱᱟ।
train_santalimale_04350	ᱟᱢ ᱦᱚᱸ ᱱᱟᱯᱟᱭ ᱜᱷᱟᱨᱚᱧᱡ ᱵᱮᱱᱟᱣ ᱡᱚᱝ ᱢᱮ।
train_santalimale_04624	ᱟᱹᱰᱤ ᱡᱟᱹᱥᱛᱤ ᱥᱟᱸᱜᱮ ᱠᱟᱹᱢᱤ ᱤᱭᱟᱹᱛᱮ ᱟᱡᱼᱟ ᱢᱚᱛᱚ ᱵᱟᱝ ᱥᱟᱹᱛ ᱜᱟᱱ ᱠᱷᱟᱹᱛᱤᱨ ᱟᱯᱟᱛᱛᱮᱫᱼᱟ ᱞᱮᱠᱟ ᱜᱮ ᱜᱩᱛᱤ ᱢᱩᱱᱥᱤ ᱫᱚᱦᱚ ᱠᱮᱫᱼᱟ ᱠᱚᱟ।
train_santalimale_01831	ᱨᱟᱱᱤ ᱫᱚ ᱚᱱᱟ ᱡᱟᱝ ᱵᱟᱦᱟ ᱫᱟᱨᱮ ᱪᱩᱢᱟᱣᱲᱟᱹ ᱠᱮᱫᱟᱭ।
train_santalimale_04559	ᱫᱤᱱ ᱠᱮ ᱫᱤᱱ ᱦᱟᱹᱬᱰᱤ ᱯᱟᱹᱩᱨᱟᱹ ᱨᱮᱭᱟᱜᱼᱟ ᱚᱨᱥᱚᱲ ᱦᱚᱲᱢᱚ ᱡᱤᱣᱤ ᱨᱮ ᱵᱷᱟᱹᱥᱤ ᱨᱮᱭᱟᱜᱼᱟ ᱵᱟᱸᱥ ᱫᱚ ᱛᱟᱨᱠᱚᱣᱟᱫᱮᱭᱟ।
train_santalimale_02300	ᱢᱮᱱᱠᱷᱟᱱ ᱚᱠᱚᱭ ᱦᱚᱸ ᱵᱟᱝ ᱠᱚ ᱞᱟᱦᱟᱜᱼᱟ ᱠᱟᱱᱟ।
train_santalimale_01594	ᱱᱚᱛᱮ ᱵᱮᱥᱨᱟ ᱠᱩᱲᱤ ᱫᱚ ᱩᱱᱚᱠᱤᱱ ᱴᱩᱰᱩ ᱠᱚᱲᱟᱹ ᱛᱮᱠᱤᱱ ᱧᱟᱢ ᱟᱠᱟᱛ ᱛᱮ ᱟᱹᱰᱤ ᱱᱟᱯᱟᱭ: ᱱᱟᱯᱟᱭ ᱠᱤᱱ ᱥᱮᱨᱮᱧ ᱠᱮᱫᱼᱟ ᱟ।
train_santalimale_03252	ᱯᱟᱹᱠᱞᱩ ᱦᱟᱱᱦᱟᱨ ᱛᱮᱫᱼᱟ ᱪᱮᱫᱼᱟ ᱮ ᱢᱮᱛᱟᱣᱟᱫᱼᱟ ᱠᱚ ᱛᱟᱸᱦᱮᱸᱠᱟᱱᱟ, ᱩᱱᱚᱠᱩ ᱫᱚ ᱚᱱᱟ ᱜᱮ ᱠᱚ ᱚᱱᱠᱟ ᱠᱮᱫᱟ।
train_santalimale_04116	ᱢᱚᱱᱮ ᱨᱮ ᱧᱟᱢ ᱠᱟᱱᱟᱠᱤᱱ ᱱᱚᱝᱠᱟᱱ ᱢᱟᱨᱥᱟᱞ ᱚᱠᱟ ᱫᱚ ᱩᱱᱚᱠᱤᱱ ᱴᱷᱮᱱ ᱚᱱᱟ ᱮᱞᱟᱝ ᱛᱮ ᱪᱮᱞᱮ ᱦᱚᱸ ᱵᱟᱝ ᱠᱚ ᱴᱤᱠᱟᱹᱩ ᱫᱟᱲᱮᱹᱭᱟᱜᱼᱟ।
train_santalimale_01459	ᱢᱟᱨᱰᱤ ᱟᱨ ᱠᱤᱥᱠᱩ ᱦᱚᱲ ᱛᱟᱞᱟᱨᱮ ᱟᱲᱤ ᱢᱟᱨᱟᱝ ᱛᱟᱯᱟᱢ ᱠᱟᱯᱷᱟᱨᱤᱭᱟᱣ ᱟᱨ ᱜᱚᱭᱚᱡᱼᱟ ᱜᱚᱯᱚᱡᱼᱟ ᱦᱩᱭᱞᱮᱱ ᱛᱟᱸᱦᱮᱸᱠᱟᱱᱟ।
train_santalimale_03117	ᱫᱤᱯᱚᱠ ᱫᱚ ᱢᱟᱹᱦᱤᱨ ᱟᱲᱟᱝ ᱛᱮᱭ ᱨᱚᱲ ᱠᱮᱫᱟ ᱟᱢ ᱢᱟ ᱤᱧᱮᱢ ᱵᱟᱰᱟᱭ ᱜᱮ ᱡᱮ ᱵᱟᱹᱧ ᱚᱞ ᱞᱮᱠᱷᱟᱱ ᱢᱚᱱᱮ ᱵᱟᱝ ᱛᱤᱨᱚᱯᱤᱛᱚᱜᱼᱟ ᱛᱤᱧᱟᱹ, ᱮᱱ ᱨᱮ ᱦᱚᱸᱢ ᱵᱟᱨᱚᱱᱤᱫᱤᱧ ᱠᱟᱱᱟ?
train_santalimale_01777	ᱪᱟᱸᱫᱚ ᱨᱟᱠᱟᱯ ᱵᱩᱨᱩ ᱥᱮᱫᱼᱟ ᱥᱮᱸᱫᱨᱟ ᱪᱟᱞᱟᱣᱞᱮᱱ ᱨᱮᱱᱟ: ᱠᱟᱛᱷᱟ ᱨᱟᱱᱤ ᱮ ᱞᱟᱭ ᱟᱫᱮᱭᱟ।
train_santalimale_02113	ᱥᱮᱛᱟ ᱛᱚᱭᱚ ᱵᱟᱝ ᱠᱚ ᱡᱚᱢ ᱞᱮᱢ ᱠᱷᱟᱱ ᱜᱮ ᱵᱷᱟᱜᱮ ᱦᱚᱭ ᱠᱚᱜᱼᱟᱟ।
train_santalimale_02435	ᱟᱨ ᱵᱤᱴᱤᱢᱟᱹᱸᱭ ᱫᱚ ᱟᱪᱠᱟ ᱜᱮᱭ ᱫᱷᱟᱠ ᱢᱟᱨᱟᱣᱮᱱᱟ।
train_santalimale_02485	ᱟᱴᱟᱞᱠᱚᱴᱚᱞ ᱚᱲᱟᱜᱼᱟᱫᱩᱣᱟᱹᱨ, ᱜᱚᱲᱟᱯᱮᱨᱮᱡᱼᱟ ᱢᱤᱸᱦᱩᱢᱮᱨᱚᱢ ᱟᱨ ᱟᱥᱮᱪᱛᱟᱥᱮᱡᱼᱟ ᱚᱱᱫᱷᱚᱱ ᱛᱟᱸᱦᱮᱸᱠᱟᱱ ᱛᱮ ᱨᱟᱢᱥᱟᱹᱤ ᱯᱟᱲᱦᱟᱣ ᱚᱪᱚᱭᱮ ᱫᱚ ᱜᱚᱵᱟᱵᱟ ᱵᱟᱝ ᱠᱤᱱ ᱜᱚᱨᱚᱡ ᱞᱮᱱᱟ।
train_santalimale_01816	ᱩᱱᱡᱚᱦᱚ: ᱚᱱᱟ ᱥᱟᱨᱡᱚᱢ ᱫᱟᱨᱮ ᱨᱮᱱᱟ: ᱨᱚᱦᱚᱲ ᱲᱟᱹᱨ ᱨᱮ ᱢᱤᱫᱼᱟᱴᱟᱝ ᱥᱮᱸᱜᱮᱞ ᱜᱤᱫᱤ ᱮᱸᱜᱟ ᱫᱚᱭ ᱛᱩᱠᱟᱹ ᱟᱠᱟᱫᱼᱟ ᱟ।
train_santalimale_05038	ᱱᱚᱬᱰᱮ ᱛᱟᱦᱮᱸᱱ ᱨᱮᱫᱚ ᱨᱚᱲ ᱨᱮᱸᱜᱮᱡᱼᱟ ᱥᱟᱦᱟᱣ ᱵᱟᱦᱟᱣ ᱟᱱᱮᱡᱼᱟ ᱜᱮ।
train_santalimale_04068	ᱡᱟᱦᱟᱸ ᱠᱚ ᱫᱤᱱ ᱨᱮᱜᱮ ᱯᱤᱴᱷᱟᱹ-ᱞᱟᱴᱷᱟ ᱦᱚᱸᱠᱤᱱ ᱩᱥᱨᱟᱹᱩ ᱮᱫᱼᱟ ᱠᱟᱱ ᱛᱟᱸᱦᱮᱸᱱᱟ।
train_santalimale_02306	ᱴᱩᱝ ᱜᱷᱩᱲᱤ ᱛᱮ ᱜᱚᱴᱟ ᱪᱟᱣᱠ ᱠᱷᱟᱹᱞᱤ ᱪᱟᱵᱟᱭᱮᱱᱟ।
train_santalimale_03215	ᱚᱠᱟ ᱢᱮᱱ ᱠᱟᱛᱮ ᱦᱟᱹᱴᱤᱭᱟᱹᱭ ᱦᱮᱡᱼᱟ ᱞᱮᱱᱟ ᱚᱱᱟ ᱢᱟ ᱵᱟᱝ ᱦᱩᱭ ᱞᱮᱱ ᱛᱟᱭ।
train_santalimale_04533	ᱟᱡᱼᱟ ᱜᱚ ᱫᱚ ᱢᱟᱨᱟᱝ ᱵᱚᱭᱦᱟ ᱥᱮᱱ ᱜᱮᱭ ᱛᱟᱦᱮᱸᱭᱮᱱᱟ।
train_santalimale_04262	ᱵᱟᱱᱟᱨ ᱛᱤᱛᱮᱭ ᱜᱟᱛᱷᱟᱣ ᱵᱟᱲᱟᱹᱭ ᱜᱮᱭᱟ, ᱵᱟᱦᱟ ᱢᱟᱞᱟ ᱮ ᱜᱟᱛᱷᱟᱣ ᱯᱩᱨᱟᱹᱩ ᱜᱮᱭᱟ।
train_santalimale_01127	ᱯᱤᱞᱪᱩ ᱦᱟᱲᱟᱹᱢ ᱵᱩᱲᱦᱤ ᱫᱚ ᱥᱟᱨᱡᱚᱢ ᱥᱟᱠᱟᱢ ᱠᱤᱱ ᱥᱤᱫᱼᱟ ᱟᱜᱩ ᱠᱮᱫᱼᱟ ᱟ।
train_santalimale_01538	ᱩᱱᱠᱷᱚᱱ ᱜᱮ ᱢᱟᱨᱰᱤ ᱠᱩᱲᱤ ᱠᱚ ᱫᱚ ᱢᱤᱨᱩ ᱵᱟᱦᱟ ᱫᱚ ᱵᱟᱝᱠᱚ ᱡᱚᱴᱮᱫᱼᱟ ᱟ।
train_santalimale_03894	ᱢᱟᱜ ᱪᱟᱸᱫᱚ ᱨᱮᱭᱟᱜᱼᱟ ᱚᱛᱮ ᱢᱟᱸᱦᱟᱸ ᱛᱟᱸᱦᱮᱸᱠᱟᱱᱟ।
train_santalimale_01884	ᱵᱟᱵᱟ ᱫᱚ ᱵᱚᱸᱜᱟ ᱤᱠᱚᱰᱩᱢ ᱠᱟᱛᱮᱭ ᱵᱚᱸᱜᱟᱹᱭᱟ।
train_santalimale_04725	ᱵᱷᱟᱹᱜ ᱛᱮ ᱵᱟᱦᱨᱮ ᱫᱟᱲᱟᱸᱱ ᱮ ᱧᱮᱞ ᱞᱤᱞᱤᱧ ᱠᱷᱟᱱ, ᱩᱱ ᱫᱚ ᱢᱚᱪᱟ ᱦᱟᱴᱟᱜᱼᱟ ᱞᱮᱠᱟᱹᱭ ᱚᱴᱟᱜᱼᱟ ᱜᱚᱫᱟ।
train_santalimale_01617	ᱤᱱᱟᱠᱚ ᱜᱟᱯᱟᱞ ᱢᱟᱨᱟᱣ ᱠᱟᱛᱮ ᱩᱱᱠᱩ ᱮᱭᱟᱭ ᱵᱚᱭᱦᱟ ᱫᱚ ᱫᱟᱠᱟ ᱩᱛᱩ ᱡᱚᱢ ᱠᱟᱛᱮ ᱠᱚ ᱩᱴᱷᱟᱣ ᱮᱱᱟ।
train_santalimale_05110	ᱟᱧᱡᱚᱢ ᱧᱟᱢᱮᱱᱟ, ᱨᱚᱜ ᱤᱱᱟᱹᱧ ᱠᱟᱨᱚᱱ ᱤᱱᱟᱹᱧ ᱚᱱᱟ ᱠᱷᱟᱹᱛᱤᱨ ᱜᱮ ᱵᱟᱠᱚ ᱠᱩᱞᱤ ᱠᱟᱱᱟ ᱟᱨ ᱟᱪᱛᱮᱫᱼᱟ ᱦᱚᱸᱭ ᱢᱮᱱᱟ, ᱜᱚ-ᱵᱟᱵᱟ ᱡᱟᱦᱟᱸ ᱜᱮᱠᱤᱱ ᱢᱤᱛᱟᱹᱧᱟ ᱚᱱᱟ ᱜᱮᱧ ᱟᱧᱡᱚᱢᱟ।
train_santalimale_03968	ᱰᱟᱠᱛᱟᱨ ᱚᱲᱟᱜᱼᱟ ᱪᱮᱠᱟ ᱠᱟᱛᱮᱢ ᱤᱫᱤ ᱮᱭᱟ ᱟᱨ ᱪᱮᱠᱟ ᱠᱟᱛᱮᱢ ᱪᱟᱞᱟᱜᱼᱟ ᱟ ᱟᱹᱜᱩ ᱦᱚᱸ?
train_santalimale_00156	ᱚᱱᱟᱛᱮ ᱯᱷᱟᱹᱜᱩᱱ ᱵᱚᱸᱜᱟ ᱢᱩᱞᱩ: ᱠᱷᱚᱱ ᱠᱩᱱᱟᱢᱤ ᱦᱟᱵᱤᱡᱼᱟ ᱛᱮᱜᱮ ᱵᱟᱦᱟ ᱵᱚᱸᱜᱟ ᱫᱮᱣᱟ ᱥᱮᱣᱟ ᱫᱚ ᱦᱩᱭᱩ: ᱟ ᱢᱮᱱᱟ: ᱟ।
train_santalimale_02375	ᱦᱟᱭ ᱫᱩᱞᱟᱹᱲᱤᱭᱟ, ᱦᱟᱭᱚᱫᱩᱞᱟᱹᱲ ᱛᱮᱠᱤᱱ ᱦᱟᱨᱟ ᱞᱮᱫᱮᱭᱟ।
train_santalimale_02336	ᱛᱮᱦᱮᱧ ᱫᱚ ᱵᱚᱵᱞᱩ ᱣᱟᱜᱼᱟ ᱚᱱᱠᱟᱱ ᱠᱟᱛᱷᱟ ᱟᱧᱡᱚᱢ ᱛᱮ ᱵᱤᱴᱤᱢᱟᱹᱸᱭ ᱫᱚ ᱚᱨ ᱠᱮᱫᱮ ᱞᱮᱠᱟᱭ ᱵᱩᱡᱷᱟᱹᱩ ᱠᱮᱫᱟ ᱫᱤᱜᱟᱹᱜᱼᱟ ᱠᱟᱹᱨᱤ ᱛᱮ ᱟᱨ ᱞᱚᱵᱚᱭ ᱥᱟᱹᱲᱤ ᱪᱷᱤᱫᱜᱟᱹᱤ ᱛᱟᱲᱟᱹᱢ ᱦᱟᱫᱟᱥ ᱢᱮᱱᱛᱮᱭ ᱦᱟᱸᱰᱟᱜᱼᱟ ᱮᱱᱟ।
train_santalimale_02744	ᱛᱟᱭᱚᱢ ᱛᱮ ᱡᱮᱢᱚᱱ ᱵᱟᱢ ᱠᱟᱥᱛᱟᱣᱚᱜᱼᱟ।
train_santalimale_03488	ᱛᱷᱚᱲᱟᱹ ᱫᱤᱱ ᱫᱚ ᱢᱚᱱᱮ ᱫᱚ ᱵᱟᱝ ᱞᱟᱜᱟᱣᱚᱜᱼᱟ ᱠᱟᱱ ᱛᱟᱭᱟ, ᱢᱮᱱᱠᱷᱟᱱ ᱚᱱᱟ ᱞᱟᱹᱜᱤᱫᱼᱟ ᱟᱹᱰᱤ ᱟᱸᱴ ᱮ ᱠᱟᱥᱛᱟᱣ ᱟᱠᱟᱱᱟ, ᱚᱱᱟ ᱤᱭᱟᱹᱛᱮ ᱠᱩᱨᱩᱢᱩᱴᱩ ᱠᱟᱛᱮ ᱯᱟᱲᱦᱟᱣ ᱮ ᱞᱟᱜᱟᱣᱮᱱᱟ।
train_santalimale_00232	ᱫᱟᱸᱥᱟᱭ ᱮᱱᱮᱪᱥᱮᱨᱮᱧ ᱫᱚ ᱮᱠᱮᱱ ᱠᱚᱲᱟᱹ ᱦᱚᱯᱚᱱ ᱦᱚᱛᱮᱛᱮᱜᱮ ᱦᱩᱭᱩ: ᱟ।
train_santalimale_01774	ᱮᱱᱠᱷᱟᱱ ᱫᱷᱩᱸᱭᱥᱟᱲ ᱨᱟᱡᱟ ᱫᱚ ᱩᱱᱤ ᱵᱤᱧ ᱫᱚ ᱠᱩᱫ ᱡᱷᱟᱨᱱᱟ ᱵᱩᱴᱟᱹ ᱨᱮ ᱜᱚᱭᱚᱪᱠᱟᱛᱮ ᱵᱟᱹᱜᱤ ᱦᱚᱴᱚ ᱟᱫᱮᱭᱟᱭ।
train_santalimale_02977	ᱛᱚᱵᱮ ᱟᱡᱼᱟ ᱜᱚᱜᱚ ᱫᱚᱭ ᱢᱮᱱ ᱠᱮᱫᱟ ᱤᱫᱤ ᱟᱴᱚᱠᱟᱭ ᱢᱮ ᱪᱟᱸᱫᱨᱟᱭ ᱱᱩᱤ ᱵᱟᱹᱦᱩ ᱫᱚ ᱵᱟᱵᱚᱱ ᱫᱚᱦᱚᱭᱮᱭᱟ।
train_santalimale_02357	ᱤᱧ ᱫᱚ ᱟᱢ ᱨᱮᱱ ᱛᱮᱝᱜᱚ ᱫᱟᱨᱮ ᱠᱷᱟᱱ ᱟᱢ ᱫᱚ ᱡᱟᱯᱟᱜᱼᱟ ᱱᱟᱹᱸᱲᱤ।
train_santalimale_00905	ᱩᱱᱠᱩ ᱠᱩᱲᱤ ᱦᱚᱯᱚᱱ ᱫᱚ ᱪᱤᱞᱤ ᱦᱚᱸ ᱵᱟᱝᱠᱚ ᱥᱮᱸᱫᱨᱟ ᱫᱟᱲᱮᱹᱭᱟᱫᱼᱟ ᱠᱚᱣᱟ।
train_santalimale_03716	ᱠᱷᱟᱱ ᱜᱮ ᱞᱟᱝᱜᱟ ᱢᱟᱪᱷᱟ ᱭᱮᱱ ᱠᱷᱟᱱ ᱠᱚ ᱢᱤᱫᱼᱟ ᱴᱮᱡᱼᱟ ᱡᱷᱟᱹᱲᱯᱟᱹ ᱫᱟᱨᱮ ᱵᱩᱴᱟᱹ ᱛᱟᱞᱟ ᱨᱮ ᱠᱚ ᱡᱤᱨᱟᱹᱣᱮᱱᱟ।
train_santalimale_02693	ᱤᱱᱟᱹ ᱛᱟᱭᱚᱢ ᱢᱟᱦᱟᱡᱚᱱ ᱴᱷᱮᱱ ᱠᱷᱚᱱ ᱨᱤᱱ ᱫᱷᱟᱨ ᱠᱟᱛᱮ ᱤᱛᱟᱹᱨᱟᱱᱩ ᱡᱚᱜᱟᱹᱲ ᱠᱟᱛᱮ ᱞᱤᱧ ᱪᱟᱥ ᱟᱵᱟᱫ ᱠᱮᱫᱟ।
train_santalimale_05042	ᱱᱟᱥᱮ ᱵᱟᱭ ᱵᱟᱰᱟᱭ ᱡᱚᱝ ᱠᱟᱱᱟ ᱪᱮᱫᱟᱜᱼᱟ ᱪᱮᱫᱼᱟ ᱤᱭᱟᱹᱛᱮ ᱮᱨᱟ ᱛᱤᱧᱟᱹ ᱫᱚ ᱤᱧ ᱥᱚᱛᱮᱡᱼᱟ ᱵᱷᱟᱜᱮ ᱵᱟᱭ ᱨᱚᱲ ᱮᱫᱟ।
train_santalimale_02384	ᱥᱚᱱᱟᱭ ᱢᱮᱱ ᱠᱮᱫᱟ, ᱤᱭᱟᱹ ᱱᱟ, ᱵᱟᱥᱮ ᱟᱪᱷᱟ, ᱵᱚᱵᱞᱩ ᱟᱨ ᱵᱤᱴᱤᱢᱟᱹᱸᱭ ᱫᱚ ᱟᱹᱰᱤ ᱡᱩᱨᱤ ᱠᱤᱱ ᱡᱩᱨᱤ ᱧᱟᱯᱟᱢᱚᱠᱟᱱᱟ।
train_santalimale_04717	ᱧᱮᱯᱮᱞ ᱧᱟᱯᱟᱢ ᱨᱮ ᱜᱮᱛᱮ-ᱜᱟᱯᱟᱛᱮ ᱨᱮᱭᱟᱜᱼᱟ ᱟᱥ ᱵᱟᱝ ᱪᱟᱵᱟᱞᱮᱱ ᱛᱟᱹᱞᱤᱧ ᱛᱮᱪᱚ ᱪᱮᱫᱼᱟ ᱛᱮᱪᱚ, ᱪᱟᱸᱫᱚ ᱵᱚᱝᱜᱟ ᱫᱚᱭ ᱢᱮᱱ ᱠᱮᱫᱟ ᱱᱚᱝᱠᱟᱱ ᱥᱟᱹᱜᱟᱹᱤ ᱡᱚᱲᱟᱹᱣ ᱠᱟᱛᱮᱱᱤᱧ ᱜᱟᱛᱮ ᱚᱪᱚ ᱠᱤᱱᱟ ᱚᱠᱟ ᱫᱚ ᱛᱤᱨᱮ-ᱡᱩᱜᱮ ᱛᱟᱦᱮᱸᱱ।
train_santalimale_04964	ᱠᱟᱡᱮ ᱛᱮ ᱵᱟᱢ ᱢᱮᱱᱟ ᱟᱲᱟᱜᱼᱟ ᱥᱟᱠᱟᱢ ᱞᱮᱠᱟ ᱠᱤᱨᱤᱧᱚ-ᱟᱹᱠᱚᱨᱤᱧ ᱵᱮᱵᱥᱟ ᱞᱮᱠᱟ ᱜᱮ ᱦᱚᱭ ᱟᱠᱟᱱᱟ।
train_santalimale_04395	ᱵᱟᱹᱤ-ᱵᱟᱹᱤ ᱛᱮ ᱤᱥᱠᱩᱞ ᱪᱟᱞᱟᱜᱼᱟ ᱦᱚᱸᱭ ᱰᱷᱤᱞᱟᱹᱩ ᱤᱫᱤ ᱠᱮᱫᱟ ᱟᱨ ᱚᱠᱟ ᱞᱮᱠᱟ ᱞᱟᱦᱟ ᱟᱡᱼᱟ ᱫᱟᱫᱟ ᱛᱟᱹᱠᱤᱱ ᱢᱤᱫᱼᱟ ᱛᱤᱠᱤᱱ ᱛᱟᱦᱮᱸᱱ ᱠᱟᱱ ᱛᱟᱦᱮᱸ ᱚᱱᱟ ᱠᱷᱚᱱ ᱦᱚᱸᱭ ᱵᱟᱯᱟᱜ ᱮᱱᱟ।
train_santalimale_04245	ᱜᱟᱰᱟ ᱡᱷᱟᱨᱱᱟ ᱠᱷᱚᱱ ᱫᱟᱜᱼᱟ ᱞᱤᱸᱜᱤ ᱚᱲᱚᱝᱚᱜᱼᱟ ᱟ।
train_santalimale_04249	ᱫᱷᱟᱹᱨᱛᱤ ᱯᱩᱨᱤ ᱨᱮ ᱞᱤᱸᱜᱤᱱ ᱠᱟᱱ ᱫᱟᱜᱼᱟ ᱫᱚ।
train_santalimale_02159	ᱜᱟᱹᱭ ᱠᱚᱭ ᱠᱚᱭᱚᱜᱼᱟ ᱠᱮᱫᱼᱟ ᱠᱚᱟ, ᱜᱟᱹᱭ ᱠᱚᱦᱚᱸ ᱜᱚᱲᱟ ᱨᱮ ᱛᱚᱞ ᱜᱮ।
train_santalimale_01716	ᱟᱫᱚ ᱟᱠᱤᱱ ᱨᱮᱱ ᱢᱟᱢᱤ ᱴᱷᱮᱱ ᱪᱟᱞᱟᱣ ᱠᱟᱛᱮ ᱡᱤᱞ ᱫᱟᱠᱟ ᱡᱚᱢ ᱞᱟᱹᱜᱤᱛ ᱨᱟ: ᱨᱟ: ᱠᱤᱱ ᱪᱷᱩᱴᱟᱹᱣ ᱮᱱᱟ।
train_santalimale_04327	ᱚᱠᱟ ᱫᱚ ᱯᱟᱥᱮᱡᱼᱟ ᱚᱞ ᱛᱮᱦᱚᱸ ᱵᱟᱝ ᱪᱟᱵᱟᱜᱼᱟ।
train_santalimale_03574	ᱟᱵᱚ ᱥᱚᱢᱟᱡ ᱛᱟᱞᱟ ᱨᱮᱢᱟ ᱱᱚᱝᱠᱟᱱ ᱟᱹᱨᱤᱪᱟᱹᱞᱤ ᱢᱟ ᱪᱚ ᱵᱟᱹᱱᱩᱜᱼᱟ ᱛᱟᱵᱚᱱ।
train_santalimale_04021	ᱵᱮᱴᱠᱟ ᱟᱡᱼᱟ ᱜᱚ ᱫᱚᱭ ᱢᱮᱱ ᱠᱮᱫᱟ, ᱛᱷᱚᱲᱟᱹ ᱜᱟᱱ ᱡᱚᱢ ᱵᱮᱱ।
train_santalimale_03371	ᱯᱟᱹᱠᱞᱩ ᱫᱚ ᱟᱡᱼᱟ ᱢᱚᱛᱚᱭ ᱛᱟᱸᱦᱮᱸᱭᱮᱱᱟ।
train_santalimale_03304	ᱢᱟᱹᱬᱴᱩ ᱫᱚ ᱚᱲᱟᱹᱜᱼᱟ ᱛᱮ ᱥᱮᱱᱚᱜᱼᱟ ᱦᱚᱸᱭ ᱠᱚᱢ ᱤᱫᱤ ᱠᱮᱫᱟ।
train_santalimale_02184	ᱪᱮᱫᱼᱟ ᱮ ᱵᱟᱰᱟᱭ ᱠᱟᱱ ᱛᱟᱸᱦᱮᱸᱠᱟᱱᱟ ᱵᱮᱪᱟᱨᱟ, ᱨᱢᱮᱥ ᱫᱚ ᱟᱡᱼᱟ ᱵᱟᱵᱟ ᱦᱚᱸ ᱠᱟᱹᱠᱤ ᱮᱸᱜᱟᱛ ᱞᱮᱠᱟ ᱜᱮᱭ ᱫᱟᱞᱮᱭᱟ ᱢᱮᱱ ᱛᱮ।
train_santalimale_02277	ᱰᱟᱠᱛᱟᱨ ᱨᱮᱱ ᱠᱩᱢᱯᱟᱱᱰᱟᱨ ᱦᱚᱸ ᱰᱟᱦᱟᱨ ᱦᱟᱱᱟ ᱥᱟ ᱠᱷᱚᱱ ᱨᱩᱯᱩ ᱮ ᱠᱚᱭᱚᱜᱼᱟ ᱟᱠᱟᱫᱮᱭᱟ।
train_santalimale_01663	ᱩᱱᱡᱚᱦᱚ: ᱩᱱᱠᱩ ᱮᱴᱟ: ᱦᱚᱲᱠᱚ ᱫᱚ ᱫᱟᱹᱲ ᱧᱤᱨ ᱮᱱᱟᱠᱚ ᱟᱨ ᱚᱱᱟ ᱠᱷᱚᱞ ᱫᱩᱣᱟᱹᱨ ᱫᱚ ᱫᱷᱤᱨᱤ ᱪᱟᱹᱴᱟᱱᱤ ᱛᱮ ᱠᱚ ᱮᱭᱥᱚᱫᱼᱟ ᱠᱟᱷ ᱛᱟᱸᱦᱮᱸᱛ।
train_santalimale_01833	ᱮᱱᱠᱷᱟᱱ ᱨᱟᱡᱟ ᱫᱚ ᱪᱟᱸᱫᱚ ᱵᱚᱸᱜᱟ ᱥᱮᱸᱜᱮᱞ ᱜᱤᱫᱤ ᱧᱩᱛᱩᱢ ᱧᱩᱢ ᱠᱟᱛᱮ ᱢᱮᱱᱠᱮᱫᱟᱭ ᱱᱚᱣᱟ ᱵᱟᱦᱟ ᱨᱮᱱᱟ: ᱧᱚᱛᱩᱢ ᱫᱚ ᱵᱤᱧ ᱡᱟᱝ ᱵᱟᱦᱟᱫᱟᱨᱮ ᱨᱮᱱᱟ: ᱠᱟᱨᱤᱱᱟᱜᱤᱱ ᱦᱟᱨ ᱵᱟᱦᱟ ᱠᱟᱱᱟ।
train_santalimale_04885	ᱟᱡᱼᱟ ᱢᱟᱨᱟᱝ ᱜᱚ ᱟᱡᱼᱟ ᱫᱤᱫᱤ ᱦᱚᱸ ᱢᱮᱱᱠᱷᱟᱱ ᱟᱡᱼᱟ ᱛᱮᱭᱟᱝ ᱫᱚ ᱵᱟᱝ।
train_santalimale_04929	ᱦᱩᱫᱤᱥᱮᱫᱼᱟ ᱟᱭ ᱥᱸᱛᱟᱞ ᱥᱟᱸᱣᱛᱟ ᱨᱮ ᱱᱚᱝᱠᱟᱱ ᱚᱦᱚᱣᱟᱱ ᱜᱷᱚᱴᱚᱱᱟ ᱫᱚ ᱯᱩᱤᱞᱟᱹ ᱯᱟᱥᱮᱡᱼᱟ ᱤᱧ ᱥᱚᱛᱮᱡᱼᱟ ᱜᱮ ᱜᱷᱟᱴᱟᱣᱮᱱᱟ।
train_santalimale_03169	ᱩᱱ ᱚᱜᱼᱟᱛᱮ ᱜᱮ ᱫᱤᱯᱚᱠ ᱫᱚᱭ ᱚᱲᱚᱝ ᱜᱚᱫᱼᱟ ᱮᱱᱟ ᱟᱨ ᱨᱚᱸᱡᱱᱮ ᱧᱮᱞ ᱠᱮᱫᱮ ᱛᱮ ᱦᱚᱦᱚᱭ ᱫᱷᱩᱨᱟᱹᱣᱮᱱᱟ ᱨᱚᱸᱡᱚᱱ, ᱤᱧ ᱥᱟᱸᱣ ᱛᱮ ᱵᱮᱜᱚᱨ ᱧᱟᱯᱟᱢ ᱛᱮᱜᱮᱢ ᱨᱩᱣᱟᱹᱲ ᱪᱟᱞᱟᱜᱼᱟ ᱠᱟᱱᱟ?
train_santalimale_01334	ᱤᱛᱩᱫᱼᱟ ᱥᱤᱸᱫᱩᱨ ᱦᱩᱭ ᱮᱱᱟ।
train_santalimale_03474	ᱢᱟᱭᱱᱚ ᱫᱚ ᱟᱠᱚ ᱟᱛᱚ ᱨᱮᱱ ᱠᱩᱲᱤ ᱜᱮ ᱚᱠᱚᱭ ᱢᱤᱫᱼᱟ ᱥᱚᱸᱜᱮ ᱠᱚ ᱜᱟᱛᱮ ᱞᱮᱱ ᱛᱟᱸᱦᱮᱸᱠᱟᱱ ᱩᱱᱤ ᱫᱚ ᱟᱠᱚᱟ ᱟᱛᱚ ᱨᱮᱱ ᱵᱮ ᱯᱟᱲᱦᱟᱣ ᱜᱚᱜᱚ ᱛᱮᱠᱚ ᱧᱤᱱᱫᱟᱹ ᱥᱮᱡᱼᱟ ᱮ ᱯᱟᱲᱦᱟᱣ ᱠᱚᱟ।
train_santalimale_01020	ᱫᱟᱠᱟ ᱩᱛᱩ ᱵᱮᱱᱟᱣ ᱥᱟᱹᱛᱠᱮᱫᱼᱟ ᱨᱮᱦᱚᱸ ᱢᱟᱨᱟᱝ ᱵᱩᱨᱩ, ᱵᱩᱨᱩ ᱠᱷᱚᱱ ᱵᱟᱭ ᱨᱩᱣᱟᱹᱲ ᱦᱮᱡᱼᱟ ᱞᱮᱱᱟ।
train_santalimale_03331	ᱟᱫᱚ ᱪᱮᱫᱼᱟ ᱯᱟᱹᱠᱞᱩ ᱦᱚᱸ ᱚᱱᱟ ᱫᱟᱨᱮ ᱞᱮᱠᱟᱭ ᱢᱟᱨᱮᱭᱮᱱᱟ?
train_santalimale_04028	ᱥᱟᱸᱜᱮ ᱵᱩᱲᱤ ᱛᱟᱹᱠᱤᱱ ᱫᱚ ᱠᱟᱹᱴᱤᱡᱼᱟ ᱠᱤᱱ ᱜᱮ।
train_santalimale_01244	ᱠᱟᱹᱢᱨᱩᱜᱩᱨᱩ ᱫᱚ ᱮᱱᱠᱷᱟᱱ ᱠᱩᱲᱤ ᱦᱚᱯᱚᱱ ᱠᱚ ᱲᱟᱹᱱ ᱵᱤᱨᱫᱟᱹ ᱮ ᱪᱮᱫᱼᱟ ᱟᱹᱫ ᱠᱚᱣᱟ।
train_santalimale_04443	ᱚᱱᱟ ᱤᱭᱟᱹᱛᱮ ᱞᱟᱦᱟ ᱠᱷᱚᱱ ᱫᱚ ᱟᱹᱰᱤ ᱜᱮ ᱯᱷᱟᱹᱤᱞᱟᱹᱩ ᱮᱱᱟ।
train_santalimale_03053	ᱮᱱᱛᱮᱫᱼᱟ ᱢᱩᱠᱩᱱᱫ ᱦᱚᱸ ᱜᱟᱹᱭ ᱠᱚ ᱠᱟᱰᱟ ᱠᱚ ᱚᱱᱟ ᱰᱩᱸᱜᱨᱤ ᱥᱮᱡᱼᱟ ᱨᱮᱜᱮᱭ ᱜᱩᱯᱤ ᱠᱚᱟ।
train_santalimale_04508	ᱛᱷᱚᱲᱟᱹ ᱫᱤᱱ ᱵᱟᱹᱫ ᱟᱛᱚ ᱜᱟᱛᱟᱠ ᱨᱮᱱ ᱯᱮᱲᱟ ᱥᱟᱸᱣᱛᱮ, ᱟᱠᱚ ᱨᱮᱱ ᱯᱮᱲᱟ ᱦᱚᱸ ᱠᱚ ᱵᱟᱰᱟᱭ ᱚᱪᱚ ᱠᱮᱫᱼᱟ ᱠᱚᱟ।
train_santalimale_01260	ᱢᱟᱨᱟᱝ ᱵᱩᱨᱩ ᱫᱚ ᱫᱷᱟᱹᱨᱛᱤ ᱚᱛᱮᱫᱼᱟ ᱱᱟᱯᱟᱭ ᱛᱮ ᱥᱟᱡ ᱥᱟᱸᱣᱟᱨ ᱞᱟᱹᱜᱤᱫᱼᱟ ᱛᱮ ᱵᱟᱨᱭᱟ ᱠᱟᱰᱟ ᱪᱟᱸᱣᱨᱟ ᱟᱨ ᱵᱷᱟᱸᱣᱨᱟ ᱮ ᱟᱥᱩᱞᱞᱮᱫᱼᱟ ᱠᱤᱱ ᱛᱟᱸᱦᱮᱸᱠᱟᱱ।
train_santalimale_03126	ᱮᱠᱮᱱ ᱞᱟᱡᱼᱟ ᱛᱟᱸᱦᱮᱸᱠᱟᱛᱮ ᱚᱚᱞ ᱫᱚ ᱵᱟᱝ ᱴᱷᱤᱠᱟ।
train_santalimale_04440	ᱱᱚᱟ ᱠᱚ ᱫᱚ ᱢᱮᱱᱠᱷᱟᱱ ᱨᱚᱜᱷᱩ ᱯᱟᱨᱜᱟᱱᱟ ᱱᱟᱥᱮ ᱦᱚᱸ ᱵᱟᱭ ᱵᱟᱰᱟᱭ ᱡᱚᱝ ᱠᱟᱱᱟ ᱡᱮ ᱥᱩᱞᱩᱠ ᱱᱤᱨᱟᱹᱤ ᱫᱚ ᱵᱟᱨ ᱫᱤᱱ ᱞᱟᱹᱜᱤᱫᱼᱟ ᱜᱮ ᱟᱞᱮ ᱴᱷᱮᱱ ᱢᱮᱱᱟᱜᱼᱟ ᱟ।
train_santalimale_01780	ᱛᱮᱦᱮᱧ ᱢᱟᱛᱚ ᱨᱟᱹᱥᱠᱟᱹ ᱨᱮᱱᱟ: ᱠᱟᱛᱷᱟ ᱠᱟᱱᱟ ᱱᱩᱱᱚᱫᱤᱱ ᱱᱩᱱᱥᱮᱨᱢᱟ ᱛᱟᱭᱚᱢ ᱱᱩᱱᱢᱟᱨᱟᱝ ᱵᱤᱧ ᱨᱟᱡᱟ ᱮ ᱜᱚᱭᱚᱡᱼᱟ ᱟᱠᱟᱫᱼᱟ ᱫᱮᱭᱟ ᱢᱮᱱᱟᱠᱚ ᱩᱱᱤ ᱵᱤᱧ ᱫᱚ ᱵᱚᱸᱜᱟ ᱠᱚᱲᱟᱹ ᱮ ᱛᱟᱸᱦᱮᱸᱠᱟᱱᱟ।
train_santalimale_03927	ᱟᱡᱼᱟ ᱟᱹᱠᱤᱞ ᱚᱲᱟᱹᱜᱼᱟ ᱨᱮ ᱪᱮᱫᱼᱟᱮ ᱪᱮᱫᱟ, ᱚᱱᱟ ᱜᱮ ᱩᱱᱤ ᱦᱚᱸ ᱚᱲᱟᱜᱼᱟ ᱨᱮ ᱟᱹᱭᱩᱵᱼᱟ ᱮ ᱞᱟᱹᱤᱭᱟᱭᱟ।
train_santalimale_03990	ᱮᱱᱟᱱ ᱨᱮᱜᱮ ᱛᱚ ᱢᱤᱫᱼᱟ-ᱵᱟᱨ ᱦᱚᱲ ᱢᱟᱠᱚ ᱧᱮᱞ ᱟᱠᱟ ᱫᱮᱜᱮ ᱟᱨ ᱰᱷᱮᱨ ᱦᱚᱲ ᱠᱚ ᱵᱟᱰᱟᱭ, ᱟᱠᱚ ᱚᱲᱟᱜᱼᱟ ᱨᱮᱜᱮ ᱱᱩᱱᱟᱹᱜᱼᱟ ᱟᱸᱴ ᱠᱚ ᱫᱟᱹᱞ ᱜᱷᱟᱹᱞ ᱟᱠᱟ ᱫᱮᱭᱟ।
train_santalimale_01331	ᱢᱟᱨᱰᱤ ᱠᱤᱸᱥᱟᱲ ᱠᱚᱲᱟᱹᱣᱟᱷ ᱠᱟᱛᱷᱟ ᱟᱧᱡᱚᱢ ᱠᱟᱛᱮ, ᱩᱱᱤ ᱠᱤᱥᱠᱩ ᱨᱟᱡᱟ ᱫᱚ ᱟᱹᱰᱤᱜᱮᱭ ᱠᱩᱥᱤᱭᱮᱱᱟ।
train_santalimale_02969	ᱥᱮᱛᱟᱜᱼᱟ ᱮᱱ ᱠᱷᱟᱱ ᱥᱤᱧ ᱪᱟᱸᱫᱚᱣᱟᱜᱼᱟ ᱨᱟᱛ ᱥᱟᱸᱣ ᱛᱮ ᱜᱚᱴᱟ ᱟᱛᱚ ᱨᱮ ᱱᱚᱟ ᱠᱟᱛᱷᱟ ᱫᱚ ᱯᱟᱥᱱᱟᱣᱮᱱᱟ।
train_santalimale_00266	ᱢᱤᱫᱼᱟ ᱵᱟᱨ ᱟᱹᱛᱩ ᱨᱮ ᱠᱩᱱᱟᱢᱤ ᱫᱷᱟᱵᱤᱡᱼᱟ ᱦᱚᱸ ᱠᱚ ᱢᱟᱱᱟᱣᱟ! ᱟᱨ ᱚᱠᱟ ᱚᱠᱟ ᱨᱮ ᱫᱚ ᱯᱩᱥᱵᱚᱸᱜᱟ ᱨᱮ ᱦᱚᱸ ᱥᱟᱸᱠᱨᱟᱫᱼᱟ ᱯᱟᱹᱨᱟᱹᱵ ᱥᱟᱸᱣᱠᱚ ᱢᱟᱱᱟᱣᱟ।
train_santalimale_03588	ᱟᱫᱚ ᱡᱩᱫᱤ ᱯᱮ ᱧᱟᱢ ᱠᱚᱠᱷᱟᱱ ᱵᱟᱹᱦᱩ ᱛᱚᱵᱮ ᱠᱷᱟᱱ ᱫᱚ ᱜᱷᱮᱸᱴ ᱢᱚᱴᱨᱟ ᱨᱮᱧ ᱟᱹᱜᱩᱣᱟᱠᱟᱫᱼᱟ ᱠᱟᱛᱷᱟ ᱟᱵᱮᱱ ᱛᱟᱞᱟ ᱨᱮᱧ ᱨᱟᱲᱟ ᱭᱮᱫᱟ।
train_santalimale_03048	ᱢᱩᱠᱩᱱᱫ ᱟᱨ ᱢᱩᱠᱷᱤ ᱫᱚ, ᱟᱰᱮᱯᱟᱥᱮ ᱴᱚᱞᱟ ᱦᱚᱲ।
train_santalimale_01094	ᱟᱨ ᱢᱤᱫᱼᱟᱜᱷᱟᱲᱤ ᱛᱟᱭᱚᱢ ᱟᱨ ᱦᱚᱭ ᱡᱤᱣᱤᱛ ᱵᱟᱧᱪᱟᱣ ᱨᱩᱣᱟᱹᱲ ᱮᱱᱟ।
train_santalimale_03767	ᱨᱟᱹᱢᱠᱟᱹ ᱦᱚᱸ ᱪᱮᱫᱟᱜᱼᱟ ᱮ ᱛᱷᱤᱨ ᱠᱚᱜᱼᱟᱟ ᱢᱮᱱ ᱜᱚᱫᱼᱟ ᱠᱮᱫᱟᱭ, ᱜᱩᱰᱩ ᱞᱟᱞᱟ ᱡᱚᱠᱷᱟᱱ ᱟᱹᱰᱤ ᱢᱟᱨᱟᱝ ᱟᱭᱟᱝ ᱵᱤᱧ ᱞᱮ ᱧᱟᱢ ᱞᱮᱫᱮᱭᱟ ᱵᱟ।
train_santalimale_02916	ᱤᱧ ᱫᱚ ᱟᱵᱮᱱ ᱴᱷᱮᱱ ᱨᱚᱲ ᱥᱟᱰᱮ ᱞᱟᱹᱜᱤᱫᱼᱟ ᱵᱟᱹᱧ ᱥᱟᱦᱚᱥ ᱫᱟᱲᱮᱹᱭᱟᱫᱟ।
train_santalimale_04231	ᱠᱟᱹᱦᱤᱸᱥ ᱟᱲᱟᱝ ᱦᱚᱸ ᱚᱲᱚᱝ ᱠᱟᱛᱮᱱ ᱛᱟᱹᱠᱤᱡᱼᱟ ᱨᱩᱣᱟᱹᱲᱮᱱᱟ।
train_santalimale_04987	ᱚᱱᱟ ᱞᱮᱠᱟ ᱥᱤᱞᱚᱱᱤᱭᱟᱜᱼᱟ ᱦᱚᱲᱢᱚ ᱫᱚᱥᱟ ᱨᱮ ᱥᱤᱫᱼᱟ ᱵᱟᱨ ᱡᱟᱦᱟᱸ ᱚᱠᱛᱮ ᱨᱚᱜ ᱵᱤᱫᱷᱤᱱ ᱠᱚ ᱨᱟᱠᱟᱵᱚᱜᱼᱟ ᱨᱮᱦᱚᱸ ᱥᱟᱹᱢᱩ ᱫᱚ ᱟᱹᱰᱤ ᱛᱟᱹᱱᱠᱷᱤ ᱠᱟᱛᱮᱭᱮ ᱨᱟᱱ ᱨᱮᱦᱮᱫᱮᱭᱟ।
train_santalimale_05125	ᱥᱤᱠᱷᱱᱟᱹᱛ ᱟᱠᱟᱱᱟᱭ ᱢᱮᱱᱠᱷᱟᱱ ᱥᱟᱸᱣᱛᱟ ᱟᱭᱚ ᱫᱚᱭ ᱫᱮᱭᱟ ᱠᱟᱭ ᱠᱟᱱᱟ।
train_santalimale_01206	ᱡᱟᱸᱦᱟᱭ ᱜᱮ ᱱᱚᱣᱟ ᱫᱷᱟᱹᱨᱛᱤ ᱨᱮ ᱵᱟᱹᱲᱤᱹᱡᱼᱟ ᱮ ᱠᱟᱹᱢᱤᱭᱟ ᱩᱱᱤ ᱦᱚᱲ ᱫᱚ ᱦᱟᱯᱲᱟᱹ ᱦᱟᱯᱲᱟᱹ ᱨᱚᱜ ᱟᱡᱟᱨ ᱟᱨ ᱥᱚᱱᱛᱟᱯ ᱞᱮ ᱜᱤᱲᱤᱹ ᱟᱭᱟ।
train_santalimale_04054	ᱢᱮᱱᱠᱷᱟᱱ ᱱᱟᱠᱚ ᱠᱚ ᱠᱷᱚᱱ ᱠᱟᱹᱴᱤᱡᱼᱟ ᱜᱤᱫᱨᱟᱹ ᱠᱚ ᱫᱚ ᱯᱟᱹᱦᱤᱞ ᱞᱮᱠᱟ ᱵᱷᱤᱲ ᱟᱨ ᱵᱷᱤᱲ ᱜᱮ ᱩᱱᱚᱠᱤᱱᱟᱜᱼᱟ ᱚᱲᱟᱜᱼᱟ ᱫᱚ ᱠᱚ ᱫᱚᱦᱚ ᱠᱟᱛᱟ ᱠᱟᱱᱟᱹ।
train_santalimale_02057	ᱚᱠᱚᱭ ᱫᱚᱠᱚ ᱡᱤᱭᱟᱱ, ᱩᱱᱚᱠᱩ ᱫᱚ ᱯᱚᱨᱦᱚ ᱠᱚ ᱧᱟᱢ ᱠᱮᱫᱟ ᱟᱨ ᱚᱠᱚᱭ ᱫᱚ ᱵᱟᱠᱚ ᱡᱤ ᱛᱤᱭᱟᱹᱜᱼᱟ ᱞᱮᱫᱟ, ᱩᱱᱚᱠᱩ ᱫᱚ ᱠᱚ ᱯᱟᱹᱥᱩᱲ ᱮᱱᱟ।
train_santalimale_00828	ᱞᱟᱸᱜᱲᱮᱹ ᱮᱱᱮᱡᱼᱟ ᱫᱚ ᱛᱤ ᱛᱤ ᱥᱟᱯᱟᱵ ᱠᱟᱛᱮ, ᱢᱤᱫᱼᱟᱫᱷᱟᱣ ᱛᱮ ᱛᱟᱭᱚᱢ, ᱢᱟᱲᱟᱹᱰ ᱡᱟᱝᱜᱟ ᱠᱚᱞᱥᱟ ᱠᱟᱛᱮ, ᱦᱤᱞᱟᱹᱣᱟᱛᱮ ᱠᱚ ᱮᱱᱮᱡᱼᱟ ᱟ।
train_santalimale_04590	ᱚᱱᱟ ᱦᱚᱸ ᱟᱫᱷᱟ ᱨᱮᱜᱮ ᱠᱷᱟᱧᱡᱚ ᱢᱩᱪᱟᱹᱫᱼᱟ ᱮᱱᱟ।
train_santalimale_03132	ᱱᱩᱠᱤᱱ ᱛᱟᱞᱟ ᱨᱮ ᱫᱚ ᱛᱤᱥ ᱦᱚᱸ ᱥᱩᱞᱩᱠᱚᱱᱤᱨᱟᱹᱤ ᱫᱚ ᱵᱟᱹᱱᱩᱜᱼᱟᱟ।
train_santalimale_05214	ᱵᱷᱚᱴ ᱜᱤᱰᱤ ᱯᱟᱱᱛᱮ ᱨᱮ ᱛᱮᱝᱜᱚᱣᱟᱠᱟᱱ ᱢᱚᱸᱲᱮ-ᱛᱩᱨᱩᱭ ᱴᱤᱸᱰᱤᱡᱼᱟ।
train_santalimale_04030	ᱫᱩᱠ ᱨᱮᱭᱟᱜᱼᱟ ᱠᱟᱛᱷᱟ ᱴᱟᱠᱟ-ᱯᱚᱭᱥᱟ ᱡᱚᱢ ᱧᱩᱛᱮ ᱯᱮᱨᱮᱡᱼᱟ ᱱᱩᱠᱤᱱ ᱨᱮᱱ ᱜᱮ ᱜᱤᱫᱟᱹᱨᱚ-ᱯᱤᱫᱟᱹᱨ ᱫᱚ ᱵᱟᱹᱱᱩᱜᱼᱟ ᱠᱚᱛᱟ ᱠᱤᱱᱟᱹ।
train_santalimale_02516	ᱫᱚᱝ ᱟᱠᱷᱲᱟᱹ ᱥᱮᱡᱼᱟ ᱠᱚ ᱪᱟᱹᱞᱟᱣ ᱥᱚᱨ ᱮᱱᱟ।
train_santalimale_02662	ᱵᱟᱝ ᱢᱩᱠᱷᱤ ᱵᱟᱝ, ᱢᱮᱫᱼᱟᱫᱟᱜᱼᱟ ᱫᱚ ᱟᱞᱚᱢ ᱡᱚᱨᱚᱭᱟ।
train_santalimale_03865	ᱟᱨ ᱛᱟᱞᱟ ᱠᱩᱞᱦᱤ ᱫᱚ ᱢᱟᱹᱸᱡᱷᱤ ᱠᱩᱞᱦᱤ ᱠᱟᱱᱟ ᱟᱨ ᱚᱱᱟ ᱫᱚ ᱟᱹᱰᱤ ᱨᱟᱹᱥᱤ ᱟᱛᱚ ᱠᱩᱞᱦᱤ ᱠᱟᱱᱟ।
train_santalimale_04566	ᱤᱱᱟᱹ ᱥᱟᱸᱣᱛᱮ ᱱᱚᱡᱚᱨ ᱫᱚ ᱛᱮᱨᱟᱝᱮᱱ ᱛᱟᱭᱟ ᱜᱚᱲᱟᱹ ᱜᱩᱫᱲᱤ ᱨᱮᱱ ᱢᱤᱦᱩᱸ-ᱢᱮᱨᱚᱢ ᱥᱮᱡᱼᱟ।
train_santalimale_03775	ᱚᱱᱟ ᱛᱮ ᱫᱟᱢᱟᱱᱟᱜᱼᱟ ᱜᱮ ᱠᱟᱛᱷᱟ ᱫᱚ ᱡᱟᱹᱨᱩᱲᱟᱹ ᱟᱨ ᱱᱚᱝᱠᱟ ᱜᱮ ᱠᱟᱹᱢᱤ ᱡᱟᱹᱨᱩᱲᱟ।
train_santalimale_00097	ᱵᱷᱟᱫᱚᱨ ᱪᱟᱸᱫᱚ ᱨᱮ ᱫᱚ ᱡᱟᱱᱛᱟᱲ ᱵᱚᱸᱜᱟ, ᱫᱟᱸᱥᱟᱭ ᱪᱟᱸᱫᱚ ᱨᱮ ᱫᱚ ᱫᱟᱸᱥᱟᱭ ᱵᱚᱸᱜᱟ।
train_santalimale_01553	ᱛᱟᱭᱚᱢ ᱛᱮ ᱢᱩᱨᱩᱢ ᱮᱸᱜᱟ ᱫᱚ ᱥᱟᱦᱟᱨ ᱵᱮᱲᱟᱹ ᱨᱮᱭ ᱜᱚᱭᱚᱡᱼᱟ ᱮᱱᱟ।
train_santalimale_04917	ᱱᱚᱟ ᱠᱟᱛᱷᱟ ᱟᱧᱡᱚᱢ ᱠᱟᱛᱮ ᱨᱮᱦᱚᱸ ᱥᱟᱹᱢᱩ ᱫᱚ ᱛᱷᱟᱨᱮ ᱢᱟᱨ ᱵᱟᱭ ᱨᱩᱣᱟᱹᱲ ᱞᱮᱱᱟ।
train_santalimale_04956	ᱟᱡᱼᱟ ᱢᱟᱨᱟᱝ ᱵᱟ ᱦᱚᱸᱭ ᱛᱚᱲᱜᱮᱭᱟᱫᱟ, ᱦᱮᱸ ᱛᱚ ᱪᱟᱜᱼᱟ ᱵᱟᱢ ᱫᱚᱦᱚᱭᱮᱭᱟ?
train_santalimale_01906	ᱨᱚᱦᱱᱤ ᱦᱟᱥᱟ ᱫᱚ ᱨᱚᱦᱱᱤ ᱦᱤᱞᱚ: ᱟᱭᱩᱯ ᱵᱮᱲᱟᱹ ᱮᱴᱟ: ᱥᱤᱢᱟ ᱨᱮᱱᱟ: ᱰᱷᱮᱞᱟᱠ ᱦᱟᱥᱟ ᱠᱚ ᱟᱜᱩᱭᱟ।
train_santalimale_01023	ᱮᱱᱠᱷᱟᱱ ᱢᱟᱨᱟᱝ ᱵᱩᱨᱩ ᱫᱚ ᱥᱤᱠᱚᱲᱤᱹᱡᱼᱟ ᱠᱚ ᱞᱟᱹᱜᱟ ᱞᱟᱹᱜᱤᱫᱼᱟ ᱛᱮ ᱯᱟᱞᱦᱟᱠᱚ ᱡᱩᱞ ᱠᱟᱛᱮ ᱫᱷᱩᱸᱣᱟᱹ ᱠᱮᱫᱟᱭ।
train_santalimale_03928	ᱥᱚᱢ ᱫᱚ ᱢᱮᱭᱴᱨᱤᱠ ᱵᱤᱲᱟᱹᱩ ᱦᱚᱸ ᱟᱹᱰᱤ ᱵᱮᱥ ᱛᱮᱭ ᱯᱟᱥ ᱠᱮᱫᱟ।
train_santalimale_02513	ᱥᱟᱢᱞᱟᱞ ᱢᱮᱭᱴᱨᱤᱠ ᱠᱤᱞᱟᱥ ᱮ ᱨᱟᱠᱟᱵᱼᱟ ᱮᱱᱟ।
train_santalimale_05272	ᱞᱩᱜᱩᱢᱩᱱᱤ ᱟᱡᱼᱟ ᱜᱚ-ᱵᱟᱵᱟ ᱦᱚᱸᱠᱤᱱ ᱞᱟᱡᱟᱣ ᱟᱫᱟ ᱠᱟᱛᱷᱟ ᱮᱱᱛᱮ ᱪᱟᱹᱠᱨᱤ ᱠᱚᱲᱟᱹ ᱪᱟᱜᱼᱟ ᱵᱟᱢ ᱯᱮᱲᱟᱭᱮᱭᱟ, ᱵᱷᱟᱜᱮ ᱢᱟᱪᱷᱟ।
train_santalimale_05108	ᱵᱷᱟᱜᱮ-ᱵᱷᱟᱜᱮ ᱞᱟᱹᱰᱩ-ᱢᱤᱴᱷᱟᱹᱤ, ᱡᱮᱞ ᱦᱟᱠᱚ, ᱯᱮᱬᱰᱮᱞ ᱩᱢᱩᱞ ᱩᱨᱚᱜᱩᱢ ᱪᱮᱛᱟᱱ ᱢᱮᱡᱚ-ᱢᱟᱹᱪᱤ ᱨᱮᱞᱮ ᱡᱚᱢ ᱞᱮᱫᱼᱟ ᱞᱟᱡᱟᱯᱟᱲᱟᱹ ᱟᱨ ᱵᱮᱨᱛᱷᱟ ᱜᱮ!
train_santalimale_03570	ᱫᱷᱚᱱᱟ ᱫᱚ ᱥᱤᱸᱜᱨᱟᱹᱭ ᱮ ᱢᱮᱛᱟᱭ ᱠᱟᱱᱟ ᱢᱟ ᱛᱚᱵᱮ ᱠᱷᱟᱱ ᱪᱮᱫᱼᱟ ᱞᱮᱠᱟᱱ ᱠᱟᱛᱷᱟᱢ ᱫᱤᱥᱟᱹ ᱟᱹᱜᱩᱣᱟᱠᱟᱫᱼᱟᱟ, ᱨᱚᱲ ᱟᱲᱟᱝ ᱢᱮ।
train_santalimale_04214	ᱟᱯᱟᱱᱚ-ᱟᱹᱯᱤᱱ ᱠᱚ ᱟᱹᱯᱷᱤᱨᱚᱜᱼᱟ ᱠᱟᱱᱟ, ᱠᱚᱝᱠᱟ ᱢᱚᱱᱮ ᱞᱮᱠᱟ।
train_santalimale_05103	ᱚᱠᱟᱛᱮᱭ ᱥᱮᱱ ᱟᱠᱟᱱᱟ, ᱩᱱᱤ ᱢᱟᱪᱚ ᱵᱟᱠᱚ ᱠᱩᱞᱤ ᱠᱟᱱ ᱟᱨ ᱟᱡᱼᱟ ᱛᱮᱦᱚᱸ ᱵᱟᱭ ᱦᱮᱡᱼᱟ ᱞᱟᱹᱜᱤᱫᱚᱜᱼᱟ ᱠᱟᱱ!
train_santalimale_04356	ᱟᱭᱟᱠᱟ ᱢᱚᱱᱮ ᱵᱮᱫᱚᱱᱟ ᱢᱟᱭ ᱥᱚᱫᱚᱨ ᱠᱮᱫᱼᱟ ᱢᱮᱱᱠᱷᱟᱱ ᱵᱩᱡᱷᱟᱹᱩ ᱵᱷᱟᱨ ᱨᱮᱭ ᱯᱟᱲᱟᱹᱣᱮᱱᱟ।
train_santalimale_01208	ᱱᱚᱝᱠᱟ ᱜᱮ ᱫᱤᱱᱟᱹᱢ ᱢᱟᱲᱜᱷᱟᱴᱤ ᱦᱮᱡᱼᱟ ᱠᱟᱛᱮ ᱥᱟᱞᱚ ᱟᱨ ᱯᱟᱞᱚ ᱫᱚ ᱵᱷᱟᱹᱴᱩ ᱥᱟᱸᱣᱚᱠᱤᱱ ᱧᱟᱯᱟᱢᱟ ᱟᱨ ᱠᱤᱱ ᱮᱱᱮᱪ ᱥᱮᱨᱮᱧᱟ।
train_santalimale_02851	ᱚᱱᱟ ᱠᱷᱚᱱ ᱵᱷᱟᱜᱮ ᱫᱚ ᱵᱟᱝ ᱛᱟᱸᱦᱮᱸᱱ ᱜᱮ ᱵᱚᱜᱮᱭᱟ।
train_santalimale_04048	ᱥᱟᱸᱜᱮ ᱜᱤᱫᱟᱹᱨᱚ-ᱯᱤᱫᱟᱹᱨ ᱛᱮ ᱩᱱᱚᱠᱤᱱᱟᱹᱜᱼᱟ ᱚᱲᱟᱜᱼᱟ ᱠᱚ ᱫᱚ ᱠᱚ ᱮᱥᱮᱫᱼᱟ ᱠᱩᱪᱤᱛ ᱠᱟᱛᱟᱹᱠᱤᱱ ᱠᱟᱱ ᱛᱟᱸᱦᱮᱸᱱᱟ।
train_santalimale_01911	ᱢᱮᱱᱟᱠᱚ ᱨᱚᱦᱱᱤ ᱦᱟᱥᱟ ᱚᱰᱟᱷ ᱟᱹᱜᱩ ᱠᱟᱛᱮ, ᱚᱲᱟᱷ ᱨᱮᱱᱟᱷ ᱯᱮᱱᱮ ᱠᱚᱸᱰ ᱨᱮ ᱫᱚᱦᱚ ᱞᱮᱠᱷᱟᱱ, ᱡᱦᱟᱸᱱ ᱵᱤᱥᱟᱹᱞᱤ ᱵᱤᱧ ᱠᱤᱫᱤᱧ ᱚᱰᱟᱷᱛᱮ ᱵᱟᱝᱠᱚ ᱵᱚᱞᱚᱱᱟ।
train_santalimale_01199	ᱛᱟᱨᱩᱵᱼᱟ ᱮ ᱵᱮᱱᱟᱣᱮᱱ ᱠᱷᱟᱱ ᱥᱟᱞᱚ ᱟᱨ ᱯᱟᱞᱚ ᱫᱚ ᱟᱹᱰᱤ ᱠᱤᱱ ᱫᱩᱞᱟᱹᱲ ᱠᱮᱫᱮᱭᱟ।
train_santalimale_04364	ᱦᱮᱸ ᱢᱟ ᱤᱧᱟᱹᱜᱼᱟ ᱢᱚᱱᱮ ᱵᱷᱟᱹᱨᱤ ᱛᱚᱧ ᱨᱟᱣᱟᱞ ᱠᱟᱫᱟ, ᱪᱤᱴᱷᱤ ᱫᱚ ᱚᱞ ᱜᱮ ᱛᱟᱦᱮᱸᱭᱮᱱᱟ।
train_santalimale_01869	ᱦᱟᱠᱩ ᱠᱟᱴᱠᱚᱢ ᱜᱚᱭᱚᱡᱼᱟ ᱟᱹᱜᱩ ᱠᱟᱛᱮᱠᱚ ᱡᱚᱢ ᱧᱩᱭᱟ, ᱦᱚᱞᱚᱝ ᱠᱚ ᱦᱩᱰᱩᱝᱟ।
train_santalimale_04470	ᱱᱚᱟ ᱠᱟᱛᱷᱟ ᱫᱚ ᱢᱚᱱᱮ ᱨᱮ ᱡᱟᱱᱟᱢ ᱜᱚᱫᱼᱟ ᱟᱫᱮᱠᱷᱟᱱ, ᱥᱩᱤᱞᱟᱹ ᱫᱚ ᱚᱲᱟᱹᱜᱼᱟ ᱨᱮᱭᱟᱜᱼᱟ ᱦᱚᱲᱚ-ᱪᱟᱣᱞᱮ ᱚᱠᱚ-ᱠᱚᱢᱵᱲᱚ ᱟᱹᱠᱚᱨᱤᱧ ᱮ ᱮᱦᱚᱵᱼᱟ ᱮᱱᱟ।
train_santalimale_00211	ᱫᱟᱸᱥᱟᱭ ᱮᱱᱮᱡᱼᱟ ᱟᱨ ᱥᱮᱨᱮᱧ ᱫᱚ ᱥᱟᱱᱛᱟᱲ ᱥᱟᱸᱣᱛᱟ ᱨᱮᱱᱟ: ᱟᱹᱰᱤ ᱢᱟᱨᱟᱝ ᱯᱟᱹᱨᱟᱹᱵ ᱠᱟᱱᱟ।
train_santalimale_03428	ᱵᱟᱨ ᱜᱮᱞ ᱜᱟᱱ ᱡᱟᱸᱣᱟᱸᱭ ᱢᱮᱱᱠᱷᱟᱱ ᱠᱚ ᱦᱮᱡᱼᱟ ᱞᱮᱱᱟ, ᱩᱱᱤ ᱫᱚ ᱡᱟᱸᱣᱟᱸᱭ ᱜᱮ ᱵᱟᱭ ᱠᱩᱥᱤᱭᱟᱠᱚᱟ।
train_santalimale_01989	ᱥᱩᱱᱟᱹ ᱫᱚ ᱟᱨ ᱢᱤᱫᱼᱟ ᱵᱚᱛᱚᱞ ᱠᱤᱨᱤᱧ ᱟᱹᱜᱩ ᱠᱮᱫᱟ।
train_santalimale_02043	ᱱᱤᱛ ᱦᱚᱸ ᱛᱮᱝᱜᱚᱣᱟᱠᱟᱱ ᱜᱮᱭᱟ ᱨᱚᱠᱨᱚᱠᱚ, ᱛᱩᱨᱩᱤ ᱢᱚᱠᱟ ᱜᱟᱱ ᱩᱥᱩᱞ ᱟᱨ ᱢᱤᱫᱼᱟ ᱵᱟᱨ ᱦᱟᱹᱰᱩᱵᱼᱟ ᱜᱟᱱ ᱚᱥᱟᱨ।
train_santalimale_04076	ᱢᱮᱱ ᱞᱮᱠᱷᱟᱱ ᱦᱟᱹᱬᱰᱤ-ᱯᱟᱹᱩᱨᱟᱹ ᱫᱚ ᱱᱟᱥᱮ ᱦᱚᱸ ᱟᱹᱠᱤᱱ ᱫᱚ ᱵᱟᱠᱤᱱ ᱧᱩᱭᱮᱫᱼᱟ ᱠᱟᱱ ᱛᱟᱸᱦᱮᱸᱱᱟ।
train_santalimale_04004	ᱫᱟᱜᱼᱟ ᱜᱤᱛᱤᱞ ᱵᱟᱲᱟ ᱠᱟᱛᱮ ᱫᱟᱠᱟᱭ ᱚᱲᱟᱹᱜᱼᱟ ᱛᱮᱭ ᱤᱫᱤ ᱚᱴᱚ ᱠᱟᱫᱟ।
train_santalimale_02392	ᱟᱨ, ᱚᱱᱟᱛᱮ ᱵᱚᱵᱞᱩ ᱫᱚ ᱡᱟᱦᱟᱸᱱ ᱟᱹᱲᱟᱹᱤᱵᱟᱹᱲᱟᱹᱤ ᱜᱟᱞᱢᱟᱨᱟᱣ ᱜᱮ ᱵᱟᱹᱱᱩᱜᱼᱟᱛᱟᱭᱟ।
train_santalimale_02558	ᱟᱯᱟᱛᱜᱚᱲᱚᱢᱟᱜᱼᱟ ᱢᱟᱨᱮ ᱞᱤᱠ ᱵᱟᱹᱜᱤ ᱠᱟᱛᱮ ᱱᱟᱸᱣᱟᱸ ᱞᱤᱠ ᱛᱮ ᱜᱷᱟᱨᱚᱧᱡ ᱞᱟᱦᱟᱭᱮ ᱢᱮᱱ ᱞᱮᱫᱟ, ᱢᱮᱱᱮᱜᱼᱟ ᱥᱟᱱᱟᱢ ᱦᱟᱠᱚ ᱠᱚ ᱨᱚᱴᱮ ᱪᱟᱵᱟᱭᱮᱱᱟ।
train_santalimale_02289	ᱱᱤᱛ ᱩᱥᱟᱹᱨᱟ ᱨᱟᱱ ᱵᱟᱝ ᱞᱟᱜᱟᱣ ᱞᱮᱠᱷᱟᱱ ᱨᱩᱜᱤ ᱭᱮ ᱞᱟᱝᱜᱟ ᱜᱮᱭᱟ।
train_santalimale_01662	ᱩᱱᱡᱚᱦᱚ ᱟᱵᱚ ᱦᱚᱲ ᱦᱚᱯᱚᱱ ᱥᱟᱸᱣ ᱮᱴᱟ: ᱦᱚᱲᱠᱚᱣᱟ: ᱞᱟᱲᱟᱹᱦᱟᱤ ᱛᱩᱯᱩᱫᱼᱟ ᱱᱚᱣᱟ ᱢᱟᱨᱟᱝ ᱵᱩᱨᱩ ᱞᱩᱜᱩ ᱵᱩᱨᱩ ᱜᱷᱟᱱᱴᱟ ᱵᱟᱲᱮᱹ ᱨᱮ ᱞᱟᱲᱦᱟᱤ ᱦᱩᱭᱞᱮᱱ ᱛᱟᱸᱦᱮᱸᱠᱟᱱᱟ।
train_santalimale_03238	ᱟᱹᱰᱤ ᱩᱥᱟᱹᱨᱟ ᱛᱮ ᱩᱱᱤ ᱫᱚ ᱟᱭᱟᱜᱼᱟ ᱵᱟᱦᱟ ᱵᱟᱜᱟᱱ ᱛᱮ ᱵᱟᱦᱟ ᱡᱚᱛᱚᱱᱮ ᱤᱫᱤ ᱠᱮᱫᱟᱭ।
train_santalimale_02940	ᱥᱚᱦᱟ ᱫᱚᱭ ᱢᱮᱱ ᱠᱮᱫᱟ ᱵᱟᱝ ᱱᱚᱝᱠᱟ ᱫᱚ ᱵᱟᱝ ᱦᱩᱭ ᱫᱟᱹᱲᱮᱭᱟᱜᱼᱟᱟ।
train_santalimale_05114	ᱱᱤᱭᱟᱹ ᱨᱟᱥᱟᱭᱚᱱᱤᱠ ᱡᱩᱜ ᱨᱮ ᱨᱩᱣᱟᱹ-ᱦᱟᱥᱚ ᱢᱟ ᱞᱮᱛᱟᱲ ᱜᱮ ᱟᱹᱰᱤ ᱡᱟᱹᱥᱛᱤ ᱦᱚᱭᱚᱜᱚᱜᱼᱟ ᱠᱟᱱ ᱵᱟᱝ ᱧᱮᱞ ᱨᱚᱜᱮᱢ ᱧᱮᱞᱟ ᱟᱨ ᱵᱟᱝ ᱵᱟᱰᱟᱭ ᱨᱚᱜᱮᱢ ᱟᱧᱡᱚᱢᱟ।
train_santalimale_03764	ᱟᱹᱰᱤ ᱟᱪᱠᱟ ᱜᱮ ᱦᱮᱡᱼᱟ ᱥᱟᱸᱣ ᱛᱮ ᱱᱤᱭᱟᱹ ᱠᱟᱛᱷᱟ ᱫᱚᱢ ᱢᱮᱱ ᱟᱪᱚ ᱠᱮᱫᱼᱟ ᱨᱟᱹᱜᱷᱩ ᱵᱟᱹᱵᱩ?
train_santalimale_01602	ᱮᱱᱠᱷᱟᱱ ᱵᱮᱥᱨᱟ ᱠᱩᱲᱤ ᱫᱚ ᱟᱨᱦᱚ ᱢᱟᱱᱰᱮᱭᱟ ᱟᱹᱛᱩ ᱛᱮᱠᱤᱱ ᱪᱟᱞᱟᱣ ᱮᱱᱟ ᱴᱩᱰᱩ ᱠᱚᱲᱟᱹ ᱯᱟᱸᱡᱟ ᱟᱜᱩ।
train_santalimale_03924	ᱵᱟᱱᱟ ᱦᱚᱲ ᱜᱮ ᱟᱹᱰᱤ ᱠᱚ ᱥᱟᱨᱦᱟᱣ ᱠᱮᱫᱼᱟ ᱠᱤᱱᱟᱹ।
train_santalimale_03976	ᱪᱮᱞᱟᱝ ᱨᱮ ᱪᱚᱱᱫᱟ ᱟᱠᱟᱫᱼᱟ ᱫᱤᱥᱤ ᱨᱟᱦᱮᱲ ᱫᱟᱹᱞ ᱩᱥᱟᱹᱨᱟ ᱞᱟᱹᱵᱤᱫᱟ ᱢᱮᱱᱛᱮ ᱡᱟᱦᱟᱸ ᱜᱷᱟᱹᱲᱤᱡᱼᱟ ᱫᱚ ᱪᱮᱞᱟᱝ ᱪᱮᱛᱟᱱ ᱫᱟᱹᱜᱟᱹᱩ-ᱫᱟᱹᱜᱟᱹᱩ ᱡᱩᱞ ᱨᱟᱠᱟᱵᱼᱟ ᱚᱪᱚ ᱮᱫᱼᱟ ᱟᱭ।
train_santalimale_04765	ᱱᱚᱟ ᱜᱮ ᱱᱚᱠᱚ ᱴᱷᱮᱱ ᱯᱩᱤᱞᱟᱹ ᱥᱮᱱ ᱛᱟᱹᱞᱤᱧ ᱫᱚ।
train_santalimale_04845	ᱱᱮᱥ ᱫᱚ ᱵᱟᱹᱦᱩ ᱠᱚ ᱵᱟᱹᱱᱤᱡ ᱟᱹᱜᱩᱣᱟᱭᱟ।
train_santalimale_04941	ᱦᱚᱧᱦᱟᱨᱤᱧᱟᱜᱼᱟ ᱨᱚᱲ ᱞᱮᱠᱟ ᱜᱮᱧ ᱟᱧᱡᱚᱢ ᱞᱮᱫᱟ।
train_santalimale_01319	ᱨᱟᱠᱟᱵᱼᱟᱠᱮᱫᱼᱟ ᱧᱮᱞᱠᱮᱫᱼᱟ ᱟᱭ, ᱚᱱᱟ ᱯᱷᱩᱰᱩ: ᱨᱮ ᱫᱚ ᱢᱤᱫᱼᱟᱴᱟᱝ ᱡᱤᱞᱤᱧ ᱩᱵᱼᱟᱜᱩᱲᱭᱟᱣ ᱠᱚᱛᱮ ᱵᱚᱦᱮᱞ ᱟᱠᱟᱫᱼᱟ ᱟᱠᱚ।
train_santalimale_02202	ᱱᱤᱛᱚᱜᱼᱟ ᱫᱚ ᱮᱠᱟᱞ ᱛᱮ ᱟᱥ ᱪᱷᱩᱴᱟᱹᱣᱮᱱ ᱛᱟᱭᱟ।
train_santalimale_03381	ᱥᱚᱢᱟᱡ ᱨᱮᱱ ᱦᱚᱲ ᱠᱷᱚᱱ ᱢᱟᱭ ᱟᱞᱟᱜ ᱪᱷᱟᱰᱟ ᱩᱛᱟᱹᱨᱮᱱ।
train_santalimale_04311	ᱢᱚᱱᱮ ᱫᱚ ᱚᱱᱥᱚᱱ ᱛᱮ ᱯᱮᱨᱮᱡᱼᱟ ᱟᱠᱟᱱ ᱢᱮᱱᱟᱜᱼᱟ ᱛᱟᱭᱟ।
train_santalimale_04705	ᱫᱤᱱ ᱦᱚᱸ ᱥᱮᱴᱮᱨᱮᱱᱟ, ᱠᱟᱛᱷᱟ ᱦᱚᱸ ᱜᱚᱴᱟᱭᱮᱱᱟ, ᱢᱚᱱᱮ-ᱢᱚᱱᱮ ᱛᱮᱭ ᱟᱥ ᱞᱮᱱ ᱚᱱᱟ ᱟᱥ ᱠᱚᱭᱚᱜᱼᱟ ᱨᱮᱭ ᱛᱟᱲᱟᱹᱸᱜᱼᱟ ᱞᱮᱱ, ᱚᱱᱟ ᱟᱥ ᱦᱚᱸ ᱯᱩᱨᱟᱹᱣᱮᱱ ᱛᱟᱭᱟ।
train_santalimale_03686	ᱡᱚᱛᱚ ᱦᱚᱲ ᱟᱱᱫᱚᱲ ᱠᱚ ᱮᱦᱚᱵᱼᱟ ᱮᱱᱟ ᱟᱨ ᱠᱟᱴᱟ ᱦᱟᱹᱲᱚᱵᱼᱟ ᱠᱚ ᱮᱦᱚᱵᱼᱟ ᱮᱱᱟᱫᱟ।
train_santalimale_00775	ᱚᱲᱟᱹ: ᱛᱮᱠᱚ ᱦᱤᱡᱩᱷ ᱟ, ᱠᱩᱞᱦᱤ ᱢᱩᱪᱟᱫᱼᱟ ᱨᱮ ᱠᱚ ᱜᱟᱯᱟᱞ ᱢᱟᱨᱟᱣ ᱟ।
train_santalimale_05024	ᱱᱚᱟ ᱠᱚᱜᱮ ᱦᱟᱱᱦᱟᱨ ᱛᱮᱫᱼᱟ ᱫᱚᱭ ᱞᱟᱡᱟᱣ ᱵᱚᱛᱚᱨᱟᱫᱟ।
