मेरे पास पंद्रह अमरूद हैं।	ᱤᱧ ᱴᱷᱮᱱ ᱜᱮᱞ ᱢᱚᱬᱮ ᱜᱚᱴᱟᱝ ᱟᱢᱨᱩᱫ ᱢᱮᱱᱟᱜᱼᱟ ᱠᱚᱣᱟ।
क्या यह दिन अच्छा है?	ᱪᱮᱫ ᱱᱚᱣᱟ ᱫᱤᱱ ᱱᱟᱯᱟᱭ ᱠᱟᱱᱟ?
मेरे पास दस पेंसिल हैं।	ᱤᱧ ᱴᱷᱮᱱ ᱜᱮᱞ ᱜᱚᱴᱟᱝ ᱯᱮᱱᱥᱤᱞ ᱢᱮᱱᱟᱜᱼᱟ ᱠᱚᱣᱟ।
मेरे पास सौ मुर्गी हैं।	ᱤᱧ ᱴᱷᱮᱱ ᱢᱤᱫ ᱥᱟᱭ ᱜᱚᱴᱟᱝ ᱢᱩᱠᱨᱤ ᱢᱮᱱᱟᱜᱼᱟ ᱠᱚᱣᱟ।
मेरे पास आठ पानी हैं।	ᱤᱧ ᱴᱷᱮᱱ ᱤᱨᱟᱹᱞ ᱜᱚᱴᱟᱝ ᱫᱟᱜ ᱢᱮᱱᱟᱜᱼᱟ ᱠᱚᱣᱟ।
मेरे पास पंद्रह नमक हैं।	ᱤᱧ ᱴᱷᱮᱱ ᱜᱮᱞ ᱢᱚᱬᱮ ᱜᱚᱴᱟᱝ ᱱᱩᱱ ᱢᱮᱱᱟᱜᱼᱟ ᱠᱚᱣᱟ।
मेरे पास अठारह पानी हैं।	ᱤᱧ ᱴᱷᱮᱱ ᱜᱮᱞ ᱤᱨᱟᱹᱞ ᱜᱚᱴᱟᱝ ᱫᱟᱜ ᱢᱮᱱᱟᱜᱼᱟ ᱠᱚᱣᱟ।
मेरे पास दस चावल हैं।	ᱤᱧ ᱴᱷᱮᱱ ᱜᱮᱞ ᱜᱚᱴᱟᱝ ᱪᱟᱣᱞ ᱢᱮᱱᱟᱜᱼᱟ ᱠᱚᱣᱟ।
मेरे पास नौ कॉफ़ी हैं।	ᱤᱧ ᱴᱷᱮᱱ ᱟᱨᱮ ᱜᱚᱴᱟᱝ ᱠᱚᱯᱷᱤ ᱢᱮᱱᱟᱜᱼᱟ ᱠᱚᱣᱟ।
मेरे पास छः पानी हैं।	ᱤᱧ ᱴᱷᱮᱱ ᱛᱩᱨᱩᱭ ᱜᱚᱴᱟᱝ ᱫᱟᱜ ᱢᱮᱱᱟᱜᱼᱟ ᱠᱚᱣᱟ।
मेरे पास दस सूरज हैं।	ᱤᱧ ᱴᱷᱮᱱ ᱜᱮᱞ ᱜᱚᱴᱟᱝ ᱥᱩᱯ ᱢᱮᱱᱟᱜᱼᱟ ᱠᱚᱣᱟ।
मेरे पास तीस सात पेंसिल हैं।	ᱤᱧ ᱴᱷᱮᱱ ᱯᱮ ᱜᱮᱞ ᱮᱭᱟᱭ ᱜᱚᱴᱟᱝ ᱯᱮᱱᱥᱤᱞ ᱢᱮᱱᱟᱜᱼᱟ ᱠᱚᱣᱟ।
मेरे पास बारह पेन हैं।	ᱤᱧ ᱴᱷᱮᱱ ᱜᱮᱞ ᱵᱟᱨ ᱜᱚᱴᱟᱝ ᱯᱮᱱ ᱢᱮᱱᱟᱜᱼᱟ ᱠᱚᱣᱟ।
मेरे पास आठ मुर्गी हैं।	ᱤᱧ ᱴᱷᱮᱱ ᱤᱨᱟᱹᱞ ᱜᱚᱴᱟᱝ ᱢᱩᱠᱨᱤ ᱢᱮᱱᱟᱜᱼᱟ ᱠᱚᱣᱟ।
मेरे पास सौ कॉफ़ी हैं।	ᱤᱧ ᱴᱷᱮᱱ ᱢᱤᱫ ᱥᱟᱭ ᱜᱚᱴᱟᱝ ᱠᱚᱯᱷᱤ ᱢᱮᱱᱟᱜᱼᱟ ᱠᱚᱣᱟ।
मेरे पास छः हाथी हैं।	ᱤᱧ ᱴᱷᱮᱱ ᱛᱩᱨᱩᱭ ᱜᱚᱴᱟᱝ ᱦᱟᱛᱤ ᱢᱮᱱᱟᱜᱼᱟ ᱠᱚᱣᱟ।
मेरे पास सोलह मुर्गी हैं।	ᱤᱧ ᱴᱷᱮᱱ ᱜᱮᱞ ᱛᱩᱨᱩᱭ ᱜᱚᱴᱟᱝ ᱢᱩᱠᱨᱤ ᱢᱮᱱᱟᱜᱼᱟ ᱠᱚᱣᱟ।
मेरे पास चौदह पानी हैं।	ᱤᱧ ᱴᱷᱮᱱ ᱜᱮᱞ ᱯᱩᱱ ᱜᱚᱴᱟᱝ ᱫᱟᱜ ᱢᱮᱱᱟᱜᱼᱟ ᱠᱚᱣᱟ।
मेरे पास छः तेल हैं।	ᱤᱧ ᱴᱷᱮᱱ ᱛᱩᱨᱩᱭ ᱜᱚᱴᱟᱝ ᱛᱮᱞ ᱢᱮᱱᱟᱜᱼᱟ ᱠᱚᱣᱟ।
मेरे पास दस साँप हैं।	ᱤᱧ ᱴᱷᱮᱱ ᱜᱮᱞ ᱜᱚᱴᱟᱝ ᱥᱟᱸᱯ ᱢᱮᱱᱟᱜᱼᱟ ᱠᱚᱣᱟ।
मेरे पास पाँच मछली हैं।	ᱤᱧ ᱴᱷᱮᱱ ᱢᱚᱬᱮ ᱜᱚᱴᱟᱝ ᱢᱟᱪᱷᱤ ᱢᱮᱱᱟᱜᱼᱟ ᱠᱚᱣᱟ।
मेरे पास दस कुर्सी हैं।	ᱤᱧ ᱴᱷᱮᱱ ᱜᱮᱞ ᱜᱚᱴᱟᱝ ᱠᱩᱨᱥᱤ ᱢᱮᱱᱟᱜᱼᱟ ᱠᱚᱣᱟ।
क्या यह सप्ताह अच्छा है?	ᱪᱮᱫ ᱱᱚᱣᱟ ᱦᱟᱯᱛᱟ ᱱᱟᱯᱟᱭ ᱠᱟᱱᱟ?
मेरे पास सात चीनी हैं।	ᱤᱧ ᱴᱷᱮᱱ ᱮᱭᱟᱭ ᱜᱚᱴᱟᱝ ᱪᱤᱱᱤ ᱢᱮᱱᱟᱜᱼᱟ ᱠᱚᱣᱟ।
मेरे पास चौदह कॉफ़ी हैं।	ᱤᱧ ᱴᱷᱮᱱ ᱜᱮᱞ ᱯᱩᱱ ᱜᱚᱴᱟᱝ ᱠᱚᱯᱷᱤ ᱢᱮᱱᱟᱜᱼᱟ ᱠᱚᱣᱟ।
क्या यह पेन अच्छा है?	ᱪᱮᱫ ᱱᱚᱣᱟ ᱯᱮᱱ ᱱᱟᱯᱟᱭ ᱠᱟᱱᱟ?
मेरे पास पाँच तेल हैं।	ᱤᱧ ᱴᱷᱮᱱ ᱢᱚᱬᱮ ᱜᱚᱴᱟᱝ ᱛᱮᱞ ᱢᱮᱱᱟᱜᱼᱟ ᱠᱚᱣᱟ।
मेरे पास सात सब्ज़ी हैं।	ᱤᱧ ᱴᱷᱮᱱ ᱮᱭᱟᱭ ᱜᱚᱴᱟᱝ ᱥᱚᱵᱽᱡᱤ ᱢᱮᱱᱟᱜᱼᱟ ᱠᱚᱣᱟ।
मेरे पास पाँच अमरूद हैं।	ᱤᱧ ᱴᱷᱮᱱ ᱢᱚᱬᱮ ᱜᱚᱴᱟᱝ ᱟᱢᱨᱩᱫ ᱢᱮᱱᱟᱜᱼᱟ ᱠᱚᱣᱟ।
मेरे पास पाँच ब्लैकबोर्ड हैं।	ᱤᱧ ᱴᱷᱮᱱ ᱢᱚᱬᱮ ᱜᱚᱴᱟᱝ ᱵᱞᱟᱠᱵᱚᱨᱰ ᱢᱮᱱᱟᱜᱼᱟ ᱠᱚᱣᱟ।
मेरे पास पाँच कॉफ़ी हैं।	ᱤᱧ ᱴᱷᱮᱱ ᱢᱚᱬᱮ ᱜᱚᱴᱟᱝ ᱠᱚᱯᱷᱤ ᱢᱮᱱᱟᱜᱼᱟ ᱠᱚᱣᱟ।
मेरे पास बारह पानी हैं।	ᱤᱧ ᱴᱷᱮᱱ ᱜᱮᱞ ᱵᱟᱨ ᱜᱚᱴᱟᱝ ᱫᱟᱜ ᱢᱮᱱᱟᱜᱼᱟ ᱠᱚᱣᱟ।
मेरे पास पंद्रह सब्ज़ी हैं।	ᱤᱧ ᱴᱷᱮᱱ ᱜᱮᱞ ᱢᱚᱬᱮ ᱜᱚᱴᱟᱝ ᱥᱚᱵᱽᱡᱤ ᱢᱮᱱᱟᱜᱼᱟ ᱠᱚᱣᱟ।
मेरे पास पंद्रह मछली हैं।	ᱤᱧ ᱴᱷᱮᱱ ᱜᱮᱞ ᱢᱚᱬᱮ ᱜᱚᱴᱟᱝ ᱢᱟᱪᱷᱤ ᱢᱮᱱᱟᱜᱼᱟ ᱠᱚᱣᱟ।
मेरे पास तेरह पानी हैं।	ᱤᱧ ᱴᱷᱮᱱ ᱜᱮᱞ ᱯᱮ ᱜᱚᱴᱟᱝ ᱫᱟᱜ ᱢᱮᱱᱟᱜᱼᱟ ᱠᱚᱣᱟ।
मेरे पास दस तेल हैं।	ᱤᱧ ᱴᱷᱮᱱ ᱜᱮᱞ ᱜᱚᱴᱟᱝ ᱛᱮᱞ ᱢᱮᱱᱟᱜᱼᱟ ᱠᱚᱣᱟ।
मेरे पास सात काग़ज़ हैं।	ᱤᱧ ᱴᱷᱮᱱ ᱮᱭᱟᱭ ᱜᱚᱴᱟᱝ ᱠᱟᱜᱚᱡᱽ ᱢᱮᱱᱟᱜᱼᱟ ᱠᱚᱣᱟ।
मेरे पास नौ पेन हैं।	ᱤᱧ ᱴᱷᱮᱱ ᱟᱨᱮ ᱜᱚᱴᱟᱝ ᱯᱮᱱ ᱢᱮᱱᱟᱜᱼᱟ ᱠᱚᱣᱟ।
मेरे पास पंद्रह नारियल हैं।	ᱤᱧ ᱴᱷᱮᱱ ᱜᱮᱞ ᱢᱚᱬᱮ ᱜᱚᱴᱟᱝ ᱱᱟᱨᱤᱭᱟᱞ ᱢᱮᱱᱟᱜᱼᱟ ᱠᱚᱣᱟ।
मेरे पास दस पानी हैं।	ᱤᱧ ᱴᱷᱮᱱ ᱜᱮᱞ ᱜᱚᱴᱟᱝ ᱫᱟᱜ ᱢᱮᱱᱟᱜᱼᱟ ᱠᱚᱣᱟ।
मेरे पास सत्तर पेंसिल हैं।	ᱤᱧ ᱴᱷᱮᱱ ᱮᱭᱟᱭ ᱜᱮᱞ ᱜᱚᱴᱟᱝ ᱯᱮᱱᱥᱤᱞ ᱢᱮᱱᱟᱜᱼᱟ ᱠᱚᱣᱟ।
मेरे पास पंद्रह कुर्सी हैं।	ᱤᱧ ᱴᱷᱮᱱ ᱜᱮᱞ ᱢᱚᱬᱮ ᱜᱚᱴᱟᱝ ᱠᱩᱨᱥᱤ ᱢᱮᱱᱟᱜᱼᱟ ᱠᱚᱣᱟ।
मेरे पास सात सेब हैं।	ᱤᱧ ᱴᱷᱮᱱ ᱮᱭᱟᱭ ᱜᱚᱴᱟᱝ ᱥᱮᱯ ᱢᱮᱱᱟᱜᱼᱟ ᱠᱚᱣᱟ।
क्या यह नदी अच्छा है?	ᱪᱮᱫ ᱱᱚᱣᱟ ᱱᱟᱹᱭ ᱱᱟᱯᱟᱭ ᱠᱟᱱᱟ?
मेरे पास सात केला हैं।	ᱤᱧ ᱴᱷᱮᱱ ᱮᱭᱟᱭ ᱜᱚᱴᱟᱝ ᱠᱮᱞᱟ ᱢᱮᱱᱟᱜᱼᱟ ᱠᱚᱣᱟ।
मेरे पास नौ मुर्गी हैं।	ᱤᱧ ᱴᱷᱮᱱ ᱟᱨᱮ ᱜᱚᱴᱟᱝ ᱢᱩᱠᱨᱤ ᱢᱮᱱᱟᱜᱼᱟ ᱠᱚᱣᱟ।
मेरे पास पाँच मुर्गी हैं।	ᱤᱧ ᱴᱷᱮᱱ ᱢᱚᱬᱮ ᱜᱚᱴᱟᱝ ᱢᱩᱠᱨᱤ ᱢᱮᱱᱟᱜᱼᱟ ᱠᱚᱣᱟ।
मेरे पास दस दूध हैं।	ᱤᱧ ᱴᱷᱮᱱ ᱜᱮᱞ ᱜᱚᱴᱟᱝ ᱫᱩᱫᱷ ᱢᱮᱱᱟᱜᱼᱟ ᱠᱚᱣᱟ।
मेरे पास तीस पेंसिल हैं।	ᱤᱧ ᱴᱷᱮᱱ ᱯᱮ ᱜᱮᱞ ᱜᱚᱴᱟᱝ ᱯᱮᱱᱥᱤᱞ ᱢᱮᱱᱟᱜᱼᱟ ᱠᱚᱣᱟ।
मेरे पास तीस मुर्गी हैं।	ᱤᱧ ᱴᱷᱮᱱ ᱯᱮ ᱜᱮᱞ ᱜᱚᱴᱟᱝ ᱢᱩᱠᱨᱤ ᱢᱮᱱᱟᱜᱼᱟ ᱠᱚᱣᱟ।
मेरे पास पाँच सेब हैं।	ᱤᱧ ᱴᱷᱮᱱ ᱢᱚᱬᱮ ᱜᱚᱴᱟᱝ ᱥᱮᱯ ᱢᱮᱱᱟᱜᱼᱟ ᱠᱚᱣᱟ।
मेरे पास छः नारियल हैं।	ᱤᱧ ᱴᱷᱮᱱ ᱛᱩᱨᱩᱭ ᱜᱚᱴᱟᱝ ᱱᱟᱨᱤᱭᱟᱞ ᱢᱮᱱᱟᱜᱼᱟ ᱠᱚᱣᱟ।
मेरे पास तीस छः अक्षर हैं।	ᱤᱧ ᱴᱷᱮᱱ ᱯᱮ ᱜᱮᱞ ᱛᱩᱨᱩᱭ ᱜᱚᱴᱟᱝ ᱚᱠᱷᱚᱨ ᱢᱮᱱᱟᱜᱼᱟ ᱠᱚᱣᱟ।
मेरे पास सात किताब हैं।	ᱤᱧ ᱴᱷᱮᱱ ᱮᱭᱟᱭ ᱜᱚᱴᱟᱝ ᱯᱚᱛᱚᱢ ᱢᱮᱱᱟᱜᱼᱟ ᱠᱚᱣᱟ।
मेरे पास सात मेज़ हैं।	ᱤᱧ ᱴᱷᱮᱱ ᱮᱭᱟᱭ ᱜᱚᱴᱟᱝ ᱴᱮᱵᱩᱞ ᱢᱮᱱᱟᱜᱼᱟ ᱠᱚᱣᱟ।
मेरे पास सोलह कॉफ़ी हैं।	ᱤᱧ ᱴᱷᱮᱱ ᱜᱮᱞ ᱛᱩᱨᱩᱭ ᱜᱚᱴᱟᱝ ᱠᱚᱯᱷᱤ ᱢᱮᱱᱟᱜᱼᱟ ᱠᱚᱣᱟ।
मेरे पास पंद्रह सेब हैं।	ᱤᱧ ᱴᱷᱮᱱ ᱜᱮᱞ ᱢᱚᱬᱮ ᱜᱚᱴᱟᱝ ᱥᱮᱯ ᱢᱮᱱᱟᱜᱼᱟ ᱠᱚᱣᱟ।
मेरे पास सत्रह पानी हैं।	ᱤᱧ ᱴᱷᱮᱱ ᱜᱮᱞ ᱮᱭᱟᱭ ᱜᱚᱴᱟᱝ ᱫᱟᱜ ᱢᱮᱱᱟᱜᱼᱟ ᱠᱚᱣᱟ।
मेरे पास छः चाय हैं।	ᱤᱧ ᱴᱷᱮᱱ ᱛᱩᱨᱩᱭ ᱜᱚᱴᱟᱝ ᱪᱟ ᱢᱮᱱᱟᱜᱼᱟ ᱠᱚᱣᱟ।
मेरे पास चार पेंसिल हैं।	ᱤᱧ ᱴᱷᱮᱱ ᱯᱩᱱ ᱜᱚᱴᱟᱝ ᱯᱮᱱᱥᱤᱞ ᱢᱮᱱᱟᱜᱼᱟ ᱠᱚᱣᱟ।
मेरे पास ग्यारह पेंसिल हैं।	ᱤᱧ ᱴᱷᱮᱱ ᱜᱮᱞ ᱢᱤᱫ ᱜᱚᱴᱟᱝ ᱯᱮᱱᱥᱤᱞ ᱢᱮᱱᱟᱜᱼᱟ ᱠᱚᱣᱟ।
मेरे पास तीस दो पेंसिल हैं।	ᱤᱧ ᱴᱷᱮᱱ ᱯᱮ ᱜᱮᱞ ᱵᱟᱨ ᱜᱚᱴᱟᱝ ᱯᱮᱱᱥᱤᱞ ᱢᱮᱱᱟᱜᱼᱟ ᱠᱚᱣᱟ।
मेरे पास पाँच आम हैं।	ᱤᱧ ᱴᱷᱮᱱ ᱢᱚᱬᱮ ᱜᱚᱴᱟᱝ ᱟᱢ ᱢᱮᱱᱟᱜᱼᱟ ᱠᱚᱣᱟ।
क्या यह आदमी अच्छा है?	ᱪᱮᱫ ᱱᱚᱣᱟ ᱦᱚᱲ ᱱᱟᱯᱟᱭ ᱠᱟᱱᱟ?
मेरे पास चालीस पाँच पानी हैं।	ᱤᱧ ᱴᱷᱮᱱ ᱯᱩᱱ ᱜᱮᱞ ᱢᱚᱬᱮ ᱜᱚᱴᱟᱝ ᱫᱟᱜ ᱢᱮᱱᱟᱜᱼᱟ ᱠᱚᱣᱟ।
मेरे पास सात शब्द हैं।	ᱤᱧ ᱴᱷᱮᱱ ᱮᱭᱟᱭ ᱜᱚᱴᱟᱝ ᱥᱚᱵᱚᱫ ᱢᱮᱱᱟᱜᱼᱟ ᱠᱚᱣᱟ।
मेरे पास चार पानी हैं।	ᱤᱧ ᱴᱷᱮᱱ ᱯᱩᱱ ᱜᱚᱴᱟᱝ ᱫᱟᱜ ᱢᱮᱱᱟᱜᱼᱟ ᱠᱚᱣᱟ।
क्या यह दोस्त अच्छा है?	ᱪᱮᱫ ᱱᱚᱣᱟ ᱜᱟᱛᱮ ᱱᱟᱯᱟᱭ ᱠᱟᱱᱟ?
मेरे पास बीस पाँच पानी हैं।	ᱤᱧ ᱴᱷᱮᱱ ᱠᱩᱲᱤ ᱢᱚᱬᱮ ᱜᱚᱴᱟᱝ ᱫᱟᱜ ᱢᱮᱱᱟᱜᱼᱟ ᱠᱚᱣᱟ।
मेरे पास आठ पेंसिल हैं।	ᱤᱧ ᱴᱷᱮᱱ ᱤᱨᱟᱹᱞ ᱜᱚᱴᱟᱝ ᱯᱮᱱᱥᱤᱞ ᱢᱮᱱᱟᱜᱼᱟ ᱠᱚᱣᱟ।
मेरे पास दस शब्द हैं।	ᱤᱧ ᱴᱷᱮᱱ ᱜᱮᱞ ᱜᱚᱴᱟᱝ ᱥᱚᱵᱚᱫ ᱢᱮᱱᱟᱜᱼᱟ ᱠᱚᱣᱟ।
मेरे पास बीस छः पेंसिल हैं।	ᱤᱧ ᱴᱷᱮᱱ ᱠᱩᱲᱤ ᱛᱩᱨᱩᱭ ᱜᱚᱴᱟᱝ ᱯᱮᱱᱥᱤᱞ ᱢᱮᱱᱟᱜᱼᱟ ᱠᱚᱣᱟ।
मेरे पास सात अंडा हैं।	ᱤᱧ ᱴᱷᱮᱱ ᱮᱭᱟᱭ ᱜᱚᱴᱟᱝ ᱟᱱᱫᱟ ᱢᱮᱱᱟᱜᱼᱟ ᱠᱚᱣᱟ।
मेरे पास दस सेब हैं।	ᱤᱧ ᱴᱷᱮᱱ ᱜᱮᱞ ᱜᱚᱴᱟᱝ ᱥᱮᱯ ᱢᱮᱱᱟᱜᱼᱟ ᱠᱚᱣᱟ।
मेरे पास छः चावल हैं।	ᱤᱧ ᱴᱷᱮᱱ ᱛᱩᱨᱩᱭ ᱜᱚᱴᱟᱝ ᱪᱟᱣᱞ ᱢᱮᱱᱟᱜᱼᱟ ᱠᱚᱣᱟ।
मेरे पास तीस आठ हाथी हैं।	ᱤᱧ ᱴᱷᱮᱱ ᱯᱮ ᱜᱮᱞ ᱤᱨᱟᱹᱞ ᱜᱚᱴᱟᱝ ᱦᱟᱛᱤ ᱢᱮᱱᱟᱜᱼᱟ ᱠᱚᱣᱟ।
मेरे पास पंद्रह बकरी हैं।	ᱤᱧ ᱴᱷᱮᱱ ᱜᱮᱞ ᱢᱚᱬᱮ ᱜᱚᱴᱟᱝ ᱵᱚᱠᱨᱟ ᱢᱮᱱᱟᱜᱼᱟ ᱠᱚᱣᱟ।
मेरे पास पाँच अक्षर हैं।	ᱤᱧ ᱴᱷᱮᱱ ᱢᱚᱬᱮ ᱜᱚᱴᱟᱝ ᱚᱠᱷᱚᱨ ᱢᱮᱱᱟᱜᱼᱟ ᱠᱚᱣᱟ।
मेरे पास सात नारियल हैं।	ᱤᱧ ᱴᱷᱮᱱ ᱮᱭᱟᱭ ᱜᱚᱴᱟᱝ ᱱᱟᱨᱤᱭᱟᱞ ᱢᱮᱱᱟᱜᱼᱟ ᱠᱚᱣᱟ।
मेरे पास तीस तीन पेंसिल हैं।	ᱤᱧ ᱴᱷᱮᱱ ᱯᱮ ᱜᱮᱞ ᱯᱮ ᱜᱚᱴᱟᱝ ᱯᱮᱱᱥᱤᱞ ᱢᱮᱱᱟᱜᱼᱟ ᱠᱚᱣᱟ।
मेरे पास पाँच मेज़ हैं।	ᱤᱧ ᱴᱷᱮᱱ ᱢᱚᱬᱮ ᱜᱚᱴᱟᱝ ᱴᱮᱵᱩᱞ ᱢᱮᱱᱟᱜᱼᱟ ᱠᱚᱣᱟ।
मेरे पास छः अमरूद हैं।	ᱤᱧ ᱴᱷᱮᱱ ᱛᱩᱨᱩᱭ ᱜᱚᱴᱟᱝ ᱟᱢᱨᱩᱫ ᱢᱮᱱᱟᱜᱼᱟ ᱠᱚᱣᱟ।
मेरे पास सात दूध हैं।	ᱤᱧ ᱴᱷᱮᱱ ᱮᱭᱟᱭ ᱜᱚᱴᱟᱝ ᱫᱩᱫᱷ ᱢᱮᱱᱟᱜᱼᱟ ᱠᱚᱣᱟ।
मेरे पास बारह पेंसिल हैं।	ᱤᱧ ᱴᱷᱮᱱ ᱜᱮᱞ ᱵᱟᱨ ᱜᱚᱴᱟᱝ ᱯᱮᱱᱥᱤᱞ ᱢᱮᱱᱟᱜᱼᱟ ᱠᱚᱣᱟ।
मेरे पास चालीस सात पानी हैं।	ᱤᱧ ᱴᱷᱮᱱ ᱯᱩᱱ ᱜᱮᱞ ᱮᱭᱟᱭ ᱜᱚᱴᱟᱝ ᱫᱟᱜ ᱢᱮᱱᱟᱜᱼᱟ ᱠᱚᱣᱟ।
मेरे पास चालीस आठ पानी हैं।	ᱤᱧ ᱴᱷᱮᱱ ᱯᱩᱱ ᱜᱮᱞ ᱤᱨᱟᱹᱞ ᱜᱚᱴᱟᱝ ᱫᱟᱜ ᱢᱮᱱᱟᱜᱼᱟ ᱠᱚᱣᱟ।
मेरे पास दस घोड़ा हैं।	ᱤᱧ ᱴᱷᱮᱱ ᱜᱮᱞ ᱜᱚᱴᱟᱝ ᱜᱷᱚᱲᱟ ᱢᱮᱱᱟᱜᱼᱟ ᱠᱚᱣᱟ।
मेरे पास सात मछली हैं।	ᱤᱧ ᱴᱷᱮᱱ ᱮᱭᱟᱭ ᱜᱚᱴᱟᱝ ᱢᱟᱪᱷᱤ ᱢᱮᱱᱟᱜᱼᱟ ᱠᱚᱣᱟ।
मेरे पास सात चिड़िया हैं।	ᱤᱧ ᱴᱷᱮᱱ ᱮᱭᱟᱭ ᱜᱚᱴᱟᱝ ᱪᱤᱲᱤᱡ ᱢᱮᱱᱟᱜᱼᱟ ᱠᱚᱣᱟ।
मेरे पास पंद्रह ब्लैकबोर्ड हैं।	ᱤᱧ ᱴᱷᱮᱱ ᱜᱮᱞ ᱢᱚᱬᱮ ᱜᱚᱴᱟᱝ ᱵᱞᱟᱠᱵᱚᱨᱰ ᱢᱮᱱᱟᱜᱼᱟ ᱠᱚᱣᱟ।
मेरे पास पाँच घोड़ा हैं।	ᱤᱧ ᱴᱷᱮᱱ ᱢᱚᱬᱮ ᱜᱚᱴᱟᱝ ᱜᱷᱚᱲᱟ ᱢᱮᱱᱟᱜᱼᱟ ᱠᱚᱣᱟ।
मेरे पास पाँच काग़ज़ हैं।	ᱤᱧ ᱴᱷᱮᱱ ᱢᱚᱬᱮ ᱜᱚᱴᱟᱝ ᱠᱟᱜᱚᱡᱽ ᱢᱮᱱᱟᱜᱼᱟ ᱠᱚᱣᱟ।
मेरे पास सात नमक हैं।	ᱤᱧ ᱴᱷᱮᱱ ᱮᱭᱟᱭ ᱜᱚᱴᱟᱝ ᱱᱩᱱ ᱢᱮᱱᱟᱜᱼᱟ ᱠᱚᱣᱟ।
मेरे पास पंद्रह हाथी हैं।	ᱤᱧ ᱴᱷᱮᱱ ᱜᱮᱞ ᱢᱚᱬᱮ ᱜᱚᱴᱟᱝ ᱦᱟᱛᱤ ᱢᱮᱱᱟᱜᱼᱟ ᱠᱚᱣᱟ।
मेरे पास सात कुर्सी हैं।	ᱤᱧ ᱴᱷᱮᱱ ᱮᱭᱟᱭ ᱜᱚᱴᱟᱝ ᱠᱩᱨᱥᱤ ᱢᱮᱱᱟᱜᱼᱟ ᱠᱚᱣᱟ।
मेरे पास पंद्रह पेंसिल हैं।	ᱤᱧ ᱴᱷᱮᱱ ᱜᱮᱞ ᱢᱚᱬᱮ ᱜᱚᱴᱟᱝ ᱯᱮᱱᱥᱤᱞ ᱢᱮᱱᱟᱜᱼᱟ ᱠᱚᱣᱟ।
मेरे पास सात बंदर हैं।	ᱤᱧ ᱴᱷᱮᱱ ᱮᱭᱟᱭ ᱜᱚᱴᱟᱝ ᱵᱟᱸᱫᱚᱨ ᱢᱮᱱᱟᱜᱼᱟ ᱠᱚᱣᱟ।
मेरे पास पंद्रह शब्द हैं।	ᱤᱧ ᱴᱷᱮᱱ ᱜᱮᱞ ᱢᱚᱬᱮ ᱜᱚᱴᱟᱝ ᱥᱚᱵᱚᱫ ᱢᱮᱱᱟᱜᱼᱟ ᱠᱚᱣᱟ।
मेरे पास पाँच पानी हैं।	ᱤᱧ ᱴᱷᱮᱱ ᱢᱚᱬᱮ ᱜᱚᱴᱟᱝ ᱫᱟᱜ ᱢᱮᱱᱟᱜᱼᱟ ᱠᱚᱣᱟ।
क्या यह भाषा अच्छा है?	ᱪᱮᱫ ᱱᱚᱣᱟ ᱯᱟᱹᱨᱥᱤ ᱱᱟᱯᱟᱭ ᱠᱟᱱᱟ?
क्या यह मुर्गी अच्छा है?	ᱪᱮᱫ ᱱᱚᱣᱟ ᱢᱩᱠᱨᱤ ᱱᱟᱯᱟᱭ ᱠᱟᱱᱟ?
मेरे पास दस किताब हैं।	ᱤᱧ ᱴᱷᱮᱱ ᱜᱮᱞ ᱜᱚᱴᱟᱝ ᱯᱚᱛᱚᱢ ᱢᱮᱱᱟᱜᱼᱟ ᱠᱚᱣᱟ।
क्या यह खेल अच्छा है?	ᱪᱮᱫ ᱱᱚᱣᱟ ᱠᱷᱮᱞ ᱱᱟᱯᱟᱭ ᱠᱟᱱᱟ?
मेरे पास पंद्रह चीनी हैं।	ᱤᱧ ᱴᱷᱮᱱ ᱜᱮᱞ ᱢᱚᱬᱮ ᱜᱚᱴᱟᱝ ᱪᱤᱱᱤ ᱢᱮᱱᱟᱜᱼᱟ ᱠᱚᱣᱟ।
मेरे पास तीस पेन हैं।	ᱤᱧ ᱴᱷᱮᱱ ᱯᱮ ᱜᱮᱞ ᱜᱚᱴᱟᱝ ᱯᱮᱱ ᱢᱮᱱᱟᱜᱼᱟ ᱠᱚᱣᱟ।
मेरे पास पाँच साँप हैं।	ᱤᱧ ᱴᱷᱮᱱ ᱢᱚᱬᱮ ᱜᱚᱴᱟᱝ ᱥᱟᱸᱯ ᱢᱮᱱᱟᱜᱼᱟ ᱠᱚᱣᱟ।
मेरे पास दस चीनी हैं।	ᱤᱧ ᱴᱷᱮᱱ ᱜᱮᱞ ᱜᱚᱴᱟᱝ ᱪᱤᱱᱤ ᱢᱮᱱᱟᱜᱼᱟ ᱠᱚᱣᱟ।
मेरे पास आठ कॉफ़ी हैं।	ᱤᱧ ᱴᱷᱮᱱ ᱤᱨᱟᱹᱞ ᱜᱚᱴᱟᱝ ᱠᱚᱯᱷᱤ ᱢᱮᱱᱟᱜᱼᱟ ᱠᱚᱣᱟ।
मेरे पास चौदह पेन हैं।	ᱤᱧ ᱴᱷᱮᱱ ᱜᱮᱞ ᱯᱩᱱ ᱜᱚᱴᱟᱝ ᱯᱮᱱ ᱢᱮᱱᱟᱜᱼᱟ ᱠᱚᱣᱟ।
मेरे पास पंद्रह बंदर हैं।	ᱤᱧ ᱴᱷᱮᱱ ᱜᱮᱞ ᱢᱚᱬᱮ ᱜᱚᱴᱟᱝ ᱵᱟᱸᱫᱚᱨ ᱢᱮᱱᱟᱜᱼᱟ ᱠᱚᱣᱟ।
मेरे पास चालीस तीन मुर्गी हैं।	ᱤᱧ ᱴᱷᱮᱱ ᱯᱩᱱ ᱜᱮᱞ ᱯᱮ ᱜᱚᱴᱟᱝ ᱢᱩᱠᱨᱤ ᱢᱮᱱᱟᱜᱼᱟ ᱠᱚᱣᱟ।
मेरे पास पंद्रह दाल हैं।	ᱤᱧ ᱴᱷᱮᱱ ᱜᱮᱞ ᱢᱚᱬᱮ ᱜᱚᱴᱟᱝ ᱫᱟᱞ ᱢᱮᱱᱟᱜᱼᱟ ᱠᱚᱣᱟ।
मेरे पास पंद्रह अक्षर हैं।	ᱤᱧ ᱴᱷᱮᱱ ᱜᱮᱞ ᱢᱚᱬᱮ ᱜᱚᱴᱟᱝ ᱚᱠᱷᱚᱨ ᱢᱮᱱᱟᱜᱼᱟ ᱠᱚᱣᱟ।
क्या यह बाज़ार अच्छा है?	ᱪᱮᱫ ᱱᱚᱣᱟ ᱵᱟᱡᱟᱨ ᱱᱟᱯᱟᱭ ᱠᱟᱱᱟ?
मेरे पास साठ पेंसिल हैं।	ᱤᱧ ᱴᱷᱮᱱ ᱛᱩᱨᱩᱭ ᱜᱮᱞ ᱜᱚᱴᱟᱝ ᱯᱮᱱᱥᱤᱞ ᱢᱮᱱᱟᱜᱼᱟ ᱠᱚᱣᱟ।
मेरे पास पाँच सब्ज़ी हैं।	ᱤᱧ ᱴᱷᱮᱱ ᱢᱚᱬᱮ ᱜᱚᱴᱟᱝ ᱥᱚᱵᱽᱡᱤ ᱢᱮᱱᱟᱜᱼᱟ ᱠᱚᱣᱟ।
क्या यह नर्स अच्छा है?	ᱪᱮᱫ ᱱᱚᱣᱟ ᱱᱟᱨᱥ ᱱᱟᱯᱟᱭ ᱠᱟᱱᱟ?
मेरे पास पंद्रह पानी हैं।	ᱤᱧ ᱴᱷᱮᱱ ᱜᱮᱞ ᱢᱚᱬᱮ ᱜᱚᱴᱟᱝ ᱫᱟᱜ ᱢᱮᱱᱟᱜᱼᱟ ᱠᱚᱣᱟ।
मेरे पास ग्यारह पानी हैं।	ᱤᱧ ᱴᱷᱮᱱ ᱜᱮᱞ ᱢᱤᱫ ᱜᱚᱴᱟᱝ ᱫᱟᱜ ᱢᱮᱱᱟᱜᱼᱟ ᱠᱚᱣᱟ।
मेरे पास पाँच केला हैं।	ᱤᱧ ᱴᱷᱮᱱ ᱢᱚᱬᱮ ᱜᱚᱴᱟᱝ ᱠᱮᱞᱟ ᱢᱮᱱᱟᱜᱼᱟ ᱠᱚᱣᱟ।
मेरे पास दस ब्लैकबोर्ड हैं।	ᱤᱧ ᱴᱷᱮᱱ ᱜᱮᱞ ᱜᱚᱴᱟᱝ ᱵᱞᱟᱠᱵᱚᱨᱰ ᱢᱮᱱᱟᱜᱼᱟ ᱠᱚᱣᱟ।
मेरे पास छः चीनी हैं।	ᱤᱧ ᱴᱷᱮᱱ ᱛᱩᱨᱩᱭ ᱜᱚᱴᱟᱝ ᱪᱤᱱᱤ ᱢᱮᱱᱟᱜᱼᱟ ᱠᱚᱣᱟ।
मेरे पास बीस सात पेंसिल हैं।	ᱤᱧ ᱴᱷᱮᱱ ᱠᱩᱲᱤ ᱮᱭᱟᱭ ᱜᱚᱴᱟᱝ ᱯᱮᱱᱥᱤᱞ ᱢᱮᱱᱟᱜᱼᱟ ᱠᱚᱣᱟ।
मेरे पास नौ पानी हैं।	ᱤᱧ ᱴᱷᱮᱱ ᱟᱨᱮ ᱜᱚᱴᱟᱝ ᱫᱟᱜ ᱢᱮᱱᱟᱜᱼᱟ ᱠᱚᱣᱟ।
मेरे पास पाँच शब्द हैं।	ᱤᱧ ᱴᱷᱮᱱ ᱢᱚᱬᱮ ᱜᱚᱴᱟᱝ ᱥᱚᱵᱚᱫ ᱢᱮᱱᱟᱜᱼᱟ ᱠᱚᱣᱟ।
क्या यह नाम अच्छा है?	ᱪᱮᱫ ᱱᱚᱣᱟ ᱧᱩᱛᱩᱢ ᱱᱟᱯᱟᱭ ᱠᱟᱱᱟ?
मेरे पास चार मुर्गी हैं।	ᱤᱧ ᱴᱷᱮᱱ ᱯᱩᱱ ᱜᱚᱴᱟᱝ ᱢᱩᱠᱨᱤ ᱢᱮᱱᱟᱜᱼᱟ ᱠᱚᱣᱟ।
मेरे पास पाँच नमक हैं।	ᱤᱧ ᱴᱷᱮᱱ ᱢᱚᱬᱮ ᱜᱚᱴᱟᱝ ᱱᱩᱱ ᱢᱮᱱᱟᱜᱼᱟ ᱠᱚᱣᱟ।
मेरे पास पाँच अंडा हैं।	ᱤᱧ ᱴᱷᱮᱱ ᱢᱚᱬᱮ ᱜᱚᱴᱟᱝ ᱟᱱᱫᱟ ᱢᱮᱱᱟᱜᱼᱟ ᱠᱚᱣᱟ।
क्या यह रात अच्छा है?	ᱪᱮᱫ ᱱᱚᱣᱟ ᱧᱤᱫᱟᱹ ᱱᱟᱯᱟᱭ ᱠᱟᱱᱟ?
मेरे पास सात बकरी हैं।	ᱤᱧ ᱴᱷᱮᱱ ᱮᱭᱟᱭ ᱜᱚᱴᱟᱝ ᱵᱚᱠᱨᱟ ᱢᱮᱱᱟᱜᱼᱟ ᱠᱚᱣᱟ।
मेरे पास चौदह पेंसिल हैं।	ᱤᱧ ᱴᱷᱮᱱ ᱜᱮᱞ ᱯᱩᱱ ᱜᱚᱴᱟᱝ ᱯᱮᱱᱥᱤᱞ ᱢᱮᱱᱟᱜᱼᱟ ᱠᱚᱣᱟ।
मेरे पास सात चाय हैं।	ᱤᱧ ᱴᱷᱮᱱ ᱮᱭᱟᱭ ᱜᱚᱴᱟᱝ ᱪᱟ ᱢᱮᱱᱟᱜᱼᱟ ᱠᱚᱣᱟ।
मेरे पास सात कॉफ़ी हैं।	ᱤᱧ ᱴᱷᱮᱱ ᱮᱭᱟᱭ ᱜᱚᱴᱟᱝ ᱠᱚᱯᱷᱤ ᱢᱮᱱᱟᱜᱼᱟ ᱠᱚᱣᱟ।
मेरे पास सत्रह पेंसिल हैं।	ᱤᱧ ᱴᱷᱮᱱ ᱜᱮᱞ ᱮᱭᱟᱭ ᱜᱚᱴᱟᱝ ᱯᱮᱱᱥᱤᱞ ᱢᱮᱱᱟᱜᱼᱟ ᱠᱚᱣᱟ।
मेरे पास पाँच चाय हैं।	ᱤᱧ ᱴᱷᱮᱱ ᱢᱚᱬᱮ ᱜᱚᱴᱟᱝ ᱪᱟ ᱢᱮᱱᱟᱜᱼᱟ ᱠᱚᱣᱟ।
मेरे पास पाँच नारियल हैं।	ᱤᱧ ᱴᱷᱮᱱ ᱢᱚᱬᱮ ᱜᱚᱴᱟᱝ ᱱᱟᱨᱤᱭᱟᱞ ᱢᱮᱱᱟᱜᱼᱟ ᱠᱚᱣᱟ।
मेरे पास सात अक्षर हैं।	ᱤᱧ ᱴᱷᱮᱱ ᱮᱭᱟᱭ ᱜᱚᱴᱟᱝ ᱚᱠᱷᱚᱨ ᱢᱮᱱᱟᱜᱼᱟ ᱠᱚᱣᱟ।
मेरे पास चौदह मुर्गी हैं।	ᱤᱧ ᱴᱷᱮᱱ ᱜᱮᱞ ᱯᱩᱱ ᱜᱚᱴᱟᱝ ᱢᱩᱠᱨᱤ ᱢᱮᱱᱟᱜᱼᱟ ᱠᱚᱣᱟ।
मेरे पास आठ पेन हैं।	ᱤᱧ ᱴᱷᱮᱱ ᱤᱨᱟᱹᱞ ᱜᱚᱴᱟᱝ ᱯᱮᱱ ᱢᱮᱱᱟᱜᱼᱟ ᱠᱚᱣᱟ।
मेरे पास दस भेड़ हैं।	ᱤᱧ ᱴᱷᱮᱱ ᱜᱮᱞ ᱜᱚᱴᱟᱝ ᱵᱷᱮᱲ ᱢᱮᱱᱟᱜᱼᱟ ᱠᱚᱣᱟ।
मेरे पास दस मछली हैं।	ᱤᱧ ᱴᱷᱮᱱ ᱜᱮᱞ ᱜᱚᱴᱟᱝ ᱢᱟᱪᱷᱤ ᱢᱮᱱᱟᱜᱼᱟ ᱠᱚᱣᱟ।
मेरे पास पंद्रह मेज़ हैं।	ᱤᱧ ᱴᱷᱮᱱ ᱜᱮᱞ ᱢᱚᱬᱮ ᱜᱚᱴᱟᱝ ᱴᱮᱵᱩᱞ ᱢᱮᱱᱟᱜᱼᱟ ᱠᱚᱣᱟ।
मेरे पास सात दाल हैं।	ᱤᱧ ᱴᱷᱮᱱ ᱮᱭᱟᱭ ᱜᱚᱴᱟᱝ ᱫᱟᱞ ᱢᱮᱱᱟᱜᱼᱟ ᱠᱚᱣᱟ।
मेरे पास दस कॉफ़ी हैं।	ᱤᱧ ᱴᱷᱮᱱ ᱜᱮᱞ ᱜᱚᱴᱟᱝ ᱠᱚᱯᱷᱤ ᱢᱮᱱᱟᱜᱼᱟ ᱠᱚᱣᱟ।
मेरे पास सात आम हैं।	ᱤᱧ ᱴᱷᱮᱱ ᱮᱭᱟᱭ ᱜᱚᱴᱟᱝ ᱟᱢ ᱢᱮᱱᱟᱜᱼᱟ ᱠᱚᱣᱟ।
मेरे पास दस मेज़ हैं।	ᱤᱧ ᱴᱷᱮᱱ ᱜᱮᱞ ᱜᱚᱴᱟᱝ ᱴᱮᱵᱩᱞ ᱢᱮᱱᱟᱜᱼᱟ ᱠᱚᱣᱟ।
मेरे पास सात हाथी हैं।	ᱤᱧ ᱴᱷᱮᱱ ᱮᱭᱟᱭ ᱜᱚᱴᱟᱝ ᱦᱟᱛᱤ ᱢᱮᱱᱟᱜᱼᱟ ᱠᱚᱣᱟ।
मेरे पास दस बंदर हैं।	ᱤᱧ ᱴᱷᱮᱱ ᱜᱮᱞ ᱜᱚᱴᱟᱝ ᱵᱟᱸᱫᱚᱨ ᱢᱮᱱᱟᱜᱼᱟ ᱠᱚᱣᱟ।
मेरे पास तीस सात हाथी हैं।	ᱤᱧ ᱴᱷᱮᱱ ᱯᱮ ᱜᱮᱞ ᱮᱭᱟᱭ ᱜᱚᱴᱟᱝ ᱦᱟᱛᱤ ᱢᱮᱱᱟᱜᱼᱟ ᱠᱚᱣᱟ।
मेरे पास दस अंडा हैं।	ᱤᱧ ᱴᱷᱮᱱ ᱜᱮᱞ ᱜᱚᱴᱟᱝ ᱟᱱᱫᱟ ᱢᱮᱱᱟᱜᱼᱟ ᱠᱚᱣᱟ।
मेरे पास दस काग़ज़ हैं।	ᱤᱧ ᱴᱷᱮᱱ ᱜᱮᱞ ᱜᱚᱴᱟᱝ ᱠᱟᱜᱚᱡᱽ ᱢᱮᱱᱟᱜᱼᱟ ᱠᱚᱣᱟ।
मेरे पास पाँच पेंसिल हैं।	ᱤᱧ ᱴᱷᱮᱱ ᱢᱚᱬᱮ ᱜᱚᱴᱟᱝ ᱯᱮᱱᱥᱤᱞ ᱢᱮᱱᱟᱜᱼᱟ ᱠᱚᱣᱟ।
मेरे पास पाँच चावल हैं।	ᱤᱧ ᱴᱷᱮᱱ ᱢᱚᱬᱮ ᱜᱚᱴᱟᱝ ᱪᱟᱣᱞ ᱢᱮᱱᱟᱜᱼᱟ ᱠᱚᱣᱟ।
मेरे पास सात पेंसिल हैं।	ᱤᱧ ᱴᱷᱮᱱ ᱮᱭᱟᱭ ᱜᱚᱴᱟᱝ ᱯᱮᱱᱥᱤᱞ ᱢᱮᱱᱟᱜᱼᱟ ᱠᱚᱣᱟ।
क्या यह समय अच्छा है?	ᱪᱮᱫ ᱱᱚᱣᱟ ᱚᱠᱛᱚ ᱱᱟᱯᱟᱭ ᱠᱟᱱᱟ?
मेरे पास पाँच चीनी हैं।	ᱤᱧ ᱴᱷᱮᱱ ᱢᱚᱬᱮ ᱜᱚᱴᱟᱝ ᱪᱤᱱᱤ ᱢᱮᱱᱟᱜᱼᱟ ᱠᱚᱣᱟ।
मेरे पास सात सूरज हैं।	ᱤᱧ ᱴᱷᱮᱱ ᱮᱭᱟᱭ ᱜᱚᱴᱟᱝ ᱥᱩᱯ ᱢᱮᱱᱟᱜᱼᱟ ᱠᱚᱣᱟ।
मेरे पास दस नारियल हैं।	ᱤᱧ ᱴᱷᱮᱱ ᱜᱮᱞ ᱜᱚᱴᱟᱝ ᱱᱟᱨᱤᱭᱟᱞ ᱢᱮᱱᱟᱜᱼᱟ ᱠᱚᱣᱟ।
मेरे पास बारह कॉफ़ी हैं।	ᱤᱧ ᱴᱷᱮᱱ ᱜᱮᱞ ᱵᱟᱨ ᱜᱚᱴᱟᱝ ᱠᱚᱯᱷᱤ ᱢᱮᱱᱟᱜᱼᱟ ᱠᱚᱣᱟ।
मेरे पास दस नमक हैं।	ᱤᱧ ᱴᱷᱮᱱ ᱜᱮᱞ ᱜᱚᱴᱟᱝ ᱱᱩᱱ ᱢᱮᱱᱟᱜᱼᱟ ᱠᱚᱣᱟ।
मेरे पास तीस दो पानी हैं।	ᱤᱧ ᱴᱷᱮᱱ ᱯᱮ ᱜᱮᱞ ᱵᱟᱨ ᱜᱚᱴᱟᱝ ᱫᱟᱜ ᱢᱮᱱᱟᱜᱼᱟ ᱠᱚᱣᱟ।
मेरे पास पाँच भेड़ हैं।	ᱤᱧ ᱴᱷᱮᱱ ᱢᱚᱬᱮ ᱜᱚᱴᱟᱝ ᱵᱷᱮᱲ ᱢᱮᱱᱟᱜᱼᱟ ᱠᱚᱣᱟ।
मेरे पास सात पानी हैं।	ᱤᱧ ᱴᱷᱮᱱ ᱮᱭᱟᱭ ᱜᱚᱴᱟᱝ ᱫᱟᱜ ᱢᱮᱱᱟᱜᱼᱟ ᱠᱚᱣᱟ।
क्या यह नाक अच्छा है?	ᱪᱮᱫ ᱱᱚᱣᱟ ᱱᱟᱠ ᱱᱟᱯᱟᱭ ᱠᱟᱱᱟ?
मेरे पास पंद्रह तेल हैं।	ᱤᱧ ᱴᱷᱮᱱ ᱜᱮᱞ ᱢᱚᱬᱮ ᱜᱚᱴᱟᱝ ᱛᱮᱞ ᱢᱮᱱᱟᱜᱼᱟ ᱠᱚᱣᱟ।
मेरे पास छः अक्षर हैं।	ᱤᱧ ᱴᱷᱮᱱ ᱛᱩᱨᱩᱭ ᱜᱚᱴᱟᱝ ᱚᱠᱷᱚᱨ ᱢᱮᱱᱟᱜᱼᱟ ᱠᱚᱣᱟ।
मेरे पास बीस सात मुर्गी हैं।	ᱤᱧ ᱴᱷᱮᱱ ᱠᱩᱲᱤ ᱮᱭᱟᱭ ᱜᱚᱴᱟᱝ ᱢᱩᱠᱨᱤ ᱢᱮᱱᱟᱜᱼᱟ ᱠᱚᱣᱟ।
मेरे पास पाँच हाथी हैं।	ᱤᱧ ᱴᱷᱮᱱ ᱢᱚᱬᱮ ᱜᱚᱴᱟᱝ ᱦᱟᱛᱤ ᱢᱮᱱᱟᱜᱼᱟ ᱠᱚᱣᱟ।
मेरे पास दस चाय हैं।	ᱤᱧ ᱴᱷᱮᱱ ᱜᱮᱞ ᱜᱚᱴᱟᱝ ᱪᱟ ᱢᱮᱱᱟᱜᱼᱟ ᱠᱚᱣᱟ।
मेरे पास उन्नीस पानी हैं।	ᱤᱧ ᱴᱷᱮᱱ ᱜᱮᱞ ᱟᱨᱮ ᱜᱚᱴᱟᱝ ᱫᱟᱜ ᱢᱮᱱᱟᱜᱼᱟ ᱠᱚᱣᱟ।
मेरे पास दस दाल हैं।	ᱤᱧ ᱴᱷᱮᱱ ᱜᱮᱞ ᱜᱚᱴᱟᱝ ᱫᱟᱞ ᱢᱮᱱᱟᱜᱼᱟ ᱠᱚᱣᱟ।
मेरे पास सात तेल हैं।	ᱤᱧ ᱴᱷᱮᱱ ᱮᱭᱟᱭ ᱜᱚᱴᱟᱝ ᱛᱮᱞ ᱢᱮᱱᱟᱜᱼᱟ ᱠᱚᱣᱟ।
मेरे पास पंद्रह चिड़िया हैं।	ᱤᱧ ᱴᱷᱮᱱ ᱜᱮᱞ ᱢᱚᱬᱮ ᱜᱚᱴᱟᱝ ᱪᱤᱲᱤᱡ ᱢᱮᱱᱟᱜᱼᱟ ᱠᱚᱣᱟ।
मेरे पास पाँच पेन हैं।	ᱤᱧ ᱴᱷᱮᱱ ᱢᱚᱬᱮ ᱜᱚᱴᱟᱝ ᱯᱮᱱ ᱢᱮᱱᱟᱜᱼᱟ ᱠᱚᱣᱟ।
मेरे पास सात साँप हैं।	ᱤᱧ ᱴᱷᱮᱱ ᱮᱭᱟᱭ ᱜᱚᱴᱟᱝ ᱥᱟᱸᱯ ᱢᱮᱱᱟᱜᱼᱟ ᱠᱚᱣᱟ।
मेरे पास पंद्रह चावल हैं।	ᱤᱧ ᱴᱷᱮᱱ ᱜᱮᱞ ᱢᱚᱬᱮ ᱜᱚᱴᱟᱝ ᱪᱟᱣᱞ ᱢᱮᱱᱟᱜᱼᱟ ᱠᱚᱣᱟ।
मेरे पास सात मुर्गी हैं।	ᱤᱧ ᱴᱷᱮᱱ ᱮᱭᱟᱭ ᱜᱚᱴᱟᱝ ᱢᱩᱠᱨᱤ ᱢᱮᱱᱟᱜᱼᱟ ᱠᱚᱣᱟ।
मेरे पास सात ब्लैकबोर्ड हैं।	ᱤᱧ ᱴᱷᱮᱱ ᱮᱭᱟᱭ ᱜᱚᱴᱟᱝ ᱵᱞᱟᱠᱵᱚᱨᱰ ᱢᱮᱱᱟᱜᱼᱟ ᱠᱚᱣᱟ।
मेरे पास चार पेन हैं।	ᱤᱧ ᱴᱷᱮᱱ ᱯᱩᱱ ᱜᱚᱴᱟᱝ ᱯᱮᱱ ᱢᱮᱱᱟᱜᱼᱟ ᱠᱚᱣᱟ।
मेरे पास सौ पेंसिल हैं।	ᱤᱧ ᱴᱷᱮᱱ ᱢᱤᱫ ᱥᱟᱭ ᱜᱚᱴᱟᱝ ᱯᱮᱱᱥᱤᱞ ᱢᱮᱱᱟᱜᱼᱟ ᱠᱚᱣᱟ।
मेरे पास पंद्रह चाँद हैं।	ᱤᱧ ᱴᱷᱮᱱ ᱜᱮᱞ ᱢᱚᱬᱮ ᱜᱚᱴᱟᱝ ᱪᱟᱸᱫᱚ ᱢᱮᱱᱟᱜᱼᱟ ᱠᱚᱣᱟ।
मेरे पास पचास पेंसिल हैं।	ᱤᱧ ᱴᱷᱮᱱ ᱢᱚᱬᱮ ᱜᱮᱞ ᱜᱚᱴᱟᱝ ᱯᱮᱱᱥᱤᱞ ᱢᱮᱱᱟᱜᱼᱟ ᱠᱚᱣᱟ।
मेरे पास दस मुर्गी हैं।	ᱤᱧ ᱴᱷᱮᱱ ᱜᱮᱞ ᱜᱚᱴᱟᱝ ᱢᱩᱠᱨᱤ ᱢᱮᱱᱟᱜᱼᱟ ᱠᱚᱣᱟ।
मेरे पास दस सब्ज़ी हैं।	ᱤᱧ ᱴᱷᱮᱱ ᱜᱮᱞ ᱜᱚᱴᱟᱝ ᱥᱚᱵᱽᱡᱤ ᱢᱮᱱᱟᱜᱼᱟ ᱠᱚᱣᱟ।
मेरे पास पंद्रह भेड़ हैं।	ᱤᱧ ᱴᱷᱮᱱ ᱜᱮᱞ ᱢᱚᱬᱮ ᱜᱚᱴᱟᱝ ᱵᱷᱮᱲ ᱢᱮᱱᱟᱜᱼᱟ ᱠᱚᱣᱟ।
मेरे पास पाँच बकरी हैं।	ᱤᱧ ᱴᱷᱮᱱ ᱢᱚᱬᱮ ᱜᱚᱴᱟᱝ ᱵᱚᱠᱨᱟ ᱢᱮᱱᱟᱜᱼᱟ ᱠᱚᱣᱟ।
मेरे पास दस बकरी हैं।	ᱤᱧ ᱴᱷᱮᱱ ᱜᱮᱞ ᱜᱚᱴᱟᱝ ᱵᱚᱠᱨᱟ ᱢᱮᱱᱟᱜᱼᱟ ᱠᱚᱣᱟ।
मेरे पास पंद्रह दूध हैं।	ᱤᱧ ᱴᱷᱮᱱ ᱜᱮᱞ ᱢᱚᱬᱮ ᱜᱚᱴᱟᱝ ᱫᱩᱫᱷ ᱢᱮᱱᱟᱜᱼᱟ ᱠᱚᱣᱟ।
मेरे पास पंद्रह केला हैं।	ᱤᱧ ᱴᱷᱮᱱ ᱜᱮᱞ ᱢᱚᱬᱮ ᱜᱚᱴᱟᱝ ᱠᱮᱞᱟ ᱢᱮᱱᱟᱜᱼᱟ ᱠᱚᱣᱟ।
मेरे पास दस हाथी हैं।	ᱤᱧ ᱴᱷᱮᱱ ᱜᱮᱞ ᱜᱚᱴᱟᱝ ᱦᱟᱛᱤ ᱢᱮᱱᱟᱜᱼᱟ ᱠᱚᱣᱟ।
मेरे पास पाँच किताब हैं।	ᱤᱧ ᱴᱷᱮᱱ ᱢᱚᱬᱮ ᱜᱚᱴᱟᱝ ᱯᱚᱛᱚᱢ ᱢᱮᱱᱟᱜᱼᱟ ᱠᱚᱣᱟ।
मेरे पास दस अमरूद हैं।	ᱤᱧ ᱴᱷᱮᱱ ᱜᱮᱞ ᱜᱚᱴᱟᱝ ᱟᱢᱨᱩᱫ ᱢᱮᱱᱟᱜᱼᱟ ᱠᱚᱣᱟ।
मेरे पास बीस तीन मुर्गी हैं।	ᱤᱧ ᱴᱷᱮᱱ ᱠᱩᱲᱤ ᱯᱮ ᱜᱚᱴᱟᱝ ᱢᱩᱠᱨᱤ ᱢᱮᱱᱟᱜᱼᱟ ᱠᱚᱣᱟ।
मेरे पास तेरह मुर्गी हैं।	ᱤᱧ ᱴᱷᱮᱱ ᱜᱮᱞ ᱯᱮ ᱜᱚᱴᱟᱝ ᱢᱩᱠᱨᱤ ᱢᱮᱱᱟᱜᱼᱟ ᱠᱚᱣᱟ।
मेरे पास पाँच दाल हैं।	ᱤᱧ ᱴᱷᱮᱱ ᱢᱚᱬᱮ ᱜᱚᱴᱟᱝ ᱫᱟᱞ ᱢᱮᱱᱟᱜᱼᱟ ᱠᱚᱣᱟ।
क्या यह पेंसिल अच्छा है?	ᱪᱮᱫ ᱱᱚᱣᱟ ᱯᱮᱱᱥᱤᱞ ᱱᱟᱯᱟᱭ ᱠᱟᱱᱟ?
मेरे पास पंद्रह किताब हैं।	ᱤᱧ ᱴᱷᱮᱱ ᱜᱮᱞ ᱢᱚᱬᱮ ᱜᱚᱴᱟᱝ ᱯᱚᱛᱚᱢ ᱢᱮᱱᱟᱜᱼᱟ ᱠᱚᱣᱟ।
मेरे पास तीस पानी हैं।	ᱤᱧ ᱴᱷᱮᱱ ᱯᱮ ᱜᱮᱞ ᱜᱚᱴᱟᱝ ᱫᱟᱜ ᱢᱮᱱᱟᱜᱼᱟ ᱠᱚᱣᱟ।
मेरे पास पाँच दूध हैं।	ᱤᱧ ᱴᱷᱮᱱ ᱢᱚᱬᱮ ᱜᱚᱴᱟᱝ ᱫᱩᱫᱷ ᱢᱮᱱᱟᱜᱼᱟ ᱠᱚᱣᱟ।
मेरे पास सोलह पानी हैं।	ᱤᱧ ᱴᱷᱮᱱ ᱜᱮᱞ ᱛᱩᱨᱩᱭ ᱜᱚᱴᱟᱝ ᱫᱟᱜ ᱢᱮᱱᱟᱜᱼᱟ ᱠᱚᱣᱟ।
मेरे पास सात पेन हैं।	ᱤᱧ ᱴᱷᱮᱱ ᱮᱭᱟᱭ ᱜᱚᱴᱟᱝ ᱯᱮᱱ ᱢᱮᱱᱟᱜᱼᱟ ᱠᱚᱣᱟ।
मेरे पास सोलह पेन हैं।	ᱤᱧ ᱴᱷᱮᱱ ᱜᱮᱞ ᱛᱩᱨᱩᱭ ᱜᱚᱴᱟᱝ ᱯᱮᱱ ᱢᱮᱱᱟᱜᱼᱟ ᱠᱚᱣᱟ।
मेरे पास सात अमरूद हैं।	ᱤᱧ ᱴᱷᱮᱱ ᱮᱭᱟᱭ ᱜᱚᱴᱟᱝ ᱟᱢᱨᱩᱫ ᱢᱮᱱᱟᱜᱼᱟ ᱠᱚᱣᱟ।
मेरे पास छः पेंसिल हैं।	ᱤᱧ ᱴᱷᱮᱱ ᱛᱩᱨᱩᱭ ᱜᱚᱴᱟᱝ ᱯᱮᱱᱥᱤᱞ ᱢᱮᱱᱟᱜᱼᱟ ᱠᱚᱣᱟ।
मेरे पास दस पेन हैं।	ᱤᱧ ᱴᱷᱮᱱ ᱜᱮᱞ ᱜᱚᱴᱟᱝ ᱯᱮᱱ ᱢᱮᱱᱟᱜᱼᱟ ᱠᱚᱣᱟ।
मेरे पास बीस दो मुर्गी हैं।	ᱤᱧ ᱴᱷᱮᱱ ᱠᱩᱲᱤ ᱵᱟᱨ ᱜᱚᱴᱟᱝ ᱢᱩᱠᱨᱤ ᱢᱮᱱᱟᱜᱼᱟ ᱠᱚᱣᱟ।
मेरे पास सात घोड़ा हैं।	ᱤᱧ ᱴᱷᱮᱱ ᱮᱭᱟᱭ ᱜᱚᱴᱟᱝ ᱜᱷᱚᱲᱟ ᱢᱮᱱᱟᱜᱼᱟ ᱠᱚᱣᱟ।
मेरे पास सौ पानी हैं।	ᱤᱧ ᱴᱷᱮᱱ ᱢᱤᱫ ᱥᱟᱭ ᱜᱚᱴᱟᱝ ᱫᱟᱜ ᱢᱮᱱᱟᱜᱼᱟ ᱠᱚᱣᱟ।
मेरे पास तीस कॉफ़ी हैं।	ᱤᱧ ᱴᱷᱮᱱ ᱯᱮ ᱜᱮᱞ ᱜᱚᱴᱟᱝ ᱠᱚᱯᱷᱤ ᱢᱮᱱᱟᱜᱼᱟ ᱠᱚᱣᱟ।
मेरे पास दस आम हैं।	ᱤᱧ ᱴᱷᱮᱱ ᱜᱮᱞ ᱜᱚᱴᱟᱝ ᱟᱢ ᱢᱮᱱᱟᱜᱼᱟ ᱠᱚᱣᱟ।
मेरे पास बारह मुर्गी हैं।	ᱤᱧ ᱴᱷᱮᱱ ᱜᱮᱞ ᱵᱟᱨ ᱜᱚᱴᱟᱝ ᱢᱩᱠᱨᱤ ᱢᱮᱱᱟᱜᱼᱟ ᱠᱚᱣᱟ।
क्या यह पानी अच्छा है?	ᱪᱮᱫ ᱱᱚᱣᱟ ᱫᱟᱜ ᱱᱟᱯᱟᱭ ᱠᱟᱱᱟ?
मेरे पास सोलह पेंसिल हैं।	ᱤᱧ ᱴᱷᱮᱱ ᱜᱮᱞ ᱛᱩᱨᱩᱭ ᱜᱚᱴᱟᱝ ᱯᱮᱱᱥᱤᱞ ᱢᱮᱱᱟᱜᱼᱟ ᱠᱚᱣᱟ।
मेरे पास चार कॉफ़ी हैं।	ᱤᱧ ᱴᱷᱮᱱ ᱯᱩᱱ ᱜᱚᱴᱟᱝ ᱠᱚᱯᱷᱤ ᱢᱮᱱᱟᱜᱼᱟ ᱠᱚᱣᱟ।
मेरे पास सात भेड़ हैं।	ᱤᱧ ᱴᱷᱮᱱ ᱮᱭᱟᱭ ᱜᱚᱴᱟᱝ ᱵᱷᱮᱲ ᱢᱮᱱᱟᱜᱼᱟ ᱠᱚᱣᱟ।
मेरे पास पंद्रह चाय हैं।	ᱤᱧ ᱴᱷᱮᱱ ᱜᱮᱞ ᱢᱚᱬᱮ ᱜᱚᱴᱟᱝ ᱪᱟ ᱢᱮᱱᱟᱜᱼᱟ ᱠᱚᱣᱟ।
मेरे पास नौ पेंसिल हैं।	ᱤᱧ ᱴᱷᱮᱱ ᱟᱨᱮ ᱜᱚᱴᱟᱝ ᱯᱮᱱᱥᱤᱞ ᱢᱮᱱᱟᱜᱼᱟ ᱠᱚᱣᱟ।
मेरे पास सात चावल हैं।	ᱤᱧ ᱴᱷᱮᱱ ᱮᱭᱟᱭ ᱜᱚᱴᱟᱝ ᱪᱟᱣᱞ ᱢᱮᱱᱟᱜᱼᱟ ᱠᱚᱣᱟ।
मेरे पास दस केला हैं।	ᱤᱧ ᱴᱷᱮᱱ ᱜᱮᱞ ᱜᱚᱴᱟᱝ ᱠᱮᱞᱟ ᱢᱮᱱᱟᱜᱼᱟ ᱠᱚᱣᱟ।
मेरे पास दस अक्षर हैं।	ᱤᱧ ᱴᱷᱮᱱ ᱜᱮᱞ ᱜᱚᱴᱟᱝ ᱚᱠᱷᱚᱨ ᱢᱮᱱᱟᱜᱼᱟ ᱠᱚᱣᱟ।
