बाद में मिलते हैं	ᱛᱟᱭᱚᱢ ᱛᱮ ᱞᱟᱝ ᱧᱟᱯᱟᱢᱚᱜᱼᱟ
ᱪᱮᱫ ᱟᱢ ᱤᱝᱨᱟᱡᱤ ᱨᱚᱲ ᱫᱟᱲᱮᱭᱟᱜ ᱠᱟᱱᱟᱢ?	क्या आप अंग्रेज़ी बोलते हैं?
मैं समझता हूँ	ᱤᱧ ᱵᱩᱡᱷᱟᱹᱣ ᱮᱫᱟᱹᱧ
आज	ᱛᱮᱦᱮᱧ
ᱟᱨᱮ	नौ
कृपया मेनू	ᱢᱮᱱᱭᱩ, ᱫᱟᱭᱟ ᱠᱟᱛᱮ
ᱚᱛᱮ ᱢᱟᱦᱟᱸ	सोमवार
पुलिस को बुलाओ	ᱯᱩᱞᱤᱥ ᱦᱚᱦᱚ ᱠᱚᱢ
चार	ᱯᱩᱱ
ᱟᱢ ᱥᱟᱶ ᱧᱟᱯᱟᱢ ᱠᱟᱛᱮ ᱠᱩᱥᱤ ᱮᱱᱟᱹᱧ	आपसे मिलकर अच्छा लगा
ᱥᱟᱹᱜᱩᱱ ᱥᱤᱸᱜᱟᱹᱲ	शुभ संध्या
शुभ दोपहर	ᱥᱟᱹᱜᱩᱱ ᱛᱟᱨᱟᱥᱤᱧ
ᱤᱧ ᱱᱚᱸᱰᱮ ᱠᱟᱹᱢᱤ ᱞᱟᱹᱜᱤᱫ ᱢᱤᱱᱟᱹᱧᱟ	मैं यहां काम के लिए हूँ
कृपया	ᱫᱟᱭᱟ ᱠᱟᱛᱮ
ᱟᱢ ᱪᱮᱫ ᱞᱮᱠᱟ ᱢᱮᱱᱟᱢᱟ?	आप कैसे हैं?
ᱱᱚᱣᱟ ᱨᱮᱭᱟᱜ ᱜᱚᱱᱚᱝ ᱛᱤᱱᱟᱹᱜ ?	इसकी लागत कितनी है?
ᱤᱧ ᱨᱮᱸᱜᱮᱡ ᱢᱤᱱᱟᱹᱧᱟ	मुझे भूख लगी है
ᱱᱩᱭ ᱫᱚ ᱤᱧ ᱨᱮᱱ ᱜᱟᱛᱮ ᱠᱟᱱᱟᱭ	यह मेरा दोस्त है
अभी	ᱱᱤᱛᱚᱜ
ᱤᱧ ᱨᱩᱣᱟᱹ ᱜᱮᱭᱟᱹᱧ	मैं बीमार हूँ
ᱤᱧ ᱛᱮᱛᱟᱝ ᱟᱠᱟᱱᱟᱹᱧ	मुझे प्यास लगी है
ᱱᱚᱸᱰᱮ ᱦᱟᱹᱥᱩ ᱢᱮᱱᱟᱜᱼᱟ	यहाँ दर्द होता है
ᱢᱤᱫ ᱥᱟᱭ	एक सौ
ᱤᱧ ᱱᱟᱥᱮ ᱨᱚᱲ ᱮᱫᱟᱹᱧ	मैं थोड़ा बोलता हूँ
ᱤᱠᱟᱹ ᱠᱟᱹᱧ ᱢᱮ	क्षमा करें
सीधे आगे बढ़ें	ᱥᱤᱫᱷᱟᱹ ᱞᱟᱦᱟ ᱥᱮᱱᱚᱜ ᱢᱮ
हाँ	ᱦᱮᱸ
यह बहुत महंगा है	ᱱᱚᱣᱟ ᱫᱚ ᱟᱹᱰᱤ ᱫᱟᱢ ᱜᱮᱭᱟ
दस	ᱜᱮᱞ
डॉक्टर को बुलाओ	ᱢᱤᱫ ᱰᱟᱠᱴᱚᱨ ᱦᱚᱦᱚᱭᱮᱢ
मैं बीमार हूँ	ᱤᱧ ᱨᱩᱣᱟᱹ ᱜᱮᱭᱟᱹᱧ
ᱛᱮᱦᱮᱧ	आज
ᱢᱤᱫ ᱰᱟᱠᱴᱚᱨ ᱦᱚᱦᱚᱭᱮᱢ	डॉक्टर को बुलाओ
ᱜᱮᱞ	दस
अगले सप्ताह	ᱫᱚᱥᱟᱨ ᱦᱟᱯᱛᱟ
बहुत बहुत धन्यवाद	ᱟᱭᱢᱟ ᱥᱟᱨᱦᱟᱣ
प्रवेश	ᱵᱚᱞᱚᱱ ᱰᱟᱦᱟᱨ
ᱤᱧ ᱢᱤᱫ ᱰᱟᱠᱴᱚᱨ ᱞᱟᱹᱠᱛᱤᱭᱟᱹᱧ ᱠᱟᱱᱟ	मुझे एक डॉक्टर की जरूरत है
रेलवे स्टेशन कहां है?	ᱴᱨᱮᱱ ᱥᱴᱮᱥᱚᱱ ᱚᱠᱟᱨᱮ ᱢᱮᱱᱟᱜᱼᱟ?
कृपया इसे लिख लें	ᱫᱟᱭᱟ ᱠᱟᱛᱮ ᱱᱚᱣᱟ ᱚᱞ ᱢᱮ
मैं खो गया हूँ	ᱤᱧ ᱟᱫ ᱟᱠᱟᱱᱟᱹᱧ
ᱱᱚᱣᱟ ᱫᱚ ᱟᱹᱰᱤ ᱫᱟᱢ ᱜᱮᱭᱟ	यह बहुत महंगा है
ᱵᱟᱛᱷᱨᱩᱢ ᱚᱠᱟᱨᱮ ᱢᱮᱱᱟᱜᱼᱟ?	बाथरूम कहाँ है?
कोई समस्या नहीं	ᱪᱮᱫ ᱦᱚᱸ ᱮᱴᱠᱮᱴᱚᱬᱮ ᱵᱟᱹᱱᱩᱜᱼᱟ
ᱛᱩᱨᱩᱭ	छह
ᱵᱤᱞ, ᱫᱟᱭᱟ ᱠᱟᱛᱮ	बिल, कृपया
ᱥᱟᱨᱦᱟᱣ ᱦᱩᱭᱩᱜ ᱢᱟ	बधाई हो
नौ	ᱟᱨᱮ
एक घंटा	ᱢᱤᱫ ᱴᱟᱲᱟᱝ
बाहर निकलें	ᱚᱰᱚᱠᱚᱜ ᱢᱮ
ᱵᱟᱨ ᱦᱚᱲ ᱞᱟᱹᱜᱤᱫ ᱢᱤᱫ ᱴᱮᱵᱩᱞ, ᱫᱟᱭᱟ ᱠᱟᱛᱮ	कृपया दो लोगों के लिए एक टेबल
ᱞᱮᱸᱜᱟ ᱥᱮᱫ ᱟᱹᱪᱩᱨᱚᱜ ᱢᱮ	बाएँ मुड़ें
ᱤᱧ ᱫᱚ ᱢᱤᱫ ᱯᱟᱹᱴᱷᱩᱣᱟᱹ ᱠᱟᱱᱟᱹᱧ	मैं एक विद्यार्थी हूँ
मैं टिकट कहाँ से खरीद सकता हूँ?	ᱤᱧ ᱚᱠᱟ ᱠᱷᱚᱱ ᱴᱤᱠᱤᱴ ᱠᱤᱨᱤᱧ ᱫᱟᱲᱮᱭᱟᱜᱼᱟᱹᱧ?
ᱦᱚᱥᱯᱤᱴᱟᱞ ᱚᱠᱟᱨᱮ ᱢᱮᱱᱟᱜᱼᱟ?	अस्पताल कहाँ है?
ᱯᱩᱱ	चार
हवाई अड्डा कहाँ है?	ᱮᱭᱟᱨᱯᱚᱨᱴ ᱚᱠᱟᱨᱮ ᱢᱮᱱᱟᱜᱼᱟ?
ᱫᱚᱥᱟᱨ ᱦᱟᱯᱛᱟ	अगले सप्ताह
क्या आप क्रेडिट कार्ड स्वीकार करते हैं?	ᱪᱮᱫ ᱟᱢ ᱠᱨᱮᱰᱤᱴ ᱠᱟᱨᱰ ᱮᱢ ᱟᱝᱜᱚᱪ ᱮᱫᱟ?
ᱯᱩᱞᱤᱥ ᱦᱚᱦᱚ ᱠᱚᱢ	पुलिस को बुलाओ
ᱯᱤᱴᱷᱟᱹ	रोटी
ᱱᱤᱛ ᱛᱤᱱᱟᱹᱜ ᱚᱠᱛᱚ ᱦᱩᱭ ᱟᱠᱟᱱᱟ?	क्या समय हो गया है?
ᱤᱧ ᱟᱫ ᱟᱠᱟᱱᱟᱹᱧ	मैं खो गया हूँ
ᱱᱚᱣᱟ ᱨᱮᱭᱟᱜ ᱢᱮᱱᱮᱛ ᱪᱮᱫ ᱠᱟᱱᱟ?	इसका क्या मतलब है?
ᱟᱭᱢᱟ ᱥᱟᱨᱦᱟᱣ	बहुत बहुत धन्यवाद
मुझे एक डॉक्टर की जरूरत है	ᱤᱧ ᱢᱤᱫ ᱰᱟᱠᱴᱚᱨ ᱞᱟᱹᱠᱛᱤᱭᱟᱹᱧ ᱠᱟᱱᱟ
ᱤᱧ ᱫᱚ ᱱᱤᱛ ᱜᱮ ᱠᱚᱭᱚᱜ ᱠᱟᱱᱟᱹᱧ	मैं बस देख रहा हूँ
मैं थोड़ा बोलता हूँ	ᱤᱧ ᱱᱟᱥᱮ ᱨᱚᱲ ᱮᱫᱟᱹᱧ
ᱛᱟᱭᱚᱢ ᱛᱮ ᱞᱟᱝ ᱧᱟᱯᱟᱢᱚᱜᱼᱟ	बाद में मिलते हैं
ᱜᱟᱯᱟ ᱞᱟᱝ ᱧᱟᱯᱟᱢᱚᱜᱼᱟ	कल मिलते हैं
यह स्वादिष्ट है	ᱱᱚᱣᱟ ᱫᱚ ᱥᱤᱵᱤᱞ ᱜᱮᱭᱟ
मुझे प्यास लगी है	ᱤᱧ ᱛᱮᱛᱟᱝ ᱟᱠᱟᱱᱟᱹᱧ
ᱪᱮᱫ ᱱᱚᱣᱟ ᱛᱟᱲᱟᱢ ᱞᱟᱹᱜᱤᱫ ᱨᱚᱯᱟ ᱜᱮᱭᱟ?	क्या पैदल चलना सुरक्षित है?
नहीं	ᱵᱟᱝ
इसकी लागत कितनी है?	ᱱᱚᱣᱟ ᱨᱮᱭᱟᱜ ᱜᱚᱱᱚᱝ ᱛᱤᱱᱟᱹᱜ ?
आप यह कैसे कहते हैं?	ᱟᱢ ᱱᱚᱣᱟ ᱪᱤᱠᱟᱹᱛᱮᱢ ᱢᱮᱱ ᱮᱫᱟ?
ᱤᱧ ᱵᱟᱹᱧ ᱵᱩᱡᱷᱟᱹᱣ ᱫᱟᱲᱮᱭᱟᱜ ᱠᱟᱱᱟ	मुझे समझ नहीं आता
पानी, कृपया	ᱫᱟᱜ, ᱫᱟᱭᱟ ᱠᱟᱛᱮ
कृपया उसे दोहराएँ	ᱫᱟᱭᱟ ᱠᱟᱛᱮ ᱚᱱᱟ ᱫᱚᱦᱲᱟᱭ ᱢᱮ
ᱱᱚᱣᱟ ᱫᱚ ᱥᱤᱵᱤᱞ ᱜᱮᱭᱟ	यह स्वादिष्ट है
आपका स्वागत है	ᱟᱢᱟᱜ ᱥᱟᱹᱜᱩᱱ ᱫᱟᱨᱟᱢ
एक	ᱢᱤᱫ
ᱟᱭᱢᱟ ᱥᱟᱨᱦᱟᱣ	शुभकामनाएँ
ᱥᱟᱹᱜᱩᱱ ᱥᱮᱛᱟᱜ	सुप्रभात
ᱫᱟᱭᱟ ᱠᱟᱛᱮ ᱚᱱᱟ ᱫᱚᱦᱲᱟᱭ ᱢᱮ	कृपया उसे दोहराएँ
क्या आस-पास कोई अस्पताल है?	ᱪᱮᱫ ᱥᱩᱨ ᱨᱮ ᱢᱤᱫ ᱦᱚᱥᱯᱤᱴᱟᱞ ᱢᱮᱱᱟᱜᱼᱟ?
मैं वहां किस प्रकार पहुंचा?	ᱤᱧ ᱚᱱᱰᱮ ᱪᱤᱠᱟᱹᱛᱮᱧ ᱥᱮᱴᱮᱨᱚᱜᱼᱟ?
यह मेरा दोस्त है	ᱱᱩᱭ ᱫᱚ ᱤᱧ ᱨᱮᱱ ᱜᱟᱛᱮ ᱠᱟᱱᱟᱭ
बंद	ᱵᱚᱱᱫᱚ
स्वागत है	ᱥᱟᱹᱜᱩᱱ ᱫᱟᱨᱟᱢ
ᱢᱮᱱᱭᱩ, ᱫᱟᱭᱟ ᱠᱟᱛᱮ	कृपया मेनू
ᱱᱚᱶᱟ ᱫᱚ ᱥᱟᱝᱜᱤᱧ ᱜᱮᱭᱟ	यह दूर है
ᱱᱚᱣᱟ ᱫᱚ ᱥᱩᱨ ᱨᱮ ᱜᱮᱭᱟ	यह निकट है
ᱪᱮᱫ ᱟᱢ ᱤᱧᱮᱢ ᱜᱚᱲᱚ ᱟᱹᱧᱟ?	क्या आप मेरी मदद कर सकते हैं?
ᱤᱧ ᱚᱱᱰᱮ ᱪᱤᱠᱟᱹᱛᱮᱧ ᱥᱮᱴᱮᱨᱚᱜᱼᱟ?	मैं वहां किस प्रकार पहुंचा?
ᱤᱧ ᱪᱮᱫᱚᱜ ᱠᱟᱱᱟᱹᱧ	मैं सीख रहा हूँ
धन्यवाद	ᱟᱭᱢᱟ ᱥᱟᱨᱦᱟᱣ
ᱟᱢᱟᱜ ᱫᱤᱱ ᱱᱟᱯᱟᱭ ᱛᱟᱦᱮᱱ ᱢᱟ	आपका दिन शुभ हो
आपसे मिलकर अच्छा लगा	ᱟᱢ ᱥᱟᱶ ᱧᱟᱯᱟᱢ ᱠᱟᱛᱮ ᱠᱩᱥᱤ ᱮᱱᱟᱹᱧ
शाम को	ᱥᱤᱸᱜᱟᱹᱲ ᱨᱮ
ᱟᱢ ᱱᱚᱣᱟ ᱪᱤᱠᱟᱹᱛᱮᱢ ᱢᱮᱱ ᱮᱫᱟ?	आप यह कैसे कहते हैं?
मुझे खाने से एलर्जी है	ᱤᱧ ᱫᱚ ᱡᱚᱢᱟᱜ ᱠᱷᱚᱱ ᱮᱞᱟᱨᱡᱤ ᱢᱮᱱᱟᱜ ᱛᱤᱧᱟ
ᱪᱮᱫ ᱟᱢ ᱠᱨᱮᱰᱤᱴ ᱠᱟᱨᱰ ᱮᱢ ᱟᱝᱜᱚᱪ ᱮᱫᱟ?	क्या आप क्रेडिट कार्ड स्वीकार करते हैं?
दाएं मुड़ें	ᱡᱚᱡᱚᱢ ᱥᱮᱫ ᱟᱹᱪᱩᱨᱚᱜ ᱢᱮ
कृपया धीरे बोलें	ᱫᱟᱭᱟ ᱠᱟᱛᱮ ᱵᱟᱹᱭ ᱵᱟᱹᱭ ᱛᱮ ᱨᱚᱲ ᱢᱮ
मैं इसे ले लूँगा	ᱤᱧ ᱱᱚᱣᱟᱧ ᱦᱟᱛᱟᱣᱟ
आप क्या सिफ़ारिश करते हैं?	ᱟᱢ ᱪᱮᱫ ᱥᱚᱞᱦᱟᱢ ᱮᱢᱚᱜ ᱠᱟᱱᱟ?
बाज़ार कहाँ है?	ᱵᱟᱡᱟᱨ ᱚᱠᱟᱨᱮ ᱢᱮᱱᱟᱜᱼᱟ?
अस्पताल कहाँ है?	ᱦᱚᱥᱯᱤᱴᱟᱞ ᱚᱠᱟᱨᱮ ᱢᱮᱱᱟᱜᱼᱟ?
ᱤᱧ ᱱᱚᱣᱟᱧ ᱦᱟᱛᱟᱣᱟ	मैं इसे ले लूँगा
ᱡᱟᱹᱨᱩᱢ ᱢᱟᱦᱟᱸ	शुक्रवार
मैं बस देख रहा हूँ	ᱤᱧ ᱫᱚ ᱱᱤᱛ ᱜᱮ ᱠᱚᱭᱚᱜ ᱠᱟᱱᱟᱹᱧ
ᱢᱚᱬᱮ	पांच
ᱡᱚᱡᱚᱢ ᱥᱮᱫ ᱟᱹᱪᱩᱨᱚᱜ ᱢᱮ	दाएं मुड़ें
बाएँ मुड़ें	ᱞᱮᱸᱜᱟ ᱥᱮᱫ ᱟᱹᱪᱩᱨᱚᱜ ᱢᱮ
ᱵᱟᱨ	दो
ᱵᱚᱱᱫᱚ	बंद
ᱤᱧ ᱱᱚᱸᱰᱮ ᱪᱷᱩᱴᱤ ᱨᱮ ᱢᱤᱱᱟᱹᱧᱟ	मैं यहां छुट्टी पर हूँ
नमस्ते	ᱡᱚᱦᱟᱨ
ᱜᱚᱲᱚ	मदद
कॉफ़ी	ᱠᱚᱯᱷᱤ
तीन	ᱯᱮ
सुप्रभात	ᱥᱟᱹᱜᱩᱱ ᱥᱮᱛᱟᱜ
ᱢᱤᱫ ᱦᱟᱡᱟᱨ	एक हजार
बधाई हो	ᱥᱟᱨᱦᱟᱣ ᱦᱩᱭᱩᱜ ᱢᱟ
ᱤᱧ ᱚᱠᱟ ᱠᱷᱚᱱ ᱴᱤᱠᱤᱴ ᱠᱤᱨᱤᱧ ᱫᱟᱲᱮᱭᱟᱜᱼᱟᱹᱧ?	मैं टिकट कहाँ से खरीद सकता हूँ?
ᱵᱚᱞᱚᱱ ᱰᱟᱦᱟᱨ	प्रवेश
ᱤᱧ ᱤᱠᱟᱹᱧ ᱠᱷᱚᱡᱚᱜ ᱠᱟᱱᱟ	मुझे खेद है
ᱪᱮᱫ ᱦᱚᱸ ᱮᱴᱠᱮᱴᱚᱬᱮ ᱵᱟᱹᱱᱩᱜᱼᱟ	कोई समस्या नहीं
ᱜᱟᱯᱟ	कल
आपका नाम क्या है?	ᱟᱢᱟᱜ ᱧᱩᱛᱩᱢ ᱪᱮᱫ?
क्या पैदल चलना सुरक्षित है?	ᱪᱮᱫ ᱱᱚᱣᱟ ᱛᱟᱲᱟᱢ ᱞᱟᱹᱜᱤᱫ ᱨᱚᱯᱟ ᱜᱮᱭᱟ?
मुझे मदद चाहिए	ᱤᱧ ᱜᱚᱲᱚ ᱞᱟᱹᱠᱛᱤᱭᱟᱹᱧ ᱠᱟᱱᱟ
यहाँ दर्द होता है	ᱱᱚᱸᱰᱮ ᱦᱟᱹᱥᱩ ᱢᱮᱱᱟᱜᱼᱟ
ᱥᱟᱹᱜᱩᱱ ᱫᱟᱨᱟᱢ	स्वागत है
ᱡᱚᱦᱟᱨ	नमस्ते
ᱫᱟᱜ, ᱫᱟᱭᱟ ᱠᱟᱛᱮ	पानी, कृपया
ᱱᱤᱛᱚᱜ	अभी
ᱤᱨᱟᱹᱞ	आठ
सोमवार	ᱚᱛᱮ ᱢᱟᱦᱟᱸ
आपका दिन शुभ हो	ᱟᱢᱟᱜ ᱫᱤᱱ ᱱᱟᱯᱟᱭ ᱛᱟᱦᱮᱱ ᱢᱟ
ᱤᱧ ᱫᱚ ᱡᱚᱢᱟᱜ ᱠᱷᱚᱱ ᱮᱞᱟᱨᱡᱤ ᱢᱮᱱᱟᱜ ᱛᱤᱧᱟ	मुझे खाने से एलर्जी है
बिल, कृपया	ᱵᱤᱞ, ᱫᱟᱭᱟ ᱠᱟᱛᱮ
ᱦᱮᱸ	हाँ
कृपया दो लोगों के लिए एक टेबल	ᱵᱟᱨ ᱦᱚᱲ ᱞᱟᱹᱜᱤᱫ ᱢᱤᱫ ᱴᱮᱵᱩᱞ, ᱫᱟᱭᱟ ᱠᱟᱛᱮ
ᱴᱨᱮᱱ ᱥᱴᱮᱥᱚᱱ ᱚᱠᱟᱨᱮ ᱢᱮᱱᱟᱜᱼᱟ?	रेलवे स्टेशन कहां है?
मुझे खेद है	ᱤᱧ ᱤᱠᱟᱹᱧ ᱠᱷᱚᱡᱚᱜ ᱠᱟᱱᱟ
क्या आप अंग्रेज़ी बोलते हैं?	ᱪᱮᱫ ᱟᱢ ᱤᱝᱨᱟᱡᱤ ᱨᱚᱲ ᱫᱟᱲᱮᱭᱟᱜ ᱠᱟᱱᱟᱢ?
मैं यहां काम के लिए हूँ	ᱤᱧ ᱱᱚᱸᱰᱮ ᱠᱟᱹᱢᱤ ᱞᱟᱹᱜᱤᱫ ᱢᱤᱱᱟᱹᱧᱟ
पांच	ᱢᱚᱬᱮ
ᱪᱟ	चाय
मुझे समझ नहीं आता	ᱤᱧ ᱵᱟᱹᱧ ᱵᱩᱡᱷᱟᱹᱣ ᱫᱟᱲᱮᱭᱟᱜ ᱠᱟᱱᱟ
ᱟᱢᱟᱜ ᱥᱟᱹᱜᱩᱱ ᱫᱟᱨᱟᱢ	आपका स्वागत है
चाय	ᱪᱟ
अलविदा	ᱥᱟᱹᱜᱩᱱ ᱡᱚᱦᱟᱨ
ᱦᱚᱞᱟ	कल
कल मिलते हैं	ᱜᱟᱯᱟ ᱞᱟᱝ ᱧᱟᱯᱟᱢᱚᱜᱼᱟ
ᱡᱷᱤᱡᱽ ᱢᱮ	खुला
ᱠᱚᱯᱷᱤ	कॉफ़ी
ᱤᱧ ᱵᱩᱡᱷᱟᱹᱣ ᱮᱫᱟᱹᱧ	मैं समझता हूँ
ᱤᱧ ᱡᱤᱞ ᱵᱟᱹᱧ ᱡᱚᱢ ᱮᱫᱟ	मैं मांस नहीं खाता
खुला	ᱡᱷᱤᱡᱽ ᱢᱮ
ᱥᱟᱹᱜᱩᱱ ᱡᱚᱦᱟᱨ	अलविदा
ᱤᱧ ᱜᱚᱲᱚ ᱞᱟᱹᱠᱛᱤᱭᱟᱹᱧ ᱠᱟᱱᱟ	मुझे मदद चाहिए
ᱢᱤᱫ	एक
ᱤᱧ ᱴᱷᱤᱠ ᱜᱮᱭᱟᱹᱧ, ᱟᱭᱢᱟ ᱥᱟᱨᱦᱟᱣ	मैं ठीक हूँ, धन्यवाद
कल	ᱦᱚᱞᱟ
ᱥᱤᱸᱜᱟᱹᱲ ᱨᱮ	शाम को
बाथरूम कहाँ है?	ᱵᱟᱛᱷᱨᱩᱢ ᱚᱠᱟᱨᱮ ᱢᱮᱱᱟᱜᱼᱟ?
टिकट कितनी है?	ᱴᱤᱠᱤᱴ ᱫᱚ ᱛᱤᱱᱟᱹᱜ ᱜᱟᱱ?
क्या समय हो गया है?	ᱱᱤᱛ ᱛᱤᱱᱟᱹᱜ ᱚᱠᱛᱚ ᱦᱩᱭ ᱟᱠᱟᱱᱟ?
ᱫᱟᱭᱟ ᱠᱟᱛᱮ ᱱᱚᱣᱟ ᱚᱞ ᱢᱮ	कृपया इसे लिख लें
ᱯᱮ	तीन
दो	ᱵᱟᱨ
सात	ᱮᱭᱟᱭ
शुभ रात्रि	ᱥᱟᱹᱜᱩᱱ ᱧᱤᱫᱟᱹ
ᱥᱟᱹᱜᱩᱱ ᱛᱟᱨᱟᱥᱤᱧ	शुभ दोपहर
मैं ठीक हूँ, धन्यवाद	ᱤᱧ ᱴᱷᱤᱠ ᱜᱮᱭᱟᱹᱧ, ᱟᱭᱢᱟ ᱥᱟᱨᱦᱟᱣ
आठ	ᱤᱨᱟᱹᱞ
क्षमा करें	ᱤᱠᱟᱹ ᱠᱟᱹᱧ ᱢᱮ
ᱚᱰᱚᱠᱚᱜ ᱢᱮ	बाहर निकलें
ᱯᱷᱟᱨᱢᱟᱥᱭ ᱚᱠᱟᱨᱮ ᱢᱮᱱᱟᱜᱼᱟ?	औषधालय कहां है?
इसका क्या मतलब है?	ᱱᱚᱣᱟ ᱨᱮᱭᱟᱜ ᱢᱮᱱᱮᱛ ᱪᱮᱫ ᱠᱟᱱᱟ?
ᱟᱢᱟᱜ ᱛᱤᱱᱮᱜ ᱵᱚᱭᱮᱥ ᱦᱩᱭᱩᱜ ᱠᱟᱱ ᱛᱟᱢᱟ?	आपकी आयु कितनी है?
ᱥᱮᱛᱟᱜ ᱨᱮ	सुबह में
ᱫᱟᱭᱟ ᱠᱟᱛᱮ ᱵᱟᱹᱭ ᱵᱟᱹᱭ ᱛᱮ ᱨᱚᱲ ᱢᱮ	कृपया धीरे बोलें
ᱮᱭᱟᱭ	सात
मुझे भूख लगी है	ᱤᱧ ᱨᱮᱸᱜᱮᱡ ᱢᱤᱱᱟᱹᱧᱟ
ᱴᱤᱠᱤᱴ ᱫᱚ ᱛᱤᱱᱟᱹᱜ ᱜᱟᱱ?	टिकट कितनी है?
ᱛᱟᱭᱚᱢ ᱛᱮ	बाद में
आपकी आयु कितनी है?	ᱟᱢᱟᱜ ᱛᱤᱱᱮᱜ ᱵᱚᱭᱮᱥ ᱦᱩᱭᱩᱜ ᱠᱟᱱ ᱛᱟᱢᱟ?
छह	ᱛᱩᱨᱩᱭ
आप कहाँ से हैं?	ᱟᱢ ᱚᱠᱟ ᱨᱮᱱ ᱠᱟᱱᱟᱢ?
मैं एक विद्यार्थी हूँ	ᱤᱧ ᱫᱚ ᱢᱤᱫ ᱯᱟᱹᱴᱷᱩᱣᱟᱹ ᱠᱟᱱᱟᱹᱧ
ᱟᱢᱟᱜ ᱧᱩᱛᱩᱢ ᱪᱮᱫ?	आपका नाम क्या है?
ᱵᱟᱡᱟᱨ ᱚᱠᱟᱨᱮ ᱢᱮᱱᱟᱜᱼᱟ?	बाज़ार कहाँ है?
ᱢᱤᱫ ᱴᱟᱲᱟᱝ	एक घंटा
मुझे नहीं पता	ᱮᱧ ᱫᱚ ᱵᱟᱝ ᱤᱧ ᱵᱟᱰᱟᱭᱟ
ᱟᱢ ᱪᱮᱫ ᱥᱚᱞᱦᱟᱢ ᱮᱢᱚᱜ ᱠᱟᱱᱟ?	आप क्या सिफ़ारिश करते हैं?
एक सौ	ᱢᱤᱫ ᱥᱟᱭ
ᱤᱧ ᱢᱤᱫ ᱴᱮᱠᱥᱤ ᱞᱟᱹᱠᱛᱤᱭᱟᱹᱧ ᱠᱟᱱᱟ	मुझे टैक्सी चाहिए
ᱫᱟᱭᱟ ᱠᱟᱛᱮ	कृपया
एक हजार	ᱢᱤᱫ ᱦᱟᱡᱟᱨ
यह निकट है	ᱱᱚᱣᱟ ᱫᱚ ᱥᱩᱨ ᱨᱮ ᱜᱮᱭᱟ
ᱥᱤᱫᱷᱟᱹ ᱞᱟᱦᱟ ᱥᱮᱱᱚᱜ ᱢᱮ	सीधे आगे बढ़ें
सुबह में	ᱥᱮᱛᱟᱜ ᱨᱮ
शुभकामनाएँ	ᱟᱭᱢᱟ ᱥᱟᱨᱦᱟᱣ
क्या आप मेरी मदद कर सकते हैं?	ᱪᱮᱫ ᱟᱢ ᱤᱧᱮᱢ ᱜᱚᱲᱚ ᱟᱹᱧᱟ?
मुझे टैक्सी चाहिए	ᱤᱧ ᱢᱤᱫ ᱴᱮᱠᱥᱤ ᱞᱟᱹᱠᱛᱤᱭᱟᱹᱧ ᱠᱟᱱᱟ
ᱤᱧ ᱱᱚᱣᱟ ᱠᱩᱥᱤᱭᱟᱜ ᱠᱟᱱᱟᱹᱧ	मैं यह चाहूंगा
अवश्य	ᱥᱟᱨᱤ ᱜᱮ
मैं सीख रहा हूँ	ᱤᱧ ᱪᱮᱫᱚᱜ ᱠᱟᱱᱟᱹᱧ
आप कैसे हैं?	ᱟᱢ ᱪᱮᱫ ᱞᱮᱠᱟ ᱢᱮᱱᱟᱢᱟ?
ᱥᱟᱨᱤ ᱜᱮ	अवश्य
औषधालय कहां है?	ᱯᱷᱟᱨᱢᱟᱥᱭ ᱚᱠᱟᱨᱮ ᱢᱮᱱᱟᱜᱼᱟ?
ᱮᱧ ᱫᱚ ᱵᱟᱝ ᱤᱧ ᱵᱟᱰᱟᱭᱟ	मुझे नहीं पता
रोटी	ᱯᱤᱴᱷᱟᱹ
ᱪᱮᱫ ᱥᱩᱨ ᱨᱮ ᱢᱤᱫ ᱦᱚᱥᱯᱤᱴᱟᱞ ᱢᱮᱱᱟᱜᱼᱟ?	क्या आस-पास कोई अस्पताल है?
बाद में	ᱛᱟᱭᱚᱢ ᱛᱮ
कल	ᱜᱟᱯᱟ
शुभ संध्या	ᱥᱟᱹᱜᱩᱱ ᱥᱤᱸᱜᱟᱹᱲ
ᱟᱭᱢᱟ ᱥᱟᱨᱦᱟᱣ	धन्यवाद
मैं मांस नहीं खाता	ᱤᱧ ᱡᱤᱞ ᱵᱟᱹᱧ ᱡᱚᱢ ᱮᱫᱟ
मैं यहां छुट्टी पर हूँ	ᱤᱧ ᱱᱚᱸᱰᱮ ᱪᱷᱩᱴᱤ ᱨᱮ ᱢᱤᱱᱟᱹᱧᱟ
यह दूर है	ᱱᱚᱶᱟ ᱫᱚ ᱥᱟᱝᱜᱤᱧ ᱜᱮᱭᱟ
मैं यह चाहूंगा	ᱤᱧ ᱱᱚᱣᱟ ᱠᱩᱥᱤᱭᱟᱜ ᱠᱟᱱᱟᱹᱧ
ᱵᱟᱝ	नहीं
ᱮᱭᱟᱨᱯᱚᱨᱴ ᱚᱠᱟᱨᱮ ᱢᱮᱱᱟᱜᱼᱟ?	हवाई अड्डा कहाँ है?
ᱥᱟᱹᱜᱩᱱ ᱧᱤᱫᱟᱹ	शुभ रात्रि
ᱟᱢ ᱚᱠᱟ ᱨᱮᱱ ᱠᱟᱱᱟᱢ?	आप कहाँ से हैं?
मदद	ᱜᱚᱲᱚ
शुक्रवार	ᱡᱟᱹᱨᱩᱢ ᱢᱟᱦᱟᱸ
मेरे पास पंद्रह अमरूद हैं।	ᱤᱧ ᱴᱷᱮᱱ ᱜᱮᱞ ᱢᱚᱬᱮ ᱜᱚᱴᱟᱝ ᱟᱢᱨᱩᱫ ᱢᱮᱱᱟᱜᱼᱟ ᱠᱚᱣᱟ।
क्या यह दिन अच्छा है?	ᱪᱮᱫ ᱱᱚᱣᱟ ᱫᱤᱱ ᱱᱟᱯᱟᱭ ᱠᱟᱱᱟ?
मेरे पास दस पेंसिल हैं।	ᱤᱧ ᱴᱷᱮᱱ ᱜᱮᱞ ᱜᱚᱴᱟᱝ ᱯᱮᱱᱥᱤᱞ ᱢᱮᱱᱟᱜᱼᱟ ᱠᱚᱣᱟ।
मेरे पास सौ मुर्गी हैं।	ᱤᱧ ᱴᱷᱮᱱ ᱢᱤᱫ ᱥᱟᱭ ᱜᱚᱴᱟᱝ ᱢᱩᱠᱨᱤ ᱢᱮᱱᱟᱜᱼᱟ ᱠᱚᱣᱟ।
मेरे पास आठ पानी हैं।	ᱤᱧ ᱴᱷᱮᱱ ᱤᱨᱟᱹᱞ ᱜᱚᱴᱟᱝ ᱫᱟᱜ ᱢᱮᱱᱟᱜᱼᱟ ᱠᱚᱣᱟ।
मेरे पास पंद्रह नमक हैं।	ᱤᱧ ᱴᱷᱮᱱ ᱜᱮᱞ ᱢᱚᱬᱮ ᱜᱚᱴᱟᱝ ᱱᱩᱱ ᱢᱮᱱᱟᱜᱼᱟ ᱠᱚᱣᱟ।
मेरे पास अठारह पानी हैं।	ᱤᱧ ᱴᱷᱮᱱ ᱜᱮᱞ ᱤᱨᱟᱹᱞ ᱜᱚᱴᱟᱝ ᱫᱟᱜ ᱢᱮᱱᱟᱜᱼᱟ ᱠᱚᱣᱟ।
मेरे पास दस चावल हैं।	ᱤᱧ ᱴᱷᱮᱱ ᱜᱮᱞ ᱜᱚᱴᱟᱝ ᱪᱟᱣᱞ ᱢᱮᱱᱟᱜᱼᱟ ᱠᱚᱣᱟ।
मेरे पास नौ कॉफ़ी हैं।	ᱤᱧ ᱴᱷᱮᱱ ᱟᱨᱮ ᱜᱚᱴᱟᱝ ᱠᱚᱯᱷᱤ ᱢᱮᱱᱟᱜᱼᱟ ᱠᱚᱣᱟ।
मेरे पास छः पानी हैं।	ᱤᱧ ᱴᱷᱮᱱ ᱛᱩᱨᱩᱭ ᱜᱚᱴᱟᱝ ᱫᱟᱜ ᱢᱮᱱᱟᱜᱼᱟ ᱠᱚᱣᱟ।
मेरे पास दस सूरज हैं।	ᱤᱧ ᱴᱷᱮᱱ ᱜᱮᱞ ᱜᱚᱴᱟᱝ ᱥᱩᱯ ᱢᱮᱱᱟᱜᱼᱟ ᱠᱚᱣᱟ।
मेरे पास तीस सात पेंसिल हैं।	ᱤᱧ ᱴᱷᱮᱱ ᱯᱮ ᱜᱮᱞ ᱮᱭᱟᱭ ᱜᱚᱴᱟᱝ ᱯᱮᱱᱥᱤᱞ ᱢᱮᱱᱟᱜᱼᱟ ᱠᱚᱣᱟ।
मेरे पास बारह पेन हैं।	ᱤᱧ ᱴᱷᱮᱱ ᱜᱮᱞ ᱵᱟᱨ ᱜᱚᱴᱟᱝ ᱯᱮᱱ ᱢᱮᱱᱟᱜᱼᱟ ᱠᱚᱣᱟ।
मेरे पास आठ मुर्गी हैं।	ᱤᱧ ᱴᱷᱮᱱ ᱤᱨᱟᱹᱞ ᱜᱚᱴᱟᱝ ᱢᱩᱠᱨᱤ ᱢᱮᱱᱟᱜᱼᱟ ᱠᱚᱣᱟ।
मेरे पास सौ कॉफ़ी हैं।	ᱤᱧ ᱴᱷᱮᱱ ᱢᱤᱫ ᱥᱟᱭ ᱜᱚᱴᱟᱝ ᱠᱚᱯᱷᱤ ᱢᱮᱱᱟᱜᱼᱟ ᱠᱚᱣᱟ।
मेरे पास छः हाथी हैं।	ᱤᱧ ᱴᱷᱮᱱ ᱛᱩᱨᱩᱭ ᱜᱚᱴᱟᱝ ᱦᱟᱛᱤ ᱢᱮᱱᱟᱜᱼᱟ ᱠᱚᱣᱟ।
मेरे पास सोलह मुर्गी हैं।	ᱤᱧ ᱴᱷᱮᱱ ᱜᱮᱞ ᱛᱩᱨᱩᱭ ᱜᱚᱴᱟᱝ ᱢᱩᱠᱨᱤ ᱢᱮᱱᱟᱜᱼᱟ ᱠᱚᱣᱟ।
मेरे पास चौदह पानी हैं।	ᱤᱧ ᱴᱷᱮᱱ ᱜᱮᱞ ᱯᱩᱱ ᱜᱚᱴᱟᱝ ᱫᱟᱜ ᱢᱮᱱᱟᱜᱼᱟ ᱠᱚᱣᱟ।
मेरे पास छः तेल हैं।	ᱤᱧ ᱴᱷᱮᱱ ᱛᱩᱨᱩᱭ ᱜᱚᱴᱟᱝ ᱛᱮᱞ ᱢᱮᱱᱟᱜᱼᱟ ᱠᱚᱣᱟ।
मेरे पास दस साँप हैं।	ᱤᱧ ᱴᱷᱮᱱ ᱜᱮᱞ ᱜᱚᱴᱟᱝ ᱥᱟᱸᱯ ᱢᱮᱱᱟᱜᱼᱟ ᱠᱚᱣᱟ।
मेरे पास पाँच मछली हैं।	ᱤᱧ ᱴᱷᱮᱱ ᱢᱚᱬᱮ ᱜᱚᱴᱟᱝ ᱢᱟᱪᱷᱤ ᱢᱮᱱᱟᱜᱼᱟ ᱠᱚᱣᱟ।
मेरे पास दस कुर्सी हैं।	ᱤᱧ ᱴᱷᱮᱱ ᱜᱮᱞ ᱜᱚᱴᱟᱝ ᱠᱩᱨᱥᱤ ᱢᱮᱱᱟᱜᱼᱟ ᱠᱚᱣᱟ।
क्या यह सप्ताह अच्छा है?	ᱪᱮᱫ ᱱᱚᱣᱟ ᱦᱟᱯᱛᱟ ᱱᱟᱯᱟᱭ ᱠᱟᱱᱟ?
मेरे पास सात चीनी हैं।	ᱤᱧ ᱴᱷᱮᱱ ᱮᱭᱟᱭ ᱜᱚᱴᱟᱝ ᱪᱤᱱᱤ ᱢᱮᱱᱟᱜᱼᱟ ᱠᱚᱣᱟ।
मेरे पास चौदह कॉफ़ी हैं।	ᱤᱧ ᱴᱷᱮᱱ ᱜᱮᱞ ᱯᱩᱱ ᱜᱚᱴᱟᱝ ᱠᱚᱯᱷᱤ ᱢᱮᱱᱟᱜᱼᱟ ᱠᱚᱣᱟ।
क्या यह पेन अच्छा है?	ᱪᱮᱫ ᱱᱚᱣᱟ ᱯᱮᱱ ᱱᱟᱯᱟᱭ ᱠᱟᱱᱟ?
मेरे पास पाँच तेल हैं।	ᱤᱧ ᱴᱷᱮᱱ ᱢᱚᱬᱮ ᱜᱚᱴᱟᱝ ᱛᱮᱞ ᱢᱮᱱᱟᱜᱼᱟ ᱠᱚᱣᱟ।
मेरे पास सात सब्ज़ी हैं।	ᱤᱧ ᱴᱷᱮᱱ ᱮᱭᱟᱭ ᱜᱚᱴᱟᱝ ᱥᱚᱵᱽᱡᱤ ᱢᱮᱱᱟᱜᱼᱟ ᱠᱚᱣᱟ।
मेरे पास पाँच अमरूद हैं।	ᱤᱧ ᱴᱷᱮᱱ ᱢᱚᱬᱮ ᱜᱚᱴᱟᱝ ᱟᱢᱨᱩᱫ ᱢᱮᱱᱟᱜᱼᱟ ᱠᱚᱣᱟ।
मेरे पास पाँच ब्लैकबोर्ड हैं।	ᱤᱧ ᱴᱷᱮᱱ ᱢᱚᱬᱮ ᱜᱚᱴᱟᱝ ᱵᱞᱟᱠᱵᱚᱨᱰ ᱢᱮᱱᱟᱜᱼᱟ ᱠᱚᱣᱟ।
मेरे पास पाँच कॉफ़ी हैं।	ᱤᱧ ᱴᱷᱮᱱ ᱢᱚᱬᱮ ᱜᱚᱴᱟᱝ ᱠᱚᱯᱷᱤ ᱢᱮᱱᱟᱜᱼᱟ ᱠᱚᱣᱟ।
मेरे पास बारह पानी हैं।	ᱤᱧ ᱴᱷᱮᱱ ᱜᱮᱞ ᱵᱟᱨ ᱜᱚᱴᱟᱝ ᱫᱟᱜ ᱢᱮᱱᱟᱜᱼᱟ ᱠᱚᱣᱟ।
मेरे पास पंद्रह सब्ज़ी हैं।	ᱤᱧ ᱴᱷᱮᱱ ᱜᱮᱞ ᱢᱚᱬᱮ ᱜᱚᱴᱟᱝ ᱥᱚᱵᱽᱡᱤ ᱢᱮᱱᱟᱜᱼᱟ ᱠᱚᱣᱟ।
मेरे पास पंद्रह मछली हैं।	ᱤᱧ ᱴᱷᱮᱱ ᱜᱮᱞ ᱢᱚᱬᱮ ᱜᱚᱴᱟᱝ ᱢᱟᱪᱷᱤ ᱢᱮᱱᱟᱜᱼᱟ ᱠᱚᱣᱟ।
मेरे पास तेरह पानी हैं।	ᱤᱧ ᱴᱷᱮᱱ ᱜᱮᱞ ᱯᱮ ᱜᱚᱴᱟᱝ ᱫᱟᱜ ᱢᱮᱱᱟᱜᱼᱟ ᱠᱚᱣᱟ।
मेरे पास दस तेल हैं।	ᱤᱧ ᱴᱷᱮᱱ ᱜᱮᱞ ᱜᱚᱴᱟᱝ ᱛᱮᱞ ᱢᱮᱱᱟᱜᱼᱟ ᱠᱚᱣᱟ।
मेरे पास सात काग़ज़ हैं।	ᱤᱧ ᱴᱷᱮᱱ ᱮᱭᱟᱭ ᱜᱚᱴᱟᱝ ᱠᱟᱜᱚᱡᱽ ᱢᱮᱱᱟᱜᱼᱟ ᱠᱚᱣᱟ।
मेरे पास नौ पेन हैं।	ᱤᱧ ᱴᱷᱮᱱ ᱟᱨᱮ ᱜᱚᱴᱟᱝ ᱯᱮᱱ ᱢᱮᱱᱟᱜᱼᱟ ᱠᱚᱣᱟ।
मेरे पास पंद्रह नारियल हैं।	ᱤᱧ ᱴᱷᱮᱱ ᱜᱮᱞ ᱢᱚᱬᱮ ᱜᱚᱴᱟᱝ ᱱᱟᱨᱤᱭᱟᱞ ᱢᱮᱱᱟᱜᱼᱟ ᱠᱚᱣᱟ।
मेरे पास दस पानी हैं।	ᱤᱧ ᱴᱷᱮᱱ ᱜᱮᱞ ᱜᱚᱴᱟᱝ ᱫᱟᱜ ᱢᱮᱱᱟᱜᱼᱟ ᱠᱚᱣᱟ।
मेरे पास सत्तर पेंसिल हैं।	ᱤᱧ ᱴᱷᱮᱱ ᱮᱭᱟᱭ ᱜᱮᱞ ᱜᱚᱴᱟᱝ ᱯᱮᱱᱥᱤᱞ ᱢᱮᱱᱟᱜᱼᱟ ᱠᱚᱣᱟ।
मेरे पास पंद्रह कुर्सी हैं।	ᱤᱧ ᱴᱷᱮᱱ ᱜᱮᱞ ᱢᱚᱬᱮ ᱜᱚᱴᱟᱝ ᱠᱩᱨᱥᱤ ᱢᱮᱱᱟᱜᱼᱟ ᱠᱚᱣᱟ।
मेरे पास सात सेब हैं।	ᱤᱧ ᱴᱷᱮᱱ ᱮᱭᱟᱭ ᱜᱚᱴᱟᱝ ᱥᱮᱯ ᱢᱮᱱᱟᱜᱼᱟ ᱠᱚᱣᱟ।
क्या यह नदी अच्छा है?	ᱪᱮᱫ ᱱᱚᱣᱟ ᱱᱟᱹᱭ ᱱᱟᱯᱟᱭ ᱠᱟᱱᱟ?
मेरे पास सात केला हैं।	ᱤᱧ ᱴᱷᱮᱱ ᱮᱭᱟᱭ ᱜᱚᱴᱟᱝ ᱠᱮᱞᱟ ᱢᱮᱱᱟᱜᱼᱟ ᱠᱚᱣᱟ।
मेरे पास नौ मुर्गी हैं।	ᱤᱧ ᱴᱷᱮᱱ ᱟᱨᱮ ᱜᱚᱴᱟᱝ ᱢᱩᱠᱨᱤ ᱢᱮᱱᱟᱜᱼᱟ ᱠᱚᱣᱟ।
मेरे पास पाँच मुर्गी हैं।	ᱤᱧ ᱴᱷᱮᱱ ᱢᱚᱬᱮ ᱜᱚᱴᱟᱝ ᱢᱩᱠᱨᱤ ᱢᱮᱱᱟᱜᱼᱟ ᱠᱚᱣᱟ।
मेरे पास दस दूध हैं।	ᱤᱧ ᱴᱷᱮᱱ ᱜᱮᱞ ᱜᱚᱴᱟᱝ ᱫᱩᱫᱷ ᱢᱮᱱᱟᱜᱼᱟ ᱠᱚᱣᱟ।
मेरे पास तीस पेंसिल हैं।	ᱤᱧ ᱴᱷᱮᱱ ᱯᱮ ᱜᱮᱞ ᱜᱚᱴᱟᱝ ᱯᱮᱱᱥᱤᱞ ᱢᱮᱱᱟᱜᱼᱟ ᱠᱚᱣᱟ।
मेरे पास तीस मुर्गी हैं।	ᱤᱧ ᱴᱷᱮᱱ ᱯᱮ ᱜᱮᱞ ᱜᱚᱴᱟᱝ ᱢᱩᱠᱨᱤ ᱢᱮᱱᱟᱜᱼᱟ ᱠᱚᱣᱟ।
मेरे पास पाँच सेब हैं।	ᱤᱧ ᱴᱷᱮᱱ ᱢᱚᱬᱮ ᱜᱚᱴᱟᱝ ᱥᱮᱯ ᱢᱮᱱᱟᱜᱼᱟ ᱠᱚᱣᱟ।
मेरे पास छः नारियल हैं।	ᱤᱧ ᱴᱷᱮᱱ ᱛᱩᱨᱩᱭ ᱜᱚᱴᱟᱝ ᱱᱟᱨᱤᱭᱟᱞ ᱢᱮᱱᱟᱜᱼᱟ ᱠᱚᱣᱟ।
मेरे पास तीस छः अक्षर हैं।	ᱤᱧ ᱴᱷᱮᱱ ᱯᱮ ᱜᱮᱞ ᱛᱩᱨᱩᱭ ᱜᱚᱴᱟᱝ ᱚᱠᱷᱚᱨ ᱢᱮᱱᱟᱜᱼᱟ ᱠᱚᱣᱟ।
मेरे पास सात किताब हैं।	ᱤᱧ ᱴᱷᱮᱱ ᱮᱭᱟᱭ ᱜᱚᱴᱟᱝ ᱯᱚᱛᱚᱢ ᱢᱮᱱᱟᱜᱼᱟ ᱠᱚᱣᱟ।
मेरे पास सात मेज़ हैं।	ᱤᱧ ᱴᱷᱮᱱ ᱮᱭᱟᱭ ᱜᱚᱴᱟᱝ ᱴᱮᱵᱩᱞ ᱢᱮᱱᱟᱜᱼᱟ ᱠᱚᱣᱟ।
मेरे पास सोलह कॉफ़ी हैं।	ᱤᱧ ᱴᱷᱮᱱ ᱜᱮᱞ ᱛᱩᱨᱩᱭ ᱜᱚᱴᱟᱝ ᱠᱚᱯᱷᱤ ᱢᱮᱱᱟᱜᱼᱟ ᱠᱚᱣᱟ।
मेरे पास पंद्रह सेब हैं।	ᱤᱧ ᱴᱷᱮᱱ ᱜᱮᱞ ᱢᱚᱬᱮ ᱜᱚᱴᱟᱝ ᱥᱮᱯ ᱢᱮᱱᱟᱜᱼᱟ ᱠᱚᱣᱟ।
मेरे पास सत्रह पानी हैं।	ᱤᱧ ᱴᱷᱮᱱ ᱜᱮᱞ ᱮᱭᱟᱭ ᱜᱚᱴᱟᱝ ᱫᱟᱜ ᱢᱮᱱᱟᱜᱼᱟ ᱠᱚᱣᱟ।
मेरे पास छः चाय हैं।	ᱤᱧ ᱴᱷᱮᱱ ᱛᱩᱨᱩᱭ ᱜᱚᱴᱟᱝ ᱪᱟ ᱢᱮᱱᱟᱜᱼᱟ ᱠᱚᱣᱟ।
मेरे पास चार पेंसिल हैं।	ᱤᱧ ᱴᱷᱮᱱ ᱯᱩᱱ ᱜᱚᱴᱟᱝ ᱯᱮᱱᱥᱤᱞ ᱢᱮᱱᱟᱜᱼᱟ ᱠᱚᱣᱟ।
मेरे पास ग्यारह पेंसिल हैं।	ᱤᱧ ᱴᱷᱮᱱ ᱜᱮᱞ ᱢᱤᱫ ᱜᱚᱴᱟᱝ ᱯᱮᱱᱥᱤᱞ ᱢᱮᱱᱟᱜᱼᱟ ᱠᱚᱣᱟ।
मेरे पास तीस दो पेंसिल हैं।	ᱤᱧ ᱴᱷᱮᱱ ᱯᱮ ᱜᱮᱞ ᱵᱟᱨ ᱜᱚᱴᱟᱝ ᱯᱮᱱᱥᱤᱞ ᱢᱮᱱᱟᱜᱼᱟ ᱠᱚᱣᱟ।
मेरे पास पाँच आम हैं।	ᱤᱧ ᱴᱷᱮᱱ ᱢᱚᱬᱮ ᱜᱚᱴᱟᱝ ᱟᱢ ᱢᱮᱱᱟᱜᱼᱟ ᱠᱚᱣᱟ।
क्या यह आदमी अच्छा है?	ᱪᱮᱫ ᱱᱚᱣᱟ ᱦᱚᱲ ᱱᱟᱯᱟᱭ ᱠᱟᱱᱟ?
मेरे पास चालीस पाँच पानी हैं।	ᱤᱧ ᱴᱷᱮᱱ ᱯᱩᱱ ᱜᱮᱞ ᱢᱚᱬᱮ ᱜᱚᱴᱟᱝ ᱫᱟᱜ ᱢᱮᱱᱟᱜᱼᱟ ᱠᱚᱣᱟ।
मेरे पास सात शब्द हैं।	ᱤᱧ ᱴᱷᱮᱱ ᱮᱭᱟᱭ ᱜᱚᱴᱟᱝ ᱥᱚᱵᱚᱫ ᱢᱮᱱᱟᱜᱼᱟ ᱠᱚᱣᱟ।
मेरे पास चार पानी हैं।	ᱤᱧ ᱴᱷᱮᱱ ᱯᱩᱱ ᱜᱚᱴᱟᱝ ᱫᱟᱜ ᱢᱮᱱᱟᱜᱼᱟ ᱠᱚᱣᱟ।
क्या यह दोस्त अच्छा है?	ᱪᱮᱫ ᱱᱚᱣᱟ ᱜᱟᱛᱮ ᱱᱟᱯᱟᱭ ᱠᱟᱱᱟ?
मेरे पास बीस पाँच पानी हैं।	ᱤᱧ ᱴᱷᱮᱱ ᱠᱩᱲᱤ ᱢᱚᱬᱮ ᱜᱚᱴᱟᱝ ᱫᱟᱜ ᱢᱮᱱᱟᱜᱼᱟ ᱠᱚᱣᱟ।
मेरे पास आठ पेंसिल हैं।	ᱤᱧ ᱴᱷᱮᱱ ᱤᱨᱟᱹᱞ ᱜᱚᱴᱟᱝ ᱯᱮᱱᱥᱤᱞ ᱢᱮᱱᱟᱜᱼᱟ ᱠᱚᱣᱟ।
मेरे पास दस शब्द हैं।	ᱤᱧ ᱴᱷᱮᱱ ᱜᱮᱞ ᱜᱚᱴᱟᱝ ᱥᱚᱵᱚᱫ ᱢᱮᱱᱟᱜᱼᱟ ᱠᱚᱣᱟ।
मेरे पास बीस छः पेंसिल हैं।	ᱤᱧ ᱴᱷᱮᱱ ᱠᱩᱲᱤ ᱛᱩᱨᱩᱭ ᱜᱚᱴᱟᱝ ᱯᱮᱱᱥᱤᱞ ᱢᱮᱱᱟᱜᱼᱟ ᱠᱚᱣᱟ।
मेरे पास सात अंडा हैं।	ᱤᱧ ᱴᱷᱮᱱ ᱮᱭᱟᱭ ᱜᱚᱴᱟᱝ ᱟᱱᱫᱟ ᱢᱮᱱᱟᱜᱼᱟ ᱠᱚᱣᱟ।
मेरे पास दस सेब हैं।	ᱤᱧ ᱴᱷᱮᱱ ᱜᱮᱞ ᱜᱚᱴᱟᱝ ᱥᱮᱯ ᱢᱮᱱᱟᱜᱼᱟ ᱠᱚᱣᱟ।
मेरे पास छः चावल हैं।	ᱤᱧ ᱴᱷᱮᱱ ᱛᱩᱨᱩᱭ ᱜᱚᱴᱟᱝ ᱪᱟᱣᱞ ᱢᱮᱱᱟᱜᱼᱟ ᱠᱚᱣᱟ।
मेरे पास तीस आठ हाथी हैं।	ᱤᱧ ᱴᱷᱮᱱ ᱯᱮ ᱜᱮᱞ ᱤᱨᱟᱹᱞ ᱜᱚᱴᱟᱝ ᱦᱟᱛᱤ ᱢᱮᱱᱟᱜᱼᱟ ᱠᱚᱣᱟ।
मेरे पास पंद्रह बकरी हैं।	ᱤᱧ ᱴᱷᱮᱱ ᱜᱮᱞ ᱢᱚᱬᱮ ᱜᱚᱴᱟᱝ ᱵᱚᱠᱨᱟ ᱢᱮᱱᱟᱜᱼᱟ ᱠᱚᱣᱟ।
मेरे पास पाँच अक्षर हैं।	ᱤᱧ ᱴᱷᱮᱱ ᱢᱚᱬᱮ ᱜᱚᱴᱟᱝ ᱚᱠᱷᱚᱨ ᱢᱮᱱᱟᱜᱼᱟ ᱠᱚᱣᱟ।
मेरे पास सात नारियल हैं।	ᱤᱧ ᱴᱷᱮᱱ ᱮᱭᱟᱭ ᱜᱚᱴᱟᱝ ᱱᱟᱨᱤᱭᱟᱞ ᱢᱮᱱᱟᱜᱼᱟ ᱠᱚᱣᱟ।
मेरे पास तीस तीन पेंसिल हैं।	ᱤᱧ ᱴᱷᱮᱱ ᱯᱮ ᱜᱮᱞ ᱯᱮ ᱜᱚᱴᱟᱝ ᱯᱮᱱᱥᱤᱞ ᱢᱮᱱᱟᱜᱼᱟ ᱠᱚᱣᱟ।
मेरे पास पाँच मेज़ हैं।	ᱤᱧ ᱴᱷᱮᱱ ᱢᱚᱬᱮ ᱜᱚᱴᱟᱝ ᱴᱮᱵᱩᱞ ᱢᱮᱱᱟᱜᱼᱟ ᱠᱚᱣᱟ।
मेरे पास छः अमरूद हैं।	ᱤᱧ ᱴᱷᱮᱱ ᱛᱩᱨᱩᱭ ᱜᱚᱴᱟᱝ ᱟᱢᱨᱩᱫ ᱢᱮᱱᱟᱜᱼᱟ ᱠᱚᱣᱟ।
मेरे पास सात दूध हैं।	ᱤᱧ ᱴᱷᱮᱱ ᱮᱭᱟᱭ ᱜᱚᱴᱟᱝ ᱫᱩᱫᱷ ᱢᱮᱱᱟᱜᱼᱟ ᱠᱚᱣᱟ।
मेरे पास बारह पेंसिल हैं।	ᱤᱧ ᱴᱷᱮᱱ ᱜᱮᱞ ᱵᱟᱨ ᱜᱚᱴᱟᱝ ᱯᱮᱱᱥᱤᱞ ᱢᱮᱱᱟᱜᱼᱟ ᱠᱚᱣᱟ।
मेरे पास चालीस सात पानी हैं।	ᱤᱧ ᱴᱷᱮᱱ ᱯᱩᱱ ᱜᱮᱞ ᱮᱭᱟᱭ ᱜᱚᱴᱟᱝ ᱫᱟᱜ ᱢᱮᱱᱟᱜᱼᱟ ᱠᱚᱣᱟ।
मेरे पास चालीस आठ पानी हैं।	ᱤᱧ ᱴᱷᱮᱱ ᱯᱩᱱ ᱜᱮᱞ ᱤᱨᱟᱹᱞ ᱜᱚᱴᱟᱝ ᱫᱟᱜ ᱢᱮᱱᱟᱜᱼᱟ ᱠᱚᱣᱟ।
मेरे पास दस घोड़ा हैं।	ᱤᱧ ᱴᱷᱮᱱ ᱜᱮᱞ ᱜᱚᱴᱟᱝ ᱜᱷᱚᱲᱟ ᱢᱮᱱᱟᱜᱼᱟ ᱠᱚᱣᱟ।
मेरे पास सात मछली हैं।	ᱤᱧ ᱴᱷᱮᱱ ᱮᱭᱟᱭ ᱜᱚᱴᱟᱝ ᱢᱟᱪᱷᱤ ᱢᱮᱱᱟᱜᱼᱟ ᱠᱚᱣᱟ।
मेरे पास सात चिड़िया हैं।	ᱤᱧ ᱴᱷᱮᱱ ᱮᱭᱟᱭ ᱜᱚᱴᱟᱝ ᱪᱤᱲᱤᱡ ᱢᱮᱱᱟᱜᱼᱟ ᱠᱚᱣᱟ।
मेरे पास पंद्रह ब्लैकबोर्ड हैं।	ᱤᱧ ᱴᱷᱮᱱ ᱜᱮᱞ ᱢᱚᱬᱮ ᱜᱚᱴᱟᱝ ᱵᱞᱟᱠᱵᱚᱨᱰ ᱢᱮᱱᱟᱜᱼᱟ ᱠᱚᱣᱟ।
मेरे पास पाँच घोड़ा हैं।	ᱤᱧ ᱴᱷᱮᱱ ᱢᱚᱬᱮ ᱜᱚᱴᱟᱝ ᱜᱷᱚᱲᱟ ᱢᱮᱱᱟᱜᱼᱟ ᱠᱚᱣᱟ।
मेरे पास पाँच काग़ज़ हैं।	ᱤᱧ ᱴᱷᱮᱱ ᱢᱚᱬᱮ ᱜᱚᱴᱟᱝ ᱠᱟᱜᱚᱡᱽ ᱢᱮᱱᱟᱜᱼᱟ ᱠᱚᱣᱟ।
मेरे पास सात नमक हैं।	ᱤᱧ ᱴᱷᱮᱱ ᱮᱭᱟᱭ ᱜᱚᱴᱟᱝ ᱱᱩᱱ ᱢᱮᱱᱟᱜᱼᱟ ᱠᱚᱣᱟ।
मेरे पास पंद्रह हाथी हैं।	ᱤᱧ ᱴᱷᱮᱱ ᱜᱮᱞ ᱢᱚᱬᱮ ᱜᱚᱴᱟᱝ ᱦᱟᱛᱤ ᱢᱮᱱᱟᱜᱼᱟ ᱠᱚᱣᱟ।
मेरे पास सात कुर्सी हैं।	ᱤᱧ ᱴᱷᱮᱱ ᱮᱭᱟᱭ ᱜᱚᱴᱟᱝ ᱠᱩᱨᱥᱤ ᱢᱮᱱᱟᱜᱼᱟ ᱠᱚᱣᱟ।
मेरे पास पंद्रह पेंसिल हैं।	ᱤᱧ ᱴᱷᱮᱱ ᱜᱮᱞ ᱢᱚᱬᱮ ᱜᱚᱴᱟᱝ ᱯᱮᱱᱥᱤᱞ ᱢᱮᱱᱟᱜᱼᱟ ᱠᱚᱣᱟ।
मेरे पास सात बंदर हैं।	ᱤᱧ ᱴᱷᱮᱱ ᱮᱭᱟᱭ ᱜᱚᱴᱟᱝ ᱵᱟᱸᱫᱚᱨ ᱢᱮᱱᱟᱜᱼᱟ ᱠᱚᱣᱟ।
मेरे पास पंद्रह शब्द हैं।	ᱤᱧ ᱴᱷᱮᱱ ᱜᱮᱞ ᱢᱚᱬᱮ ᱜᱚᱴᱟᱝ ᱥᱚᱵᱚᱫ ᱢᱮᱱᱟᱜᱼᱟ ᱠᱚᱣᱟ।
मेरे पास पाँच पानी हैं।	ᱤᱧ ᱴᱷᱮᱱ ᱢᱚᱬᱮ ᱜᱚᱴᱟᱝ ᱫᱟᱜ ᱢᱮᱱᱟᱜᱼᱟ ᱠᱚᱣᱟ।
क्या यह भाषा अच्छा है?	ᱪᱮᱫ ᱱᱚᱣᱟ ᱯᱟᱹᱨᱥᱤ ᱱᱟᱯᱟᱭ ᱠᱟᱱᱟ?
क्या यह मुर्गी अच्छा है?	ᱪᱮᱫ ᱱᱚᱣᱟ ᱢᱩᱠᱨᱤ ᱱᱟᱯᱟᱭ ᱠᱟᱱᱟ?
मेरे पास दस किताब हैं।	ᱤᱧ ᱴᱷᱮᱱ ᱜᱮᱞ ᱜᱚᱴᱟᱝ ᱯᱚᱛᱚᱢ ᱢᱮᱱᱟᱜᱼᱟ ᱠᱚᱣᱟ।
क्या यह खेल अच्छा है?	ᱪᱮᱫ ᱱᱚᱣᱟ ᱠᱷᱮᱞ ᱱᱟᱯᱟᱭ ᱠᱟᱱᱟ?
मेरे पास पंद्रह चीनी हैं।	ᱤᱧ ᱴᱷᱮᱱ ᱜᱮᱞ ᱢᱚᱬᱮ ᱜᱚᱴᱟᱝ ᱪᱤᱱᱤ ᱢᱮᱱᱟᱜᱼᱟ ᱠᱚᱣᱟ।
मेरे पास तीस पेन हैं।	ᱤᱧ ᱴᱷᱮᱱ ᱯᱮ ᱜᱮᱞ ᱜᱚᱴᱟᱝ ᱯᱮᱱ ᱢᱮᱱᱟᱜᱼᱟ ᱠᱚᱣᱟ।
मेरे पास पाँच साँप हैं।	ᱤᱧ ᱴᱷᱮᱱ ᱢᱚᱬᱮ ᱜᱚᱴᱟᱝ ᱥᱟᱸᱯ ᱢᱮᱱᱟᱜᱼᱟ ᱠᱚᱣᱟ।
मेरे पास दस चीनी हैं।	ᱤᱧ ᱴᱷᱮᱱ ᱜᱮᱞ ᱜᱚᱴᱟᱝ ᱪᱤᱱᱤ ᱢᱮᱱᱟᱜᱼᱟ ᱠᱚᱣᱟ।
मेरे पास आठ कॉफ़ी हैं।	ᱤᱧ ᱴᱷᱮᱱ ᱤᱨᱟᱹᱞ ᱜᱚᱴᱟᱝ ᱠᱚᱯᱷᱤ ᱢᱮᱱᱟᱜᱼᱟ ᱠᱚᱣᱟ।
मेरे पास चौदह पेन हैं।	ᱤᱧ ᱴᱷᱮᱱ ᱜᱮᱞ ᱯᱩᱱ ᱜᱚᱴᱟᱝ ᱯᱮᱱ ᱢᱮᱱᱟᱜᱼᱟ ᱠᱚᱣᱟ।
मेरे पास पंद्रह बंदर हैं।	ᱤᱧ ᱴᱷᱮᱱ ᱜᱮᱞ ᱢᱚᱬᱮ ᱜᱚᱴᱟᱝ ᱵᱟᱸᱫᱚᱨ ᱢᱮᱱᱟᱜᱼᱟ ᱠᱚᱣᱟ।
मेरे पास चालीस तीन मुर्गी हैं।	ᱤᱧ ᱴᱷᱮᱱ ᱯᱩᱱ ᱜᱮᱞ ᱯᱮ ᱜᱚᱴᱟᱝ ᱢᱩᱠᱨᱤ ᱢᱮᱱᱟᱜᱼᱟ ᱠᱚᱣᱟ।
मेरे पास पंद्रह दाल हैं।	ᱤᱧ ᱴᱷᱮᱱ ᱜᱮᱞ ᱢᱚᱬᱮ ᱜᱚᱴᱟᱝ ᱫᱟᱞ ᱢᱮᱱᱟᱜᱼᱟ ᱠᱚᱣᱟ।
मेरे पास पंद्रह अक्षर हैं।	ᱤᱧ ᱴᱷᱮᱱ ᱜᱮᱞ ᱢᱚᱬᱮ ᱜᱚᱴᱟᱝ ᱚᱠᱷᱚᱨ ᱢᱮᱱᱟᱜᱼᱟ ᱠᱚᱣᱟ।
क्या यह बाज़ार अच्छा है?	ᱪᱮᱫ ᱱᱚᱣᱟ ᱵᱟᱡᱟᱨ ᱱᱟᱯᱟᱭ ᱠᱟᱱᱟ?
मेरे पास साठ पेंसिल हैं।	ᱤᱧ ᱴᱷᱮᱱ ᱛᱩᱨᱩᱭ ᱜᱮᱞ ᱜᱚᱴᱟᱝ ᱯᱮᱱᱥᱤᱞ ᱢᱮᱱᱟᱜᱼᱟ ᱠᱚᱣᱟ।
मेरे पास पाँच सब्ज़ी हैं।	ᱤᱧ ᱴᱷᱮᱱ ᱢᱚᱬᱮ ᱜᱚᱴᱟᱝ ᱥᱚᱵᱽᱡᱤ ᱢᱮᱱᱟᱜᱼᱟ ᱠᱚᱣᱟ।
क्या यह नर्स अच्छा है?	ᱪᱮᱫ ᱱᱚᱣᱟ ᱱᱟᱨᱥ ᱱᱟᱯᱟᱭ ᱠᱟᱱᱟ?
मेरे पास पंद्रह पानी हैं।	ᱤᱧ ᱴᱷᱮᱱ ᱜᱮᱞ ᱢᱚᱬᱮ ᱜᱚᱴᱟᱝ ᱫᱟᱜ ᱢᱮᱱᱟᱜᱼᱟ ᱠᱚᱣᱟ।
मेरे पास ग्यारह पानी हैं।	ᱤᱧ ᱴᱷᱮᱱ ᱜᱮᱞ ᱢᱤᱫ ᱜᱚᱴᱟᱝ ᱫᱟᱜ ᱢᱮᱱᱟᱜᱼᱟ ᱠᱚᱣᱟ।
मेरे पास पाँच केला हैं।	ᱤᱧ ᱴᱷᱮᱱ ᱢᱚᱬᱮ ᱜᱚᱴᱟᱝ ᱠᱮᱞᱟ ᱢᱮᱱᱟᱜᱼᱟ ᱠᱚᱣᱟ।
मेरे पास दस ब्लैकबोर्ड हैं।	ᱤᱧ ᱴᱷᱮᱱ ᱜᱮᱞ ᱜᱚᱴᱟᱝ ᱵᱞᱟᱠᱵᱚᱨᱰ ᱢᱮᱱᱟᱜᱼᱟ ᱠᱚᱣᱟ।
मेरे पास छः चीनी हैं।	ᱤᱧ ᱴᱷᱮᱱ ᱛᱩᱨᱩᱭ ᱜᱚᱴᱟᱝ ᱪᱤᱱᱤ ᱢᱮᱱᱟᱜᱼᱟ ᱠᱚᱣᱟ।
मेरे पास बीस सात पेंसिल हैं।	ᱤᱧ ᱴᱷᱮᱱ ᱠᱩᱲᱤ ᱮᱭᱟᱭ ᱜᱚᱴᱟᱝ ᱯᱮᱱᱥᱤᱞ ᱢᱮᱱᱟᱜᱼᱟ ᱠᱚᱣᱟ।
मेरे पास नौ पानी हैं।	ᱤᱧ ᱴᱷᱮᱱ ᱟᱨᱮ ᱜᱚᱴᱟᱝ ᱫᱟᱜ ᱢᱮᱱᱟᱜᱼᱟ ᱠᱚᱣᱟ।
मेरे पास पाँच शब्द हैं।	ᱤᱧ ᱴᱷᱮᱱ ᱢᱚᱬᱮ ᱜᱚᱴᱟᱝ ᱥᱚᱵᱚᱫ ᱢᱮᱱᱟᱜᱼᱟ ᱠᱚᱣᱟ।
क्या यह नाम अच्छा है?	ᱪᱮᱫ ᱱᱚᱣᱟ ᱧᱩᱛᱩᱢ ᱱᱟᱯᱟᱭ ᱠᱟᱱᱟ?
मेरे पास चार मुर्गी हैं।	ᱤᱧ ᱴᱷᱮᱱ ᱯᱩᱱ ᱜᱚᱴᱟᱝ ᱢᱩᱠᱨᱤ ᱢᱮᱱᱟᱜᱼᱟ ᱠᱚᱣᱟ।
मेरे पास पाँच नमक हैं।	ᱤᱧ ᱴᱷᱮᱱ ᱢᱚᱬᱮ ᱜᱚᱴᱟᱝ ᱱᱩᱱ ᱢᱮᱱᱟᱜᱼᱟ ᱠᱚᱣᱟ।
मेरे पास पाँच अंडा हैं।	ᱤᱧ ᱴᱷᱮᱱ ᱢᱚᱬᱮ ᱜᱚᱴᱟᱝ ᱟᱱᱫᱟ ᱢᱮᱱᱟᱜᱼᱟ ᱠᱚᱣᱟ।
क्या यह रात अच्छा है?	ᱪᱮᱫ ᱱᱚᱣᱟ ᱧᱤᱫᱟᱹ ᱱᱟᱯᱟᱭ ᱠᱟᱱᱟ?
मेरे पास सात बकरी हैं।	ᱤᱧ ᱴᱷᱮᱱ ᱮᱭᱟᱭ ᱜᱚᱴᱟᱝ ᱵᱚᱠᱨᱟ ᱢᱮᱱᱟᱜᱼᱟ ᱠᱚᱣᱟ।
मेरे पास चौदह पेंसिल हैं।	ᱤᱧ ᱴᱷᱮᱱ ᱜᱮᱞ ᱯᱩᱱ ᱜᱚᱴᱟᱝ ᱯᱮᱱᱥᱤᱞ ᱢᱮᱱᱟᱜᱼᱟ ᱠᱚᱣᱟ।
मेरे पास सात चाय हैं।	ᱤᱧ ᱴᱷᱮᱱ ᱮᱭᱟᱭ ᱜᱚᱴᱟᱝ ᱪᱟ ᱢᱮᱱᱟᱜᱼᱟ ᱠᱚᱣᱟ।
मेरे पास सात कॉफ़ी हैं।	ᱤᱧ ᱴᱷᱮᱱ ᱮᱭᱟᱭ ᱜᱚᱴᱟᱝ ᱠᱚᱯᱷᱤ ᱢᱮᱱᱟᱜᱼᱟ ᱠᱚᱣᱟ।
मेरे पास सत्रह पेंसिल हैं।	ᱤᱧ ᱴᱷᱮᱱ ᱜᱮᱞ ᱮᱭᱟᱭ ᱜᱚᱴᱟᱝ ᱯᱮᱱᱥᱤᱞ ᱢᱮᱱᱟᱜᱼᱟ ᱠᱚᱣᱟ।
मेरे पास पाँच चाय हैं।	ᱤᱧ ᱴᱷᱮᱱ ᱢᱚᱬᱮ ᱜᱚᱴᱟᱝ ᱪᱟ ᱢᱮᱱᱟᱜᱼᱟ ᱠᱚᱣᱟ।
मेरे पास पाँच नारियल हैं।	ᱤᱧ ᱴᱷᱮᱱ ᱢᱚᱬᱮ ᱜᱚᱴᱟᱝ ᱱᱟᱨᱤᱭᱟᱞ ᱢᱮᱱᱟᱜᱼᱟ ᱠᱚᱣᱟ।
मेरे पास सात अक्षर हैं।	ᱤᱧ ᱴᱷᱮᱱ ᱮᱭᱟᱭ ᱜᱚᱴᱟᱝ ᱚᱠᱷᱚᱨ ᱢᱮᱱᱟᱜᱼᱟ ᱠᱚᱣᱟ।
मेरे पास चौदह मुर्गी हैं।	ᱤᱧ ᱴᱷᱮᱱ ᱜᱮᱞ ᱯᱩᱱ ᱜᱚᱴᱟᱝ ᱢᱩᱠᱨᱤ ᱢᱮᱱᱟᱜᱼᱟ ᱠᱚᱣᱟ।
मेरे पास आठ पेन हैं।	ᱤᱧ ᱴᱷᱮᱱ ᱤᱨᱟᱹᱞ ᱜᱚᱴᱟᱝ ᱯᱮᱱ ᱢᱮᱱᱟᱜᱼᱟ ᱠᱚᱣᱟ।
मेरे पास दस भेड़ हैं।	ᱤᱧ ᱴᱷᱮᱱ ᱜᱮᱞ ᱜᱚᱴᱟᱝ ᱵᱷᱮᱲ ᱢᱮᱱᱟᱜᱼᱟ ᱠᱚᱣᱟ।
मेरे पास दस मछली हैं।	ᱤᱧ ᱴᱷᱮᱱ ᱜᱮᱞ ᱜᱚᱴᱟᱝ ᱢᱟᱪᱷᱤ ᱢᱮᱱᱟᱜᱼᱟ ᱠᱚᱣᱟ।
मेरे पास पंद्रह मेज़ हैं।	ᱤᱧ ᱴᱷᱮᱱ ᱜᱮᱞ ᱢᱚᱬᱮ ᱜᱚᱴᱟᱝ ᱴᱮᱵᱩᱞ ᱢᱮᱱᱟᱜᱼᱟ ᱠᱚᱣᱟ।
मेरे पास सात दाल हैं।	ᱤᱧ ᱴᱷᱮᱱ ᱮᱭᱟᱭ ᱜᱚᱴᱟᱝ ᱫᱟᱞ ᱢᱮᱱᱟᱜᱼᱟ ᱠᱚᱣᱟ।
मेरे पास दस कॉफ़ी हैं।	ᱤᱧ ᱴᱷᱮᱱ ᱜᱮᱞ ᱜᱚᱴᱟᱝ ᱠᱚᱯᱷᱤ ᱢᱮᱱᱟᱜᱼᱟ ᱠᱚᱣᱟ।
मेरे पास सात आम हैं।	ᱤᱧ ᱴᱷᱮᱱ ᱮᱭᱟᱭ ᱜᱚᱴᱟᱝ ᱟᱢ ᱢᱮᱱᱟᱜᱼᱟ ᱠᱚᱣᱟ।
मेरे पास दस मेज़ हैं।	ᱤᱧ ᱴᱷᱮᱱ ᱜᱮᱞ ᱜᱚᱴᱟᱝ ᱴᱮᱵᱩᱞ ᱢᱮᱱᱟᱜᱼᱟ ᱠᱚᱣᱟ।
मेरे पास सात हाथी हैं।	ᱤᱧ ᱴᱷᱮᱱ ᱮᱭᱟᱭ ᱜᱚᱴᱟᱝ ᱦᱟᱛᱤ ᱢᱮᱱᱟᱜᱼᱟ ᱠᱚᱣᱟ।
मेरे पास दस बंदर हैं।	ᱤᱧ ᱴᱷᱮᱱ ᱜᱮᱞ ᱜᱚᱴᱟᱝ ᱵᱟᱸᱫᱚᱨ ᱢᱮᱱᱟᱜᱼᱟ ᱠᱚᱣᱟ।
मेरे पास तीस सात हाथी हैं।	ᱤᱧ ᱴᱷᱮᱱ ᱯᱮ ᱜᱮᱞ ᱮᱭᱟᱭ ᱜᱚᱴᱟᱝ ᱦᱟᱛᱤ ᱢᱮᱱᱟᱜᱼᱟ ᱠᱚᱣᱟ।
मेरे पास दस अंडा हैं।	ᱤᱧ ᱴᱷᱮᱱ ᱜᱮᱞ ᱜᱚᱴᱟᱝ ᱟᱱᱫᱟ ᱢᱮᱱᱟᱜᱼᱟ ᱠᱚᱣᱟ।
मेरे पास दस काग़ज़ हैं।	ᱤᱧ ᱴᱷᱮᱱ ᱜᱮᱞ ᱜᱚᱴᱟᱝ ᱠᱟᱜᱚᱡᱽ ᱢᱮᱱᱟᱜᱼᱟ ᱠᱚᱣᱟ।
मेरे पास पाँच पेंसिल हैं।	ᱤᱧ ᱴᱷᱮᱱ ᱢᱚᱬᱮ ᱜᱚᱴᱟᱝ ᱯᱮᱱᱥᱤᱞ ᱢᱮᱱᱟᱜᱼᱟ ᱠᱚᱣᱟ।
मेरे पास पाँच चावल हैं।	ᱤᱧ ᱴᱷᱮᱱ ᱢᱚᱬᱮ ᱜᱚᱴᱟᱝ ᱪᱟᱣᱞ ᱢᱮᱱᱟᱜᱼᱟ ᱠᱚᱣᱟ।
मेरे पास सात पेंसिल हैं।	ᱤᱧ ᱴᱷᱮᱱ ᱮᱭᱟᱭ ᱜᱚᱴᱟᱝ ᱯᱮᱱᱥᱤᱞ ᱢᱮᱱᱟᱜᱼᱟ ᱠᱚᱣᱟ।
क्या यह समय अच्छा है?	ᱪᱮᱫ ᱱᱚᱣᱟ ᱚᱠᱛᱚ ᱱᱟᱯᱟᱭ ᱠᱟᱱᱟ?
मेरे पास पाँच चीनी हैं।	ᱤᱧ ᱴᱷᱮᱱ ᱢᱚᱬᱮ ᱜᱚᱴᱟᱝ ᱪᱤᱱᱤ ᱢᱮᱱᱟᱜᱼᱟ ᱠᱚᱣᱟ।
मेरे पास सात सूरज हैं।	ᱤᱧ ᱴᱷᱮᱱ ᱮᱭᱟᱭ ᱜᱚᱴᱟᱝ ᱥᱩᱯ ᱢᱮᱱᱟᱜᱼᱟ ᱠᱚᱣᱟ।
मेरे पास दस नारियल हैं।	ᱤᱧ ᱴᱷᱮᱱ ᱜᱮᱞ ᱜᱚᱴᱟᱝ ᱱᱟᱨᱤᱭᱟᱞ ᱢᱮᱱᱟᱜᱼᱟ ᱠᱚᱣᱟ।
मेरे पास बारह कॉफ़ी हैं।	ᱤᱧ ᱴᱷᱮᱱ ᱜᱮᱞ ᱵᱟᱨ ᱜᱚᱴᱟᱝ ᱠᱚᱯᱷᱤ ᱢᱮᱱᱟᱜᱼᱟ ᱠᱚᱣᱟ।
मेरे पास दस नमक हैं।	ᱤᱧ ᱴᱷᱮᱱ ᱜᱮᱞ ᱜᱚᱴᱟᱝ ᱱᱩᱱ ᱢᱮᱱᱟᱜᱼᱟ ᱠᱚᱣᱟ।
मेरे पास तीस दो पानी हैं।	ᱤᱧ ᱴᱷᱮᱱ ᱯᱮ ᱜᱮᱞ ᱵᱟᱨ ᱜᱚᱴᱟᱝ ᱫᱟᱜ ᱢᱮᱱᱟᱜᱼᱟ ᱠᱚᱣᱟ।
मेरे पास पाँच भेड़ हैं।	ᱤᱧ ᱴᱷᱮᱱ ᱢᱚᱬᱮ ᱜᱚᱴᱟᱝ ᱵᱷᱮᱲ ᱢᱮᱱᱟᱜᱼᱟ ᱠᱚᱣᱟ।
मेरे पास सात पानी हैं।	ᱤᱧ ᱴᱷᱮᱱ ᱮᱭᱟᱭ ᱜᱚᱴᱟᱝ ᱫᱟᱜ ᱢᱮᱱᱟᱜᱼᱟ ᱠᱚᱣᱟ।
क्या यह नाक अच्छा है?	ᱪᱮᱫ ᱱᱚᱣᱟ ᱱᱟᱠ ᱱᱟᱯᱟᱭ ᱠᱟᱱᱟ?
मेरे पास पंद्रह तेल हैं।	ᱤᱧ ᱴᱷᱮᱱ ᱜᱮᱞ ᱢᱚᱬᱮ ᱜᱚᱴᱟᱝ ᱛᱮᱞ ᱢᱮᱱᱟᱜᱼᱟ ᱠᱚᱣᱟ।
मेरे पास छः अक्षर हैं।	ᱤᱧ ᱴᱷᱮᱱ ᱛᱩᱨᱩᱭ ᱜᱚᱴᱟᱝ ᱚᱠᱷᱚᱨ ᱢᱮᱱᱟᱜᱼᱟ ᱠᱚᱣᱟ।
मेरे पास बीस सात मुर्गी हैं।	ᱤᱧ ᱴᱷᱮᱱ ᱠᱩᱲᱤ ᱮᱭᱟᱭ ᱜᱚᱴᱟᱝ ᱢᱩᱠᱨᱤ ᱢᱮᱱᱟᱜᱼᱟ ᱠᱚᱣᱟ।
मेरे पास पाँच हाथी हैं।	ᱤᱧ ᱴᱷᱮᱱ ᱢᱚᱬᱮ ᱜᱚᱴᱟᱝ ᱦᱟᱛᱤ ᱢᱮᱱᱟᱜᱼᱟ ᱠᱚᱣᱟ।
मेरे पास दस चाय हैं।	ᱤᱧ ᱴᱷᱮᱱ ᱜᱮᱞ ᱜᱚᱴᱟᱝ ᱪᱟ ᱢᱮᱱᱟᱜᱼᱟ ᱠᱚᱣᱟ।
मेरे पास उन्नीस पानी हैं।	ᱤᱧ ᱴᱷᱮᱱ ᱜᱮᱞ ᱟᱨᱮ ᱜᱚᱴᱟᱝ ᱫᱟᱜ ᱢᱮᱱᱟᱜᱼᱟ ᱠᱚᱣᱟ।
मेरे पास दस दाल हैं।	ᱤᱧ ᱴᱷᱮᱱ ᱜᱮᱞ ᱜᱚᱴᱟᱝ ᱫᱟᱞ ᱢᱮᱱᱟᱜᱼᱟ ᱠᱚᱣᱟ।
मेरे पास सात तेल हैं।	ᱤᱧ ᱴᱷᱮᱱ ᱮᱭᱟᱭ ᱜᱚᱴᱟᱝ ᱛᱮᱞ ᱢᱮᱱᱟᱜᱼᱟ ᱠᱚᱣᱟ।
मेरे पास पंद्रह चिड़िया हैं।	ᱤᱧ ᱴᱷᱮᱱ ᱜᱮᱞ ᱢᱚᱬᱮ ᱜᱚᱴᱟᱝ ᱪᱤᱲᱤᱡ ᱢᱮᱱᱟᱜᱼᱟ ᱠᱚᱣᱟ।
मेरे पास पाँच पेन हैं।	ᱤᱧ ᱴᱷᱮᱱ ᱢᱚᱬᱮ ᱜᱚᱴᱟᱝ ᱯᱮᱱ ᱢᱮᱱᱟᱜᱼᱟ ᱠᱚᱣᱟ।
मेरे पास सात साँप हैं।	ᱤᱧ ᱴᱷᱮᱱ ᱮᱭᱟᱭ ᱜᱚᱴᱟᱝ ᱥᱟᱸᱯ ᱢᱮᱱᱟᱜᱼᱟ ᱠᱚᱣᱟ।
मेरे पास पंद्रह चावल हैं।	ᱤᱧ ᱴᱷᱮᱱ ᱜᱮᱞ ᱢᱚᱬᱮ ᱜᱚᱴᱟᱝ ᱪᱟᱣᱞ ᱢᱮᱱᱟᱜᱼᱟ ᱠᱚᱣᱟ।
मेरे पास सात मुर्गी हैं।	ᱤᱧ ᱴᱷᱮᱱ ᱮᱭᱟᱭ ᱜᱚᱴᱟᱝ ᱢᱩᱠᱨᱤ ᱢᱮᱱᱟᱜᱼᱟ ᱠᱚᱣᱟ।
मेरे पास सात ब्लैकबोर्ड हैं।	ᱤᱧ ᱴᱷᱮᱱ ᱮᱭᱟᱭ ᱜᱚᱴᱟᱝ ᱵᱞᱟᱠᱵᱚᱨᱰ ᱢᱮᱱᱟᱜᱼᱟ ᱠᱚᱣᱟ।
मेरे पास चार पेन हैं।	ᱤᱧ ᱴᱷᱮᱱ ᱯᱩᱱ ᱜᱚᱴᱟᱝ ᱯᱮᱱ ᱢᱮᱱᱟᱜᱼᱟ ᱠᱚᱣᱟ।
मेरे पास सौ पेंसिल हैं।	ᱤᱧ ᱴᱷᱮᱱ ᱢᱤᱫ ᱥᱟᱭ ᱜᱚᱴᱟᱝ ᱯᱮᱱᱥᱤᱞ ᱢᱮᱱᱟᱜᱼᱟ ᱠᱚᱣᱟ।
मेरे पास पंद्रह चाँद हैं।	ᱤᱧ ᱴᱷᱮᱱ ᱜᱮᱞ ᱢᱚᱬᱮ ᱜᱚᱴᱟᱝ ᱪᱟᱸᱫᱚ ᱢᱮᱱᱟᱜᱼᱟ ᱠᱚᱣᱟ।
मेरे पास पचास पेंसिल हैं।	ᱤᱧ ᱴᱷᱮᱱ ᱢᱚᱬᱮ ᱜᱮᱞ ᱜᱚᱴᱟᱝ ᱯᱮᱱᱥᱤᱞ ᱢᱮᱱᱟᱜᱼᱟ ᱠᱚᱣᱟ।
मेरे पास दस मुर्गी हैं।	ᱤᱧ ᱴᱷᱮᱱ ᱜᱮᱞ ᱜᱚᱴᱟᱝ ᱢᱩᱠᱨᱤ ᱢᱮᱱᱟᱜᱼᱟ ᱠᱚᱣᱟ।
मेरे पास दस सब्ज़ी हैं।	ᱤᱧ ᱴᱷᱮᱱ ᱜᱮᱞ ᱜᱚᱴᱟᱝ ᱥᱚᱵᱽᱡᱤ ᱢᱮᱱᱟᱜᱼᱟ ᱠᱚᱣᱟ।
मेरे पास पंद्रह भेड़ हैं।	ᱤᱧ ᱴᱷᱮᱱ ᱜᱮᱞ ᱢᱚᱬᱮ ᱜᱚᱴᱟᱝ ᱵᱷᱮᱲ ᱢᱮᱱᱟᱜᱼᱟ ᱠᱚᱣᱟ।
मेरे पास पाँच बकरी हैं।	ᱤᱧ ᱴᱷᱮᱱ ᱢᱚᱬᱮ ᱜᱚᱴᱟᱝ ᱵᱚᱠᱨᱟ ᱢᱮᱱᱟᱜᱼᱟ ᱠᱚᱣᱟ।
मेरे पास दस बकरी हैं।	ᱤᱧ ᱴᱷᱮᱱ ᱜᱮᱞ ᱜᱚᱴᱟᱝ ᱵᱚᱠᱨᱟ ᱢᱮᱱᱟᱜᱼᱟ ᱠᱚᱣᱟ।
मेरे पास पंद्रह दूध हैं।	ᱤᱧ ᱴᱷᱮᱱ ᱜᱮᱞ ᱢᱚᱬᱮ ᱜᱚᱴᱟᱝ ᱫᱩᱫᱷ ᱢᱮᱱᱟᱜᱼᱟ ᱠᱚᱣᱟ।
मेरे पास पंद्रह केला हैं।	ᱤᱧ ᱴᱷᱮᱱ ᱜᱮᱞ ᱢᱚᱬᱮ ᱜᱚᱴᱟᱝ ᱠᱮᱞᱟ ᱢᱮᱱᱟᱜᱼᱟ ᱠᱚᱣᱟ।
मेरे पास दस हाथी हैं।	ᱤᱧ ᱴᱷᱮᱱ ᱜᱮᱞ ᱜᱚᱴᱟᱝ ᱦᱟᱛᱤ ᱢᱮᱱᱟᱜᱼᱟ ᱠᱚᱣᱟ।
मेरे पास पाँच किताब हैं।	ᱤᱧ ᱴᱷᱮᱱ ᱢᱚᱬᱮ ᱜᱚᱴᱟᱝ ᱯᱚᱛᱚᱢ ᱢᱮᱱᱟᱜᱼᱟ ᱠᱚᱣᱟ।
मेरे पास दस अमरूद हैं।	ᱤᱧ ᱴᱷᱮᱱ ᱜᱮᱞ ᱜᱚᱴᱟᱝ ᱟᱢᱨᱩᱫ ᱢᱮᱱᱟᱜᱼᱟ ᱠᱚᱣᱟ।
मेरे पास बीस तीन मुर्गी हैं।	ᱤᱧ ᱴᱷᱮᱱ ᱠᱩᱲᱤ ᱯᱮ ᱜᱚᱴᱟᱝ ᱢᱩᱠᱨᱤ ᱢᱮᱱᱟᱜᱼᱟ ᱠᱚᱣᱟ।
मेरे पास तेरह मुर्गी हैं।	ᱤᱧ ᱴᱷᱮᱱ ᱜᱮᱞ ᱯᱮ ᱜᱚᱴᱟᱝ ᱢᱩᱠᱨᱤ ᱢᱮᱱᱟᱜᱼᱟ ᱠᱚᱣᱟ।
मेरे पास पाँच दाल हैं।	ᱤᱧ ᱴᱷᱮᱱ ᱢᱚᱬᱮ ᱜᱚᱴᱟᱝ ᱫᱟᱞ ᱢᱮᱱᱟᱜᱼᱟ ᱠᱚᱣᱟ।
क्या यह पेंसिल अच्छा है?	ᱪᱮᱫ ᱱᱚᱣᱟ ᱯᱮᱱᱥᱤᱞ ᱱᱟᱯᱟᱭ ᱠᱟᱱᱟ?
मेरे पास पंद्रह किताब हैं।	ᱤᱧ ᱴᱷᱮᱱ ᱜᱮᱞ ᱢᱚᱬᱮ ᱜᱚᱴᱟᱝ ᱯᱚᱛᱚᱢ ᱢᱮᱱᱟᱜᱼᱟ ᱠᱚᱣᱟ।
मेरे पास तीस पानी हैं।	ᱤᱧ ᱴᱷᱮᱱ ᱯᱮ ᱜᱮᱞ ᱜᱚᱴᱟᱝ ᱫᱟᱜ ᱢᱮᱱᱟᱜᱼᱟ ᱠᱚᱣᱟ।
मेरे पास पाँच दूध हैं।	ᱤᱧ ᱴᱷᱮᱱ ᱢᱚᱬᱮ ᱜᱚᱴᱟᱝ ᱫᱩᱫᱷ ᱢᱮᱱᱟᱜᱼᱟ ᱠᱚᱣᱟ।
मेरे पास सोलह पानी हैं।	ᱤᱧ ᱴᱷᱮᱱ ᱜᱮᱞ ᱛᱩᱨᱩᱭ ᱜᱚᱴᱟᱝ ᱫᱟᱜ ᱢᱮᱱᱟᱜᱼᱟ ᱠᱚᱣᱟ।
मेरे पास सात पेन हैं।	ᱤᱧ ᱴᱷᱮᱱ ᱮᱭᱟᱭ ᱜᱚᱴᱟᱝ ᱯᱮᱱ ᱢᱮᱱᱟᱜᱼᱟ ᱠᱚᱣᱟ।
मेरे पास सोलह पेन हैं।	ᱤᱧ ᱴᱷᱮᱱ ᱜᱮᱞ ᱛᱩᱨᱩᱭ ᱜᱚᱴᱟᱝ ᱯᱮᱱ ᱢᱮᱱᱟᱜᱼᱟ ᱠᱚᱣᱟ।
मेरे पास सात अमरूद हैं।	ᱤᱧ ᱴᱷᱮᱱ ᱮᱭᱟᱭ ᱜᱚᱴᱟᱝ ᱟᱢᱨᱩᱫ ᱢᱮᱱᱟᱜᱼᱟ ᱠᱚᱣᱟ।
मेरे पास छः पेंसिल हैं।	ᱤᱧ ᱴᱷᱮᱱ ᱛᱩᱨᱩᱭ ᱜᱚᱴᱟᱝ ᱯᱮᱱᱥᱤᱞ ᱢᱮᱱᱟᱜᱼᱟ ᱠᱚᱣᱟ।
मेरे पास दस पेन हैं।	ᱤᱧ ᱴᱷᱮᱱ ᱜᱮᱞ ᱜᱚᱴᱟᱝ ᱯᱮᱱ ᱢᱮᱱᱟᱜᱼᱟ ᱠᱚᱣᱟ।
मेरे पास बीस दो मुर्गी हैं।	ᱤᱧ ᱴᱷᱮᱱ ᱠᱩᱲᱤ ᱵᱟᱨ ᱜᱚᱴᱟᱝ ᱢᱩᱠᱨᱤ ᱢᱮᱱᱟᱜᱼᱟ ᱠᱚᱣᱟ।
मेरे पास सात घोड़ा हैं।	ᱤᱧ ᱴᱷᱮᱱ ᱮᱭᱟᱭ ᱜᱚᱴᱟᱝ ᱜᱷᱚᱲᱟ ᱢᱮᱱᱟᱜᱼᱟ ᱠᱚᱣᱟ।
मेरे पास सौ पानी हैं।	ᱤᱧ ᱴᱷᱮᱱ ᱢᱤᱫ ᱥᱟᱭ ᱜᱚᱴᱟᱝ ᱫᱟᱜ ᱢᱮᱱᱟᱜᱼᱟ ᱠᱚᱣᱟ।
मेरे पास तीस कॉफ़ी हैं।	ᱤᱧ ᱴᱷᱮᱱ ᱯᱮ ᱜᱮᱞ ᱜᱚᱴᱟᱝ ᱠᱚᱯᱷᱤ ᱢᱮᱱᱟᱜᱼᱟ ᱠᱚᱣᱟ।
मेरे पास दस आम हैं।	ᱤᱧ ᱴᱷᱮᱱ ᱜᱮᱞ ᱜᱚᱴᱟᱝ ᱟᱢ ᱢᱮᱱᱟᱜᱼᱟ ᱠᱚᱣᱟ।
मेरे पास बारह मुर्गी हैं।	ᱤᱧ ᱴᱷᱮᱱ ᱜᱮᱞ ᱵᱟᱨ ᱜᱚᱴᱟᱝ ᱢᱩᱠᱨᱤ ᱢᱮᱱᱟᱜᱼᱟ ᱠᱚᱣᱟ।
क्या यह पानी अच्छा है?	ᱪᱮᱫ ᱱᱚᱣᱟ ᱫᱟᱜ ᱱᱟᱯᱟᱭ ᱠᱟᱱᱟ?
मेरे पास सोलह पेंसिल हैं।	ᱤᱧ ᱴᱷᱮᱱ ᱜᱮᱞ ᱛᱩᱨᱩᱭ ᱜᱚᱴᱟᱝ ᱯᱮᱱᱥᱤᱞ ᱢᱮᱱᱟᱜᱼᱟ ᱠᱚᱣᱟ।
मेरे पास चार कॉफ़ी हैं।	ᱤᱧ ᱴᱷᱮᱱ ᱯᱩᱱ ᱜᱚᱴᱟᱝ ᱠᱚᱯᱷᱤ ᱢᱮᱱᱟᱜᱼᱟ ᱠᱚᱣᱟ।
मेरे पास सात भेड़ हैं।	ᱤᱧ ᱴᱷᱮᱱ ᱮᱭᱟᱭ ᱜᱚᱴᱟᱝ ᱵᱷᱮᱲ ᱢᱮᱱᱟᱜᱼᱟ ᱠᱚᱣᱟ।
मेरे पास पंद्रह चाय हैं।	ᱤᱧ ᱴᱷᱮᱱ ᱜᱮᱞ ᱢᱚᱬᱮ ᱜᱚᱴᱟᱝ ᱪᱟ ᱢᱮᱱᱟᱜᱼᱟ ᱠᱚᱣᱟ।
मेरे पास नौ पेंसिल हैं।	ᱤᱧ ᱴᱷᱮᱱ ᱟᱨᱮ ᱜᱚᱴᱟᱝ ᱯᱮᱱᱥᱤᱞ ᱢᱮᱱᱟᱜᱼᱟ ᱠᱚᱣᱟ।
मेरे पास सात चावल हैं।	ᱤᱧ ᱴᱷᱮᱱ ᱮᱭᱟᱭ ᱜᱚᱴᱟᱝ ᱪᱟᱣᱞ ᱢᱮᱱᱟᱜᱼᱟ ᱠᱚᱣᱟ।
मेरे पास दस केला हैं।	ᱤᱧ ᱴᱷᱮᱱ ᱜᱮᱞ ᱜᱚᱴᱟᱝ ᱠᱮᱞᱟ ᱢᱮᱱᱟᱜᱼᱟ ᱠᱚᱣᱟ।
मेरे पास दस अक्षर हैं।	ᱤᱧ ᱴᱷᱮᱱ ᱜᱮᱞ ᱜᱚᱴᱟᱝ ᱚᱠᱷᱚᱨ ᱢᱮᱱᱟᱜᱼᱟ ᱠᱚᱣᱟ।
