मैं समझता हूँ	ᱤᱧ ᱵᱩᱡᱷᱟᱹᱣ ᱮᱫᱟᱹᱧ
मेरे पास छः चावल हैं।	ᱤᱧ ᱴᱷᱮᱱ ᱛᱩᱨᱩᱭ ᱜᱚᱴᱟᱝ ᱪᱟᱣᱞ ᱢᱮᱱᱟᱜᱼᱟ ᱠᱚᱣᱟ।
मेरे पास पाँच शब्द हैं।	ᱤᱧ ᱴᱷᱮᱱ ᱢᱚᱬᱮ ᱜᱚᱴᱟᱝ ᱥᱚᱵᱚᱫ ᱢᱮᱱᱟᱜᱼᱟ ᱠᱚᱣᱟ।
पानी, कृपया	ᱫᱟᱜ, ᱫᱟᱭᱟ ᱠᱟᱛᱮ
मेरे पास बीस सात मुर्गी हैं।	ᱤᱧ ᱴᱷᱮᱱ ᱠᱩᱲᱤ ᱮᱭᱟᱭ ᱜᱚᱴᱟᱝ ᱢᱩᱠᱨᱤ ᱢᱮᱱᱟᱜᱼᱟ ᱠᱚᱣᱟ।
मेरे पास बारह कॉफ़ी हैं।	ᱤᱧ ᱴᱷᱮᱱ ᱜᱮᱞ ᱵᱟᱨ ᱜᱚᱴᱟᱝ ᱠᱚᱯᱷᱤ ᱢᱮᱱᱟᱜᱼᱟ ᱠᱚᱣᱟ।
कृपया दो लोगों के लिए एक टेबल	ᱵᱟᱨ ᱦᱚᱲ ᱞᱟᱹᱜᱤᱫ ᱢᱤᱫ ᱴᱮᱵᱩᱞ, ᱫᱟᱭᱟ ᱠᱟᱛᱮ
मेरे पास सात नारियल हैं।	ᱤᱧ ᱴᱷᱮᱱ ᱮᱭᱟᱭ ᱜᱚᱴᱟᱝ ᱱᱟᱨᱤᱭᱟᱞ ᱢᱮᱱᱟᱜᱼᱟ ᱠᱚᱣᱟ।
मेरे पास तीस आठ हाथी हैं।	ᱤᱧ ᱴᱷᱮᱱ ᱯᱮ ᱜᱮᱞ ᱤᱨᱟᱹᱞ ᱜᱚᱴᱟᱝ ᱦᱟᱛᱤ ᱢᱮᱱᱟᱜᱼᱟ ᱠᱚᱣᱟ।
शुक्रवार	ᱡᱟᱹᱨᱩᱢ ᱢᱟᱦᱟᱸ
ᱤᱧ ᱡᱤᱞ ᱵᱟᱹᱧ ᱡᱚᱢ ᱮᱫᱟ	मैं मांस नहीं खाता
धन्यवाद	ᱟᱭᱢᱟ ᱥᱟᱨᱦᱟᱣ
मेरे पास पंद्रह मछली हैं।	ᱤᱧ ᱴᱷᱮᱱ ᱜᱮᱞ ᱢᱚᱬᱮ ᱜᱚᱴᱟᱝ ᱢᱟᱪᱷᱤ ᱢᱮᱱᱟᱜᱼᱟ ᱠᱚᱣᱟ।
ᱱᱤᱛ ᱛᱤᱱᱟᱹᱜ ᱚᱠᱛᱚ ᱦᱩᱭ ᱟᱠᱟᱱᱟ?	क्या समय हो गया है?
ᱱᱚᱸᱰᱮ ᱦᱟᱹᱥᱩ ᱢᱮᱱᱟᱜᱼᱟ	यहाँ दर्द होता है
ᱵᱤᱞ, ᱫᱟᱭᱟ ᱠᱟᱛᱮ	बिल, कृपया
मेरे पास सात पेन हैं।	ᱤᱧ ᱴᱷᱮᱱ ᱮᱭᱟᱭ ᱜᱚᱴᱟᱝ ᱯᱮᱱ ᱢᱮᱱᱟᱜᱼᱟ ᱠᱚᱣᱟ।
मैं ठीक हूँ, धन्यवाद	ᱤᱧ ᱴᱷᱤᱠ ᱜᱮᱭᱟᱹᱧ, ᱟᱭᱢᱟ ᱥᱟᱨᱦᱟᱣ
ᱱᱚᱣᱟ ᱫᱚ ᱥᱩᱨ ᱨᱮ ᱜᱮᱭᱟ	यह निकट है
अगले सप्ताह	ᱫᱚᱥᱟᱨ ᱦᱟᱯᱛᱟ
मेरे पास चालीस पाँच पानी हैं।	ᱤᱧ ᱴᱷᱮᱱ ᱯᱩᱱ ᱜᱮᱞ ᱢᱚᱬᱮ ᱜᱚᱴᱟᱝ ᱫᱟᱜ ᱢᱮᱱᱟᱜᱼᱟ ᱠᱚᱣᱟ।
आप क्या सिफ़ारिश करते हैं?	ᱟᱢ ᱪᱮᱫ ᱥᱚᱞᱦᱟᱢ ᱮᱢᱚᱜ ᱠᱟᱱᱟ?
यहाँ दर्द होता है	ᱱᱚᱸᱰᱮ ᱦᱟᱹᱥᱩ ᱢᱮᱱᱟᱜᱼᱟ
ᱟᱢ ᱱᱚᱣᱟ ᱪᱤᱠᱟᱹᱛᱮᱢ ᱢᱮᱱ ᱮᱫᱟ?	आप यह कैसे कहते हैं?
मेरे पास सात शब्द हैं।	ᱤᱧ ᱴᱷᱮᱱ ᱮᱭᱟᱭ ᱜᱚᱴᱟᱝ ᱥᱚᱵᱚᱫ ᱢᱮᱱᱟᱜᱼᱟ ᱠᱚᱣᱟ।
मेरे पास तीस पानी हैं।	ᱤᱧ ᱴᱷᱮᱱ ᱯᱮ ᱜᱮᱞ ᱜᱚᱴᱟᱝ ᱫᱟᱜ ᱢᱮᱱᱟᱜᱼᱟ ᱠᱚᱣᱟ।
ᱴᱨᱮᱱ ᱥᱴᱮᱥᱚᱱ ᱚᱠᱟᱨᱮ ᱢᱮᱱᱟᱜᱼᱟ?	रेलवे स्टेशन कहां है?
मेरे पास चालीस आठ पानी हैं।	ᱤᱧ ᱴᱷᱮᱱ ᱯᱩᱱ ᱜᱮᱞ ᱤᱨᱟᱹᱞ ᱜᱚᱴᱟᱝ ᱫᱟᱜ ᱢᱮᱱᱟᱜᱼᱟ ᱠᱚᱣᱟ।
ᱤᱧ ᱚᱱᱰᱮ ᱪᱤᱠᱟᱹᱛᱮᱧ ᱥᱮᱴᱮᱨᱚᱜᱼᱟ?	मैं वहां किस प्रकार पहुंचा?
चाय	ᱪᱟ
मेरे पास दस काग़ज़ हैं।	ᱤᱧ ᱴᱷᱮᱱ ᱜᱮᱞ ᱜᱚᱴᱟᱝ ᱠᱟᱜᱚᱡᱽ ᱢᱮᱱᱟᱜᱼᱟ ᱠᱚᱣᱟ।
ᱜᱟᱯᱟ ᱞᱟᱝ ᱧᱟᱯᱟᱢᱚᱜᱼᱟ	कल मिलते हैं
मेरे पास दस अंडा हैं।	ᱤᱧ ᱴᱷᱮᱱ ᱜᱮᱞ ᱜᱚᱴᱟᱝ ᱟᱱᱫᱟ ᱢᱮᱱᱟᱜᱼᱟ ᱠᱚᱣᱟ।
मेरे पास तीस दो पेंसिल हैं।	ᱤᱧ ᱴᱷᱮᱱ ᱯᱮ ᱜᱮᱞ ᱵᱟᱨ ᱜᱚᱴᱟᱝ ᱯᱮᱱᱥᱤᱞ ᱢᱮᱱᱟᱜᱼᱟ ᱠᱚᱣᱟ।
मेरे पास सात बकरी हैं।	ᱤᱧ ᱴᱷᱮᱱ ᱮᱭᱟᱭ ᱜᱚᱴᱟᱝ ᱵᱚᱠᱨᱟ ᱢᱮᱱᱟᱜᱼᱟ ᱠᱚᱣᱟ।
मेरे पास सौ कॉफ़ी हैं।	ᱤᱧ ᱴᱷᱮᱱ ᱢᱤᱫ ᱥᱟᱭ ᱜᱚᱴᱟᱝ ᱠᱚᱯᱷᱤ ᱢᱮᱱᱟᱜᱼᱟ ᱠᱚᱣᱟ।
मुझे टैक्सी चाहिए	ᱤᱧ ᱢᱤᱫ ᱴᱮᱠᱥᱤ ᱞᱟᱹᱠᱛᱤᱭᱟᱹᱧ ᱠᱟᱱᱟ
ᱵᱟᱝ	नहीं
मेरे पास सात घोड़ा हैं।	ᱤᱧ ᱴᱷᱮᱱ ᱮᱭᱟᱭ ᱜᱚᱴᱟᱝ ᱜᱷᱚᱲᱟ ᱢᱮᱱᱟᱜᱼᱟ ᱠᱚᱣᱟ।
मेरे पास सात सूरज हैं।	ᱤᱧ ᱴᱷᱮᱱ ᱮᱭᱟᱭ ᱜᱚᱴᱟᱝ ᱥᱩᱯ ᱢᱮᱱᱟᱜᱼᱟ ᱠᱚᱣᱟ।
मेरे पास पाँच चाय हैं।	ᱤᱧ ᱴᱷᱮᱱ ᱢᱚᱬᱮ ᱜᱚᱴᱟᱝ ᱪᱟ ᱢᱮᱱᱟᱜᱼᱟ ᱠᱚᱣᱟ।
मेरे पास पाँच कॉफ़ी हैं।	ᱤᱧ ᱴᱷᱮᱱ ᱢᱚᱬᱮ ᱜᱚᱴᱟᱝ ᱠᱚᱯᱷᱤ ᱢᱮᱱᱟᱜᱼᱟ ᱠᱚᱣᱟ।
ᱴᱤᱠᱤᱴ ᱫᱚ ᱛᱤᱱᱟᱹᱜ ᱜᱟᱱ?	टिकट कितनी है?
ᱛᱟᱭᱚᱢ ᱛᱮ ᱞᱟᱝ ᱧᱟᱯᱟᱢᱚᱜᱼᱟ	बाद में मिलते हैं
मेरे पास चौदह पानी हैं।	ᱤᱧ ᱴᱷᱮᱱ ᱜᱮᱞ ᱯᱩᱱ ᱜᱚᱴᱟᱝ ᱫᱟᱜ ᱢᱮᱱᱟᱜᱼᱟ ᱠᱚᱣᱟ।
पांच	ᱢᱚᱬᱮ
मेरे पास पंद्रह सब्ज़ी हैं।	ᱤᱧ ᱴᱷᱮᱱ ᱜᱮᱞ ᱢᱚᱬᱮ ᱜᱚᱴᱟᱝ ᱥᱚᱵᱽᱡᱤ ᱢᱮᱱᱟᱜᱼᱟ ᱠᱚᱣᱟ।
मेरे पास पंद्रह अक्षर हैं।	ᱤᱧ ᱴᱷᱮᱱ ᱜᱮᱞ ᱢᱚᱬᱮ ᱜᱚᱴᱟᱝ ᱚᱠᱷᱚᱨ ᱢᱮᱱᱟᱜᱼᱟ ᱠᱚᱣᱟ।
कल मिलते हैं	ᱜᱟᱯᱟ ᱞᱟᱝ ᱧᱟᱯᱟᱢᱚᱜᱼᱟ
क्या यह दिन अच्छा है?	ᱪᱮᱫ ᱱᱚᱣᱟ ᱫᱤᱱ ᱱᱟᱯᱟᱭ ᱠᱟᱱᱟ?
मेरे पास नौ पानी हैं।	ᱤᱧ ᱴᱷᱮᱱ ᱟᱨᱮ ᱜᱚᱴᱟᱝ ᱫᱟᱜ ᱢᱮᱱᱟᱜᱼᱟ ᱠᱚᱣᱟ।
ᱟᱢ ᱪᱮᱫ ᱥᱚᱞᱦᱟᱢ ᱮᱢᱚᱜ ᱠᱟᱱᱟ?	आप क्या सिफ़ारिश करते हैं?
ᱥᱟᱹᱜᱩᱱ ᱧᱤᱫᱟᱹ	शुभ रात्रि
रेलवे स्टेशन कहां है?	ᱴᱨᱮᱱ ᱥᱴᱮᱥᱚᱱ ᱚᱠᱟᱨᱮ ᱢᱮᱱᱟᱜᱼᱟ?
मेरे पास पाँच किताब हैं।	ᱤᱧ ᱴᱷᱮᱱ ᱢᱚᱬᱮ ᱜᱚᱴᱟᱝ ᱯᱚᱛᱚᱢ ᱢᱮᱱᱟᱜᱼᱟ ᱠᱚᱣᱟ।
मेरे पास सात कॉफ़ी हैं।	ᱤᱧ ᱴᱷᱮᱱ ᱮᱭᱟᱭ ᱜᱚᱴᱟᱝ ᱠᱚᱯᱷᱤ ᱢᱮᱱᱟᱜᱼᱟ ᱠᱚᱣᱟ।
मेरे पास छः पानी हैं।	ᱤᱧ ᱴᱷᱮᱱ ᱛᱩᱨᱩᱭ ᱜᱚᱴᱟᱝ ᱫᱟᱜ ᱢᱮᱱᱟᱜᱼᱟ ᱠᱚᱣᱟ।
ᱵᱟᱨ ᱦᱚᱲ ᱞᱟᱹᱜᱤᱫ ᱢᱤᱫ ᱴᱮᱵᱩᱞ, ᱫᱟᱭᱟ ᱠᱟᱛᱮ	कृपया दो लोगों के लिए एक टेबल
ᱤᱧ ᱱᱚᱣᱟᱧ ᱦᱟᱛᱟᱣᱟ	मैं इसे ले लूँगा
मेरे पास बारह पेन हैं।	ᱤᱧ ᱴᱷᱮᱱ ᱜᱮᱞ ᱵᱟᱨ ᱜᱚᱴᱟᱝ ᱯᱮᱱ ᱢᱮᱱᱟᱜᱼᱟ ᱠᱚᱣᱟ।
ᱫᱟᱭᱟ ᱠᱟᱛᱮ	कृपया
मेरे पास सात कुर्सी हैं।	ᱤᱧ ᱴᱷᱮᱱ ᱮᱭᱟᱭ ᱜᱚᱴᱟᱝ ᱠᱩᱨᱥᱤ ᱢᱮᱱᱟᱜᱼᱟ ᱠᱚᱣᱟ।
क्या आस-पास कोई अस्पताल है?	ᱪᱮᱫ ᱥᱩᱨ ᱨᱮ ᱢᱤᱫ ᱦᱚᱥᱯᱤᱴᱟᱞ ᱢᱮᱱᱟᱜᱼᱟ?
हाँ	ᱦᱮᱸ
ᱮᱧ ᱫᱚ ᱵᱟᱝ ᱤᱧ ᱵᱟᱰᱟᱭᱟ	मुझे नहीं पता
मेरे पास सत्रह पानी हैं।	ᱤᱧ ᱴᱷᱮᱱ ᱜᱮᱞ ᱮᱭᱟᱭ ᱜᱚᱴᱟᱝ ᱫᱟᱜ ᱢᱮᱱᱟᱜᱼᱟ ᱠᱚᱣᱟ।
ᱤᱧ ᱫᱚ ᱱᱤᱛ ᱜᱮ ᱠᱚᱭᱚᱜ ᱠᱟᱱᱟᱹᱧ	मैं बस देख रहा हूँ
क्या यह सप्ताह अच्छा है?	ᱪᱮᱫ ᱱᱚᱣᱟ ᱦᱟᱯᱛᱟ ᱱᱟᱯᱟᱭ ᱠᱟᱱᱟ?
क्या यह पानी अच्छा है?	ᱪᱮᱫ ᱱᱚᱣᱟ ᱫᱟᱜ ᱱᱟᱯᱟᱭ ᱠᱟᱱᱟ?
यह दूर है	ᱱᱚᱶᱟ ᱫᱚ ᱥᱟᱝᱜᱤᱧ ᱜᱮᱭᱟ
मैं टिकट कहाँ से खरीद सकता हूँ?	ᱤᱧ ᱚᱠᱟ ᱠᱷᱚᱱ ᱴᱤᱠᱤᱴ ᱠᱤᱨᱤᱧ ᱫᱟᱲᱮᱭᱟᱜᱼᱟᱹᱧ?
ᱥᱟᱹᱜᱩᱱ ᱥᱤᱸᱜᱟᱹᱲ	शुभ संध्या
मेरे पास दस कुर्सी हैं।	ᱤᱧ ᱴᱷᱮᱱ ᱜᱮᱞ ᱜᱚᱴᱟᱝ ᱠᱩᱨᱥᱤ ᱢᱮᱱᱟᱜᱼᱟ ᱠᱚᱣᱟ।
मेरे पास सात अंडा हैं।	ᱤᱧ ᱴᱷᱮᱱ ᱮᱭᱟᱭ ᱜᱚᱴᱟᱝ ᱟᱱᱫᱟ ᱢᱮᱱᱟᱜᱼᱟ ᱠᱚᱣᱟ।
ᱤᱧ ᱵᱟᱹᱧ ᱵᱩᱡᱷᱟᱹᱣ ᱫᱟᱲᱮᱭᱟᱜ ᱠᱟᱱᱟ	मुझे समझ नहीं आता
इसकी लागत कितनी है?	ᱱᱚᱣᱟ ᱨᱮᱭᱟᱜ ᱜᱚᱱᱚᱝ ᱛᱤᱱᱟᱹᱜ ?
ᱛᱮᱦᱮᱧ	आज
ᱪᱮᱫ ᱱᱚᱣᱟ ᱛᱟᱲᱟᱢ ᱞᱟᱹᱜᱤᱫ ᱨᱚᱯᱟ ᱜᱮᱭᱟ?	क्या पैदल चलना सुरक्षित है?
दो	ᱵᱟᱨ
कॉफ़ी	ᱠᱚᱯᱷᱤ
मेरे पास पंद्रह नमक हैं।	ᱤᱧ ᱴᱷᱮᱱ ᱜᱮᱞ ᱢᱚᱬᱮ ᱜᱚᱴᱟᱝ ᱱᱩᱱ ᱢᱮᱱᱟᱜᱼᱟ ᱠᱚᱣᱟ।
मेरे पास पंद्रह मेज़ हैं।	ᱤᱧ ᱴᱷᱮᱱ ᱜᱮᱞ ᱢᱚᱬᱮ ᱜᱚᱴᱟᱝ ᱴᱮᱵᱩᱞ ᱢᱮᱱᱟᱜᱼᱟ ᱠᱚᱣᱟ।
आप कहाँ से हैं?	ᱟᱢ ᱚᱠᱟ ᱨᱮᱱ ᱠᱟᱱᱟᱢ?
ᱜᱟᱯᱟ	कल
ᱮᱭᱟᱨᱯᱚᱨᱴ ᱚᱠᱟᱨᱮ ᱢᱮᱱᱟᱜᱼᱟ?	हवाई अड्डा कहाँ है?
मेरे पास दस दाल हैं।	ᱤᱧ ᱴᱷᱮᱱ ᱜᱮᱞ ᱜᱚᱴᱟᱝ ᱫᱟᱞ ᱢᱮᱱᱟᱜᱼᱟ ᱠᱚᱣᱟ।
ᱤᱧ ᱛᱮᱛᱟᱝ ᱟᱠᱟᱱᱟᱹᱧ	मुझे प्यास लगी है
आपका नाम क्या है?	ᱟᱢᱟᱜ ᱧᱩᱛᱩᱢ ᱪᱮᱫ?
सोमवार	ᱚᱛᱮ ᱢᱟᱦᱟᱸ
मेरे पास तेरह पानी हैं।	ᱤᱧ ᱴᱷᱮᱱ ᱜᱮᱞ ᱯᱮ ᱜᱚᱴᱟᱝ ᱫᱟᱜ ᱢᱮᱱᱟᱜᱼᱟ ᱠᱚᱣᱟ।
मेरे पास पाँच दूध हैं।	ᱤᱧ ᱴᱷᱮᱱ ᱢᱚᱬᱮ ᱜᱚᱴᱟᱝ ᱫᱩᱫᱷ ᱢᱮᱱᱟᱜᱼᱟ ᱠᱚᱣᱟ।
मेरे पास बीस दो मुर्गी हैं।	ᱤᱧ ᱴᱷᱮᱱ ᱠᱩᱲᱤ ᱵᱟᱨ ᱜᱚᱴᱟᱝ ᱢᱩᱠᱨᱤ ᱢᱮᱱᱟᱜᱼᱟ ᱠᱚᱣᱟ।
मेरे पास नौ पेन हैं।	ᱤᱧ ᱴᱷᱮᱱ ᱟᱨᱮ ᱜᱚᱴᱟᱝ ᱯᱮᱱ ᱢᱮᱱᱟᱜᱼᱟ ᱠᱚᱣᱟ।
क्या समय हो गया है?	ᱱᱤᱛ ᱛᱤᱱᱟᱹᱜ ᱚᱠᱛᱚ ᱦᱩᱭ ᱟᱠᱟᱱᱟ?
ᱦᱮᱸ	हाँ
मेरे पास ग्यारह पेंसिल हैं।	ᱤᱧ ᱴᱷᱮᱱ ᱜᱮᱞ ᱢᱤᱫ ᱜᱚᱴᱟᱝ ᱯᱮᱱᱥᱤᱞ ᱢᱮᱱᱟᱜᱼᱟ ᱠᱚᱣᱟ।
ᱠᱚᱯᱷᱤ	कॉफ़ी
मेरे पास दस किताब हैं।	ᱤᱧ ᱴᱷᱮᱱ ᱜᱮᱞ ᱜᱚᱴᱟᱝ ᱯᱚᱛᱚᱢ ᱢᱮᱱᱟᱜᱼᱟ ᱠᱚᱣᱟ।
ᱟᱢ ᱪᱮᱫ ᱞᱮᱠᱟ ᱢᱮᱱᱟᱢᱟ?	आप कैसे हैं?
ᱯᱩᱱ	चार
आप यह कैसे कहते हैं?	ᱟᱢ ᱱᱚᱣᱟ ᱪᱤᱠᱟᱹᱛᱮᱢ ᱢᱮᱱ ᱮᱫᱟ?
मेरे पास पाँच हाथी हैं।	ᱤᱧ ᱴᱷᱮᱱ ᱢᱚᱬᱮ ᱜᱚᱴᱟᱝ ᱦᱟᱛᱤ ᱢᱮᱱᱟᱜᱼᱟ ᱠᱚᱣᱟ।
कृपया इसे लिख लें	ᱫᱟᱭᱟ ᱠᱟᱛᱮ ᱱᱚᱣᱟ ᱚᱞ ᱢᱮ
ᱥᱟᱹᱜᱩᱱ ᱡᱚᱦᱟᱨ	अलविदा
मेरे पास दस भेड़ हैं।	ᱤᱧ ᱴᱷᱮᱱ ᱜᱮᱞ ᱜᱚᱴᱟᱝ ᱵᱷᱮᱲ ᱢᱮᱱᱟᱜᱼᱟ ᱠᱚᱣᱟ।
क्षमा करें	ᱤᱠᱟᱹ ᱠᱟᱹᱧ ᱢᱮ
मेरे पास पाँच पानी हैं।	ᱤᱧ ᱴᱷᱮᱱ ᱢᱚᱬᱮ ᱜᱚᱴᱟᱝ ᱫᱟᱜ ᱢᱮᱱᱟᱜᱼᱟ ᱠᱚᱣᱟ।
मेरे पास दस मेज़ हैं।	ᱤᱧ ᱴᱷᱮᱱ ᱜᱮᱞ ᱜᱚᱴᱟᱝ ᱴᱮᱵᱩᱞ ᱢᱮᱱᱟᱜᱼᱟ ᱠᱚᱣᱟ।
मैं थोड़ा बोलता हूँ	ᱤᱧ ᱱᱟᱥᱮ ᱨᱚᱲ ᱮᱫᱟᱹᱧ
शाम को	ᱥᱤᱸᱜᱟᱹᱲ ᱨᱮ
मेरे पास पाँच मुर्गी हैं।	ᱤᱧ ᱴᱷᱮᱱ ᱢᱚᱬᱮ ᱜᱚᱴᱟᱝ ᱢᱩᱠᱨᱤ ᱢᱮᱱᱟᱜᱼᱟ ᱠᱚᱣᱟ।
ᱟᱢᱟᱜ ᱫᱤᱱ ᱱᱟᱯᱟᱭ ᱛᱟᱦᱮᱱ ᱢᱟ	आपका दिन शुभ हो
ᱢᱤᱫ	एक
आपकी आयु कितनी है?	ᱟᱢᱟᱜ ᱛᱤᱱᱮᱜ ᱵᱚᱭᱮᱥ ᱦᱩᱭᱩᱜ ᱠᱟᱱ ᱛᱟᱢᱟ?
मेरे पास बारह पेंसिल हैं।	ᱤᱧ ᱴᱷᱮᱱ ᱜᱮᱞ ᱵᱟᱨ ᱜᱚᱴᱟᱝ ᱯᱮᱱᱥᱤᱞ ᱢᱮᱱᱟᱜᱼᱟ ᱠᱚᱣᱟ।
ᱪᱮᱫ ᱥᱩᱨ ᱨᱮ ᱢᱤᱫ ᱦᱚᱥᱯᱤᱴᱟᱞ ᱢᱮᱱᱟᱜᱼᱟ?	क्या आस-पास कोई अस्पताल है?
मेरे पास दस तेल हैं।	ᱤᱧ ᱴᱷᱮᱱ ᱜᱮᱞ ᱜᱚᱴᱟᱝ ᱛᱮᱞ ᱢᱮᱱᱟᱜᱼᱟ ᱠᱚᱣᱟ।
बाद में	ᱛᱟᱭᱚᱢ ᱛᱮ
क्या आप मेरी मदद कर सकते हैं?	ᱪᱮᱫ ᱟᱢ ᱤᱧᱮᱢ ᱜᱚᱲᱚ ᱟᱹᱧᱟ?
ᱵᱟᱛᱷᱨᱩᱢ ᱚᱠᱟᱨᱮ ᱢᱮᱱᱟᱜᱼᱟ?	बाथरूम कहाँ है?
ᱟᱭᱢᱟ ᱥᱟᱨᱦᱟᱣ	धन्यवाद
मेरे पास दस बंदर हैं।	ᱤᱧ ᱴᱷᱮᱱ ᱜᱮᱞ ᱜᱚᱴᱟᱝ ᱵᱟᱸᱫᱚᱨ ᱢᱮᱱᱟᱜᱼᱟ ᱠᱚᱣᱟ।
मेरे पास दस सब्ज़ी हैं।	ᱤᱧ ᱴᱷᱮᱱ ᱜᱮᱞ ᱜᱚᱴᱟᱝ ᱥᱚᱵᱽᱡᱤ ᱢᱮᱱᱟᱜᱼᱟ ᱠᱚᱣᱟ।
क्या यह पेन अच्छा है?	ᱪᱮᱫ ᱱᱚᱣᱟ ᱯᱮᱱ ᱱᱟᱯᱟᱭ ᱠᱟᱱᱟ?
क्या यह समय अच्छा है?	ᱪᱮᱫ ᱱᱚᱣᱟ ᱚᱠᱛᱚ ᱱᱟᱯᱟᱭ ᱠᱟᱱᱟ?
मेरे पास सात चावल हैं।	ᱤᱧ ᱴᱷᱮᱱ ᱮᱭᱟᱭ ᱜᱚᱴᱟᱝ ᱪᱟᱣᱞ ᱢᱮᱱᱟᱜᱼᱟ ᱠᱚᱣᱟ।
मेरे पास तीस पेंसिल हैं।	ᱤᱧ ᱴᱷᱮᱱ ᱯᱮ ᱜᱮᱞ ᱜᱚᱴᱟᱝ ᱯᱮᱱᱥᱤᱞ ᱢᱮᱱᱟᱜᱼᱟ ᱠᱚᱣᱟ।
मेरे पास पंद्रह चाय हैं।	ᱤᱧ ᱴᱷᱮᱱ ᱜᱮᱞ ᱢᱚᱬᱮ ᱜᱚᱴᱟᱝ ᱪᱟ ᱢᱮᱱᱟᱜᱼᱟ ᱠᱚᱣᱟ।
ᱡᱚᱡᱚᱢ ᱥᱮᱫ ᱟᱹᱪᱩᱨᱚᱜ ᱢᱮ	दाएं मुड़ें
ᱤᱧ ᱨᱩᱣᱟᱹ ᱜᱮᱭᱟᱹᱧ	मैं बीमार हूँ
मेरे पास दस हाथी हैं।	ᱤᱧ ᱴᱷᱮᱱ ᱜᱮᱞ ᱜᱚᱴᱟᱝ ᱦᱟᱛᱤ ᱢᱮᱱᱟᱜᱼᱟ ᱠᱚᱣᱟ।
नमस्ते	ᱡᱚᱦᱟᱨ
मैं यह चाहूंगा	ᱤᱧ ᱱᱚᱣᱟ ᱠᱩᱥᱤᱭᱟᱜ ᱠᱟᱱᱟᱹᱧ
मेरे पास सात दूध हैं।	ᱤᱧ ᱴᱷᱮᱱ ᱮᱭᱟᱭ ᱜᱚᱴᱟᱝ ᱫᱩᱫᱷ ᱢᱮᱱᱟᱜᱼᱟ ᱠᱚᱣᱟ।
एक सौ	ᱢᱤᱫ ᱥᱟᱭ
मेरे पास बारह पानी हैं।	ᱤᱧ ᱴᱷᱮᱱ ᱜᱮᱞ ᱵᱟᱨ ᱜᱚᱴᱟᱝ ᱫᱟᱜ ᱢᱮᱱᱟᱜᱼᱟ ᱠᱚᱣᱟ।
मेरे पास चार कॉफ़ी हैं।	ᱤᱧ ᱴᱷᱮᱱ ᱯᱩᱱ ᱜᱚᱴᱟᱝ ᱠᱚᱯᱷᱤ ᱢᱮᱱᱟᱜᱼᱟ ᱠᱚᱣᱟ।
मेरे पास चौदह पेन हैं।	ᱤᱧ ᱴᱷᱮᱱ ᱜᱮᱞ ᱯᱩᱱ ᱜᱚᱴᱟᱝ ᱯᱮᱱ ᱢᱮᱱᱟᱜᱼᱟ ᱠᱚᱣᱟ।
मेरे पास पंद्रह बंदर हैं।	ᱤᱧ ᱴᱷᱮᱱ ᱜᱮᱞ ᱢᱚᱬᱮ ᱜᱚᱴᱟᱝ ᱵᱟᱸᱫᱚᱨ ᱢᱮᱱᱟᱜᱼᱟ ᱠᱚᱣᱟ।
मेरे पास दस चाय हैं।	ᱤᱧ ᱴᱷᱮᱱ ᱜᱮᱞ ᱜᱚᱴᱟᱝ ᱪᱟ ᱢᱮᱱᱟᱜᱼᱟ ᱠᱚᱣᱟ।
मेरे पास सात पेंसिल हैं।	ᱤᱧ ᱴᱷᱮᱱ ᱮᱭᱟᱭ ᱜᱚᱴᱟᱝ ᱯᱮᱱᱥᱤᱞ ᱢᱮᱱᱟᱜᱼᱟ ᱠᱚᱣᱟ।
यह बहुत महंगा है	ᱱᱚᱣᱟ ᱫᱚ ᱟᱹᱰᱤ ᱫᱟᱢ ᱜᱮᱭᱟ
मेरे पास नौ कॉफ़ी हैं।	ᱤᱧ ᱴᱷᱮᱱ ᱟᱨᱮ ᱜᱚᱴᱟᱝ ᱠᱚᱯᱷᱤ ᱢᱮᱱᱟᱜᱼᱟ ᱠᱚᱣᱟ।
ᱢᱤᱫ ᱴᱟᱲᱟᱝ	एक घंटा
दाएं मुड़ें	ᱡᱚᱡᱚᱢ ᱥᱮᱫ ᱟᱹᱪᱩᱨᱚᱜ ᱢᱮ
मेरे पास पंद्रह दूध हैं।	ᱤᱧ ᱴᱷᱮᱱ ᱜᱮᱞ ᱢᱚᱬᱮ ᱜᱚᱴᱟᱝ ᱫᱩᱫᱷ ᱢᱮᱱᱟᱜᱼᱟ ᱠᱚᱣᱟ।
सीधे आगे बढ़ें	ᱥᱤᱫᱷᱟᱹ ᱞᱟᱦᱟ ᱥᱮᱱᱚᱜ ᱢᱮ
मेरे पास पंद्रह भेड़ हैं।	ᱤᱧ ᱴᱷᱮᱱ ᱜᱮᱞ ᱢᱚᱬᱮ ᱜᱚᱴᱟᱝ ᱵᱷᱮᱲ ᱢᱮᱱᱟᱜᱼᱟ ᱠᱚᱣᱟ।
ᱥᱤᱸᱜᱟᱹᱲ ᱨᱮ	शाम को
मेरे पास पंद्रह चिड़िया हैं।	ᱤᱧ ᱴᱷᱮᱱ ᱜᱮᱞ ᱢᱚᱬᱮ ᱜᱚᱴᱟᱝ ᱪᱤᱲᱤᱡ ᱢᱮᱱᱟᱜᱼᱟ ᱠᱚᱣᱟ।
मेरे पास पंद्रह किताब हैं।	ᱤᱧ ᱴᱷᱮᱱ ᱜᱮᱞ ᱢᱚᱬᱮ ᱜᱚᱴᱟᱝ ᱯᱚᱛᱚᱢ ᱢᱮᱱᱟᱜᱼᱟ ᱠᱚᱣᱟ।
मेरे पास सात अक्षर हैं।	ᱤᱧ ᱴᱷᱮᱱ ᱮᱭᱟᱭ ᱜᱚᱴᱟᱝ ᱚᱠᱷᱚᱨ ᱢᱮᱱᱟᱜᱼᱟ ᱠᱚᱣᱟ।
मेरे पास सात दाल हैं।	ᱤᱧ ᱴᱷᱮᱱ ᱮᱭᱟᱭ ᱜᱚᱴᱟᱝ ᱫᱟᱞ ᱢᱮᱱᱟᱜᱼᱟ ᱠᱚᱣᱟ।
मैं इसे ले लूँगा	ᱤᱧ ᱱᱚᱣᱟᱧ ᱦᱟᱛᱟᱣᱟ
मेरे पास पंद्रह सेब हैं।	ᱤᱧ ᱴᱷᱮᱱ ᱜᱮᱞ ᱢᱚᱬᱮ ᱜᱚᱴᱟᱝ ᱥᱮᱯ ᱢᱮᱱᱟᱜᱼᱟ ᱠᱚᱣᱟ।
ᱢᱮᱱᱭᱩ, ᱫᱟᱭᱟ ᱠᱟᱛᱮ	कृपया मेनू
मेरे पास सात साँप हैं।	ᱤᱧ ᱴᱷᱮᱱ ᱮᱭᱟᱭ ᱜᱚᱴᱟᱝ ᱥᱟᱸᱯ ᱢᱮᱱᱟᱜᱼᱟ ᱠᱚᱣᱟ।
बाथरूम कहाँ है?	ᱵᱟᱛᱷᱨᱩᱢ ᱚᱠᱟᱨᱮ ᱢᱮᱱᱟᱜᱼᱟ?
मेरे पास सात चिड़िया हैं।	ᱤᱧ ᱴᱷᱮᱱ ᱮᱭᱟᱭ ᱜᱚᱴᱟᱝ ᱪᱤᱲᱤᱡ ᱢᱮᱱᱟᱜᱼᱟ ᱠᱚᱣᱟ।
मेरे पास छः अमरूद हैं।	ᱤᱧ ᱴᱷᱮᱱ ᱛᱩᱨᱩᱭ ᱜᱚᱴᱟᱝ ᱟᱢᱨᱩᱫ ᱢᱮᱱᱟᱜᱼᱟ ᱠᱚᱣᱟ।
एक घंटा	ᱢᱤᱫ ᱴᱟᱲᱟᱝ
कृपया धीरे बोलें	ᱫᱟᱭᱟ ᱠᱟᱛᱮ ᱵᱟᱹᱭ ᱵᱟᱹᱭ ᱛᱮ ᱨᱚᱲ ᱢᱮ
शुभकामनाएँ	ᱟᱭᱢᱟ ᱥᱟᱨᱦᱟᱣ
मैं सीख रहा हूँ	ᱤᱧ ᱪᱮᱫᱚᱜ ᱠᱟᱱᱟᱹᱧ
ᱤᱧ ᱢᱤᱫ ᱴᱮᱠᱥᱤ ᱞᱟᱹᱠᱛᱤᱭᱟᱹᱧ ᱠᱟᱱᱟ	मुझे टैक्सी चाहिए
ᱤᱧ ᱟᱫ ᱟᱠᱟᱱᱟᱹᱧ	मैं खो गया हूँ
तीन	ᱯᱮ
क्या आप अंग्रेज़ी बोलते हैं?	ᱪᱮᱫ ᱟᱢ ᱤᱝᱨᱟᱡᱤ ᱨᱚᱲ ᱫᱟᱲᱮᱭᱟᱜ ᱠᱟᱱᱟᱢ?
मुझे खेद है	ᱤᱧ ᱤᱠᱟᱹᱧ ᱠᱷᱚᱡᱚᱜ ᱠᱟᱱᱟ
मेरे पास नौ मुर्गी हैं।	ᱤᱧ ᱴᱷᱮᱱ ᱟᱨᱮ ᱜᱚᱴᱟᱝ ᱢᱩᱠᱨᱤ ᱢᱮᱱᱟᱜᱼᱟ ᱠᱚᱣᱟ।
मेरे पास आठ कॉफ़ी हैं।	ᱤᱧ ᱴᱷᱮᱱ ᱤᱨᱟᱹᱞ ᱜᱚᱴᱟᱝ ᱠᱚᱯᱷᱤ ᱢᱮᱱᱟᱜᱼᱟ ᱠᱚᱣᱟ।
मेरे पास ग्यारह पानी हैं।	ᱤᱧ ᱴᱷᱮᱱ ᱜᱮᱞ ᱢᱤᱫ ᱜᱚᱴᱟᱝ ᱫᱟᱜ ᱢᱮᱱᱟᱜᱼᱟ ᱠᱚᱣᱟ।
क्या यह नर्स अच्छा है?	ᱪᱮᱫ ᱱᱚᱣᱟ ᱱᱟᱨᱥ ᱱᱟᱯᱟᱭ ᱠᱟᱱᱟ?
बधाई हो	ᱥᱟᱨᱦᱟᱣ ᱦᱩᱭᱩᱜ ᱢᱟ
मेरे पास दस साँप हैं।	ᱤᱧ ᱴᱷᱮᱱ ᱜᱮᱞ ᱜᱚᱴᱟᱝ ᱥᱟᱸᱯ ᱢᱮᱱᱟᱜᱼᱟ ᱠᱚᱣᱟ।
मेरे पास सात बंदर हैं।	ᱤᱧ ᱴᱷᱮᱱ ᱮᱭᱟᱭ ᱜᱚᱴᱟᱝ ᱵᱟᱸᱫᱚᱨ ᱢᱮᱱᱟᱜᱼᱟ ᱠᱚᱣᱟ।
ᱯᱤᱴᱷᱟᱹ	रोटी
क्या पैदल चलना सुरक्षित है?	ᱪᱮᱫ ᱱᱚᱣᱟ ᱛᱟᱲᱟᱢ ᱞᱟᱹᱜᱤᱫ ᱨᱚᱯᱟ ᱜᱮᱭᱟ?
मेरे पास चार पेंसिल हैं।	ᱤᱧ ᱴᱷᱮᱱ ᱯᱩᱱ ᱜᱚᱴᱟᱝ ᱯᱮᱱᱥᱤᱞ ᱢᱮᱱᱟᱜᱼᱟ ᱠᱚᱣᱟ।
मेरे पास दस बकरी हैं।	ᱤᱧ ᱴᱷᱮᱱ ᱜᱮᱞ ᱜᱚᱴᱟᱝ ᱵᱚᱠᱨᱟ ᱢᱮᱱᱟᱜᱼᱟ ᱠᱚᱣᱟ।
शुभ संध्या	ᱥᱟᱹᱜᱩᱱ ᱥᱤᱸᱜᱟᱹᱲ
चार	ᱯᱩᱱ
ᱱᱩᱭ ᱫᱚ ᱤᱧ ᱨᱮᱱ ᱜᱟᱛᱮ ᱠᱟᱱᱟᱭ	यह मेरा दोस्त है
मेरे पास दस ब्लैकबोर्ड हैं।	ᱤᱧ ᱴᱷᱮᱱ ᱜᱮᱞ ᱜᱚᱴᱟᱝ ᱵᱞᱟᱠᱵᱚᱨᱰ ᱢᱮᱱᱟᱜᱼᱟ ᱠᱚᱣᱟ।
मेरे पास सात अमरूद हैं।	ᱤᱧ ᱴᱷᱮᱱ ᱮᱭᱟᱭ ᱜᱚᱴᱟᱝ ᱟᱢᱨᱩᱫ ᱢᱮᱱᱟᱜᱼᱟ ᱠᱚᱣᱟ।
मेरे पास तीस पेन हैं।	ᱤᱧ ᱴᱷᱮᱱ ᱯᱮ ᱜᱮᱞ ᱜᱚᱴᱟᱝ ᱯᱮᱱ ᱢᱮᱱᱟᱜᱼᱟ ᱠᱚᱣᱟ।
मेरे पास तेरह मुर्गी हैं।	ᱤᱧ ᱴᱷᱮᱱ ᱜᱮᱞ ᱯᱮ ᱜᱚᱴᱟᱝ ᱢᱩᱠᱨᱤ ᱢᱮᱱᱟᱜᱼᱟ ᱠᱚᱣᱟ।
अभी	ᱱᱤᱛᱚᱜ
मेरे पास पाँच साँप हैं।	ᱤᱧ ᱴᱷᱮᱱ ᱢᱚᱬᱮ ᱜᱚᱴᱟᱝ ᱥᱟᱸᱯ ᱢᱮᱱᱟᱜᱼᱟ ᱠᱚᱣᱟ।
मेरे पास पाँच मेज़ हैं।	ᱤᱧ ᱴᱷᱮᱱ ᱢᱚᱬᱮ ᱜᱚᱴᱟᱝ ᱴᱮᱵᱩᱞ ᱢᱮᱱᱟᱜᱼᱟ ᱠᱚᱣᱟ।
मेरे पास अठारह पानी हैं।	ᱤᱧ ᱴᱷᱮᱱ ᱜᱮᱞ ᱤᱨᱟᱹᱞ ᱜᱚᱴᱟᱝ ᱫᱟᱜ ᱢᱮᱱᱟᱜᱼᱟ ᱠᱚᱣᱟ।
मेरे पास पाँच काग़ज़ हैं।	ᱤᱧ ᱴᱷᱮᱱ ᱢᱚᱬᱮ ᱜᱚᱴᱟᱝ ᱠᱟᱜᱚᱡᱽ ᱢᱮᱱᱟᱜᱼᱟ ᱠᱚᱣᱟ।
ᱤᱧ ᱫᱚ ᱡᱚᱢᱟᱜ ᱠᱷᱚᱱ ᱮᱞᱟᱨᱡᱤ ᱢᱮᱱᱟᱜ ᱛᱤᱧᱟ	मुझे खाने से एलर्जी है
मेरे पास पाँच आम हैं।	ᱤᱧ ᱴᱷᱮᱱ ᱢᱚᱬᱮ ᱜᱚᱴᱟᱝ ᱟᱢ ᱢᱮᱱᱟᱜᱼᱟ ᱠᱚᱣᱟ।
मेरे पास बीस पाँच पानी हैं।	ᱤᱧ ᱴᱷᱮᱱ ᱠᱩᱲᱤ ᱢᱚᱬᱮ ᱜᱚᱴᱟᱝ ᱫᱟᱜ ᱢᱮᱱᱟᱜᱼᱟ ᱠᱚᱣᱟ।
मैं वहां किस प्रकार पहुंचा?	ᱤᱧ ᱚᱱᱰᱮ ᱪᱤᱠᱟᱹᱛᱮᱧ ᱥᱮᱴᱮᱨᱚᱜᱼᱟ?
मेरे पास सात चाय हैं।	ᱤᱧ ᱴᱷᱮᱱ ᱮᱭᱟᱭ ᱜᱚᱴᱟᱝ ᱪᱟ ᱢᱮᱱᱟᱜᱼᱟ ᱠᱚᱣᱟ।
मेरे पास सत्तर पेंसिल हैं।	ᱤᱧ ᱴᱷᱮᱱ ᱮᱭᱟᱭ ᱜᱮᱞ ᱜᱚᱴᱟᱝ ᱯᱮᱱᱥᱤᱞ ᱢᱮᱱᱟᱜᱼᱟ ᱠᱚᱣᱟ।
मेरे पास दस नमक हैं।	ᱤᱧ ᱴᱷᱮᱱ ᱜᱮᱞ ᱜᱚᱴᱟᱝ ᱱᱩᱱ ᱢᱮᱱᱟᱜᱼᱟ ᱠᱚᱣᱟ।
मैं बीमार हूँ	ᱤᱧ ᱨᱩᱣᱟᱹ ᱜᱮᱭᱟᱹᱧ
ᱵᱟᱨ	दो
मुझे मदद चाहिए	ᱤᱧ ᱜᱚᱲᱚ ᱞᱟᱹᱠᱛᱤᱭᱟᱹᱧ ᱠᱟᱱᱟ
मदद	ᱜᱚᱲᱚ
मेरे पास दस घोड़ा हैं।	ᱤᱧ ᱴᱷᱮᱱ ᱜᱮᱞ ᱜᱚᱴᱟᱝ ᱜᱷᱚᱲᱟ ᱢᱮᱱᱟᱜᱼᱟ ᱠᱚᱣᱟ।
ᱤᱧ ᱪᱮᱫᱚᱜ ᱠᱟᱱᱟᱹᱧ	मैं सीख रहा हूँ
मेरे पास दस आम हैं।	ᱤᱧ ᱴᱷᱮᱱ ᱜᱮᱞ ᱜᱚᱴᱟᱝ ᱟᱢ ᱢᱮᱱᱟᱜᱼᱟ ᱠᱚᱣᱟ।
ᱫᱟᱭᱟ ᱠᱟᱛᱮ ᱱᱚᱣᱟ ᱚᱞ ᱢᱮ	कृपया इसे लिख लें
क्या यह खेल अच्छा है?	ᱪᱮᱫ ᱱᱚᱣᱟ ᱠᱷᱮᱞ ᱱᱟᱯᱟᱭ ᱠᱟᱱᱟ?
मेरे पास पंद्रह चावल हैं।	ᱤᱧ ᱴᱷᱮᱱ ᱜᱮᱞ ᱢᱚᱬᱮ ᱜᱚᱴᱟᱝ ᱪᱟᱣᱞ ᱢᱮᱱᱟᱜᱼᱟ ᱠᱚᱣᱟ।
इसका क्या मतलब है?	ᱱᱚᱣᱟ ᱨᱮᱭᱟᱜ ᱢᱮᱱᱮᱛ ᱪᱮᱫ ᱠᱟᱱᱟ?
ᱪᱮᱫ ᱟᱢ ᱠᱨᱮᱰᱤᱴ ᱠᱟᱨᱰ ᱮᱢ ᱟᱝᱜᱚᱪ ᱮᱫᱟ?	क्या आप क्रेडिट कार्ड स्वीकार करते हैं?
मेरे पास पंद्रह चीनी हैं।	ᱤᱧ ᱴᱷᱮᱱ ᱜᱮᱞ ᱢᱚᱬᱮ ᱜᱚᱴᱟᱝ ᱪᱤᱱᱤ ᱢᱮᱱᱟᱜᱼᱟ ᱠᱚᱣᱟ।
मेरे पास छः अक्षर हैं।	ᱤᱧ ᱴᱷᱮᱱ ᱛᱩᱨᱩᱭ ᱜᱚᱴᱟᱝ ᱚᱠᱷᱚᱨ ᱢᱮᱱᱟᱜᱼᱟ ᱠᱚᱣᱟ।
मेरे पास बीस तीन मुर्गी हैं।	ᱤᱧ ᱴᱷᱮᱱ ᱠᱩᱲᱤ ᱯᱮ ᱜᱚᱴᱟᱝ ᱢᱩᱠᱨᱤ ᱢᱮᱱᱟᱜᱼᱟ ᱠᱚᱣᱟ।
ᱫᱟᱭᱟ ᱠᱟᱛᱮ ᱚᱱᱟ ᱫᱚᱦᱲᱟᱭ ᱢᱮ	कृपया उसे दोहराएँ
मेरे पास तीस सात पेंसिल हैं।	ᱤᱧ ᱴᱷᱮᱱ ᱯᱮ ᱜᱮᱞ ᱮᱭᱟᱭ ᱜᱚᱴᱟᱝ ᱯᱮᱱᱥᱤᱞ ᱢᱮᱱᱟᱜᱼᱟ ᱠᱚᱣᱟ।
मुझे एक डॉक्टर की जरूरत है	ᱤᱧ ᱢᱤᱫ ᱰᱟᱠᱴᱚᱨ ᱞᱟᱹᱠᱛᱤᱭᱟᱹᱧ ᱠᱟᱱᱟ
ᱟᱭᱢᱟ ᱥᱟᱨᱦᱟᱣ	बहुत बहुत धन्यवाद
मेरे पास तीस सात हाथी हैं।	ᱤᱧ ᱴᱷᱮᱱ ᱯᱮ ᱜᱮᱞ ᱮᱭᱟᱭ ᱜᱚᱴᱟᱝ ᱦᱟᱛᱤ ᱢᱮᱱᱟᱜᱼᱟ ᱠᱚᱣᱟ।
मेरे पास सोलह मुर्गी हैं।	ᱤᱧ ᱴᱷᱮᱱ ᱜᱮᱞ ᱛᱩᱨᱩᱭ ᱜᱚᱴᱟᱝ ᱢᱩᱠᱨᱤ ᱢᱮᱱᱟᱜᱼᱟ ᱠᱚᱣᱟ।
कोई समस्या नहीं	ᱪᱮᱫ ᱦᱚᱸ ᱮᱴᱠᱮᱴᱚᱬᱮ ᱵᱟᱹᱱᱩᱜᱼᱟ
मेरे पास दस कॉफ़ी हैं।	ᱤᱧ ᱴᱷᱮᱱ ᱜᱮᱞ ᱜᱚᱴᱟᱝ ᱠᱚᱯᱷᱤ ᱢᱮᱱᱟᱜᱼᱟ ᱠᱚᱣᱟ।
ᱢᱤᱫ ᱦᱟᱡᱟᱨ	एक हजार
डॉक्टर को बुलाओ	ᱢᱤᱫ ᱰᱟᱠᱴᱚᱨ ᱦᱚᱦᱚᱭᱮᱢ
सुप्रभात	ᱥᱟᱹᱜᱩᱱ ᱥᱮᱛᱟᱜ
ᱡᱷᱤᱡᱽ ᱢᱮ	खुला
मेरे पास सात मछली हैं।	ᱤᱧ ᱴᱷᱮᱱ ᱮᱭᱟᱭ ᱜᱚᱴᱟᱝ ᱢᱟᱪᱷᱤ ᱢᱮᱱᱟᱜᱼᱟ ᱠᱚᱣᱟ।
मेरे पास पाँच पेंसिल हैं।	ᱤᱧ ᱴᱷᱮᱱ ᱢᱚᱬᱮ ᱜᱚᱴᱟᱝ ᱯᱮᱱᱥᱤᱞ ᱢᱮᱱᱟᱜᱼᱟ ᱠᱚᱣᱟ।
ᱟᱢ ᱥᱟᱶ ᱧᱟᱯᱟᱢ ᱠᱟᱛᱮ ᱠᱩᱥᱤ ᱮᱱᱟᱹᱧ	आपसे मिलकर अच्छा लगा
मेरे पास छः तेल हैं।	ᱤᱧ ᱴᱷᱮᱱ ᱛᱩᱨᱩᱭ ᱜᱚᱴᱟᱝ ᱛᱮᱞ ᱢᱮᱱᱟᱜᱼᱟ ᱠᱚᱣᱟ।
ᱤᱧ ᱴᱷᱤᱠ ᱜᱮᱭᱟᱹᱧ, ᱟᱭᱢᱟ ᱥᱟᱨᱦᱟᱣ	मैं ठीक हूँ, धन्यवाद
बाद में मिलते हैं	ᱛᱟᱭᱚᱢ ᱛᱮ ᱞᱟᱝ ᱧᱟᱯᱟᱢᱚᱜᱼᱟ
मेरे पास दस पानी हैं।	ᱤᱧ ᱴᱷᱮᱱ ᱜᱮᱞ ᱜᱚᱴᱟᱝ ᱫᱟᱜ ᱢᱮᱱᱟᱜᱼᱟ ᱠᱚᱣᱟ।
मेरे पास सात केला हैं।	ᱤᱧ ᱴᱷᱮᱱ ᱮᱭᱟᱭ ᱜᱚᱴᱟᱝ ᱠᱮᱞᱟ ᱢᱮᱱᱟᱜᱼᱟ ᱠᱚᱣᱟ।
ᱟᱭᱢᱟ ᱥᱟᱨᱦᱟᱣ	शुभकामनाएँ
छह	ᱛᱩᱨᱩᱭ
मेरे पास चार मुर्गी हैं।	ᱤᱧ ᱴᱷᱮᱱ ᱯᱩᱱ ᱜᱚᱴᱟᱝ ᱢᱩᱠᱨᱤ ᱢᱮᱱᱟᱜᱼᱟ ᱠᱚᱣᱟ।
मेरे पास पाँच दाल हैं।	ᱤᱧ ᱴᱷᱮᱱ ᱢᱚᱬᱮ ᱜᱚᱴᱟᱝ ᱫᱟᱞ ᱢᱮᱱᱟᱜᱼᱟ ᱠᱚᱣᱟ।
मेरे पास सात मेज़ हैं।	ᱤᱧ ᱴᱷᱮᱱ ᱮᱭᱟᱭ ᱜᱚᱴᱟᱝ ᱴᱮᱵᱩᱞ ᱢᱮᱱᱟᱜᱼᱟ ᱠᱚᱣᱟ।
ᱟᱢᱟᱜ ᱥᱟᱹᱜᱩᱱ ᱫᱟᱨᱟᱢ	आपका स्वागत है
ᱦᱚᱥᱯᱤᱴᱟᱞ ᱚᱠᱟᱨᱮ ᱢᱮᱱᱟᱜᱼᱟ?	अस्पताल कहाँ है?
मेरे पास सात सब्ज़ी हैं।	ᱤᱧ ᱴᱷᱮᱱ ᱮᱭᱟᱭ ᱜᱚᱴᱟᱝ ᱥᱚᱵᱽᱡᱤ ᱢᱮᱱᱟᱜᱼᱟ ᱠᱚᱣᱟ।
ᱱᱚᱶᱟ ᱫᱚ ᱥᱟᱝᱜᱤᱧ ᱜᱮᱭᱟ	यह दूर है
मेरे पास चौदह कॉफ़ी हैं।	ᱤᱧ ᱴᱷᱮᱱ ᱜᱮᱞ ᱯᱩᱱ ᱜᱚᱴᱟᱝ ᱠᱚᱯᱷᱤ ᱢᱮᱱᱟᱜᱼᱟ ᱠᱚᱣᱟ।
मेरे पास सात नमक हैं।	ᱤᱧ ᱴᱷᱮᱱ ᱮᱭᱟᱭ ᱜᱚᱴᱟᱝ ᱱᱩᱱ ᱢᱮᱱᱟᱜᱼᱟ ᱠᱚᱣᱟ।
ᱪᱮᱫ ᱟᱢ ᱤᱝᱨᱟᱡᱤ ᱨᱚᱲ ᱫᱟᱲᱮᱭᱟᱜ ᱠᱟᱱᱟᱢ?	क्या आप अंग्रेज़ी बोलते हैं?
मेरे पास आठ पेन हैं।	ᱤᱧ ᱴᱷᱮᱱ ᱤᱨᱟᱹᱞ ᱜᱚᱴᱟᱝ ᱯᱮᱱ ᱢᱮᱱᱟᱜᱼᱟ ᱠᱚᱣᱟ।
आपका स्वागत है	ᱟᱢᱟᱜ ᱥᱟᱹᱜᱩᱱ ᱫᱟᱨᱟᱢ
मैं मांस नहीं खाता	ᱤᱧ ᱡᱤᱞ ᱵᱟᱹᱧ ᱡᱚᱢ ᱮᱫᱟ
मेरे पास दस मुर्गी हैं।	ᱤᱧ ᱴᱷᱮᱱ ᱜᱮᱞ ᱜᱚᱴᱟᱝ ᱢᱩᱠᱨᱤ ᱢᱮᱱᱟᱜᱼᱟ ᱠᱚᱣᱟ।
मेरे पास दस केला हैं।	ᱤᱧ ᱴᱷᱮᱱ ᱜᱮᱞ ᱜᱚᱴᱟᱝ ᱠᱮᱞᱟ ᱢᱮᱱᱟᱜᱼᱟ ᱠᱚᱣᱟ।
मेरे पास सात ब्लैकबोर्ड हैं।	ᱤᱧ ᱴᱷᱮᱱ ᱮᱭᱟᱭ ᱜᱚᱴᱟᱝ ᱵᱞᱟᱠᱵᱚᱨᱰ ᱢᱮᱱᱟᱜᱼᱟ ᱠᱚᱣᱟ।
मेरे पास चौदह पेंसिल हैं।	ᱤᱧ ᱴᱷᱮᱱ ᱜᱮᱞ ᱯᱩᱱ ᱜᱚᱴᱟᱝ ᱯᱮᱱᱥᱤᱞ ᱢᱮᱱᱟᱜᱼᱟ ᱠᱚᱣᱟ।
मेरे पास तीस दो पानी हैं।	ᱤᱧ ᱴᱷᱮᱱ ᱯᱮ ᱜᱮᱞ ᱵᱟᱨ ᱜᱚᱴᱟᱝ ᱫᱟᱜ ᱢᱮᱱᱟᱜᱼᱟ ᱠᱚᱣᱟ।
क्या आप क्रेडिट कार्ड स्वीकार करते हैं?	ᱪᱮᱫ ᱟᱢ ᱠᱨᱮᱰᱤᱴ ᱠᱟᱨᱰ ᱮᱢ ᱟᱝᱜᱚᱪ ᱮᱫᱟ?
कृपया मेनू	ᱢᱮᱱᱭᱩ, ᱫᱟᱭᱟ ᱠᱟᱛᱮ
मेरे पास छः नारियल हैं।	ᱤᱧ ᱴᱷᱮᱱ ᱛᱩᱨᱩᱭ ᱜᱚᱴᱟᱝ ᱱᱟᱨᱤᱭᱟᱞ ᱢᱮᱱᱟᱜᱼᱟ ᱠᱚᱣᱟ।
ᱪᱮᱫ ᱦᱚᱸ ᱮᱴᱠᱮᱴᱚᱬᱮ ᱵᱟᱹᱱᱩᱜᱼᱟ	कोई समस्या नहीं
मेरे पास पंद्रह नारियल हैं।	ᱤᱧ ᱴᱷᱮᱱ ᱜᱮᱞ ᱢᱚᱬᱮ ᱜᱚᱴᱟᱝ ᱱᱟᱨᱤᱭᱟᱞ ᱢᱮᱱᱟᱜᱼᱟ ᱠᱚᱣᱟ।
मेरे पास दस चावल हैं।	ᱤᱧ ᱴᱷᱮᱱ ᱜᱮᱞ ᱜᱚᱴᱟᱝ ᱪᱟᱣᱞ ᱢᱮᱱᱟᱜᱼᱟ ᱠᱚᱣᱟ।
ᱵᱟᱡᱟᱨ ᱚᱠᱟᱨᱮ ᱢᱮᱱᱟᱜᱼᱟ?	बाज़ार कहाँ है?
मुझे नहीं पता	ᱮᱧ ᱫᱚ ᱵᱟᱝ ᱤᱧ ᱵᱟᱰᱟᱭᱟ
ᱢᱤᱫ ᱰᱟᱠᱴᱚᱨ ᱦᱚᱦᱚᱭᱮᱢ	डॉक्टर को बुलाओ
मेरे पास दस सेब हैं।	ᱤᱧ ᱴᱷᱮᱱ ᱜᱮᱞ ᱜᱚᱴᱟᱝ ᱥᱮᱯ ᱢᱮᱱᱟᱜᱼᱟ ᱠᱚᱣᱟ।
मेरे पास चार पेन हैं।	ᱤᱧ ᱴᱷᱮᱱ ᱯᱩᱱ ᱜᱚᱴᱟᱝ ᱯᱮᱱ ᱢᱮᱱᱟᱜᱼᱟ ᱠᱚᱣᱟ।
मेरे पास पंद्रह चाँद हैं।	ᱤᱧ ᱴᱷᱮᱱ ᱜᱮᱞ ᱢᱚᱬᱮ ᱜᱚᱴᱟᱝ ᱪᱟᱸᱫᱚ ᱢᱮᱱᱟᱜᱼᱟ ᱠᱚᱣᱟ।
कृपया उसे दोहराएँ	ᱫᱟᱭᱟ ᱠᱟᱛᱮ ᱚᱱᱟ ᱫᱚᱦᱲᱟᱭ ᱢᱮ
हवाई अड्डा कहाँ है?	ᱮᱭᱟᱨᱯᱚᱨᱴ ᱚᱠᱟᱨᱮ ᱢᱮᱱᱟᱜᱼᱟ?
ᱤᱠᱟᱹ ᱠᱟᱹᱧ ᱢᱮ	क्षमा करें
ᱥᱟᱨᱦᱟᱣ ᱦᱩᱭᱩᱜ ᱢᱟ	बधाई हो
मेरे पास पाँच मछली हैं।	ᱤᱧ ᱴᱷᱮᱱ ᱢᱚᱬᱮ ᱜᱚᱴᱟᱝ ᱢᱟᱪᱷᱤ ᱢᱮᱱᱟᱜᱼᱟ ᱠᱚᱣᱟ।
मेरे पास पाँच अमरूद हैं।	ᱤᱧ ᱴᱷᱮᱱ ᱢᱚᱬᱮ ᱜᱚᱴᱟᱝ ᱟᱢᱨᱩᱫ ᱢᱮᱱᱟᱜᱼᱟ ᱠᱚᱣᱟ।
यह स्वादिष्ट है	ᱱᱚᱣᱟ ᱫᱚ ᱥᱤᱵᱤᱞ ᱜᱮᱭᱟ
मेरे पास पाँच सब्ज़ी हैं।	ᱤᱧ ᱴᱷᱮᱱ ᱢᱚᱬᱮ ᱜᱚᱴᱟᱝ ᱥᱚᱵᱽᱡᱤ ᱢᱮᱱᱟᱜᱼᱟ ᱠᱚᱣᱟ।
मेरे पास पाँच चावल हैं।	ᱤᱧ ᱴᱷᱮᱱ ᱢᱚᱬᱮ ᱜᱚᱴᱟᱝ ᱪᱟᱣᱞ ᱢᱮᱱᱟᱜᱼᱟ ᱠᱚᱣᱟ।
ᱥᱤᱫᱷᱟᱹ ᱞᱟᱦᱟ ᱥᱮᱱᱚᱜ ᱢᱮ	सीधे आगे बढ़ें
मेरे पास चार पानी हैं।	ᱤᱧ ᱴᱷᱮᱱ ᱯᱩᱱ ᱜᱚᱴᱟᱝ ᱫᱟᱜ ᱢᱮᱱᱟᱜᱼᱟ ᱠᱚᱣᱟ।
कल	ᱜᱟᱯᱟ
क्या यह दोस्त अच्छा है?	ᱪᱮᱫ ᱱᱚᱣᱟ ᱜᱟᱛᱮ ᱱᱟᱯᱟᱭ ᱠᱟᱱᱟ?
ᱥᱟᱹᱜᱩᱱ ᱫᱟᱨᱟᱢ	स्वागत है
क्या यह नदी अच्छा है?	ᱪᱮᱫ ᱱᱚᱣᱟ ᱱᱟᱹᱭ ᱱᱟᱯᱟᱭ ᱠᱟᱱᱟ?
क्या यह पेंसिल अच्छा है?	ᱪᱮᱫ ᱱᱚᱣᱟ ᱯᱮᱱᱥᱤᱞ ᱱᱟᱯᱟᱭ ᱠᱟᱱᱟ?
ᱵᱚᱞᱚᱱ ᱰᱟᱦᱟᱨ	प्रवेश
मेरे पास सोलह पेंसिल हैं।	ᱤᱧ ᱴᱷᱮᱱ ᱜᱮᱞ ᱛᱩᱨᱩᱭ ᱜᱚᱴᱟᱝ ᱯᱮᱱᱥᱤᱞ ᱢᱮᱱᱟᱜᱼᱟ ᱠᱚᱣᱟ।
मेरे पास पंद्रह तेल हैं।	ᱤᱧ ᱴᱷᱮᱱ ᱜᱮᱞ ᱢᱚᱬᱮ ᱜᱚᱴᱟᱝ ᱛᱮᱞ ᱢᱮᱱᱟᱜᱼᱟ ᱠᱚᱣᱟ।
नहीं	ᱵᱟᱝ
मेरे पास दस पेंसिल हैं।	ᱤᱧ ᱴᱷᱮᱱ ᱜᱮᱞ ᱜᱚᱴᱟᱝ ᱯᱮᱱᱥᱤᱞ ᱢᱮᱱᱟᱜᱼᱟ ᱠᱚᱣᱟ।
मेरे पास पंद्रह शब्द हैं।	ᱤᱧ ᱴᱷᱮᱱ ᱜᱮᱞ ᱢᱚᱬᱮ ᱜᱚᱴᱟᱝ ᱥᱚᱵᱚᱫ ᱢᱮᱱᱟᱜᱼᱟ ᱠᱚᱣᱟ।
एक हजार	ᱢᱤᱫ ᱦᱟᱡᱟᱨ
मेरे पास सात चीनी हैं।	ᱤᱧ ᱴᱷᱮᱱ ᱮᱭᱟᱭ ᱜᱚᱴᱟᱝ ᱪᱤᱱᱤ ᱢᱮᱱᱟᱜᱼᱟ ᱠᱚᱣᱟ।
मेरे पास तीस कॉफ़ी हैं।	ᱤᱧ ᱴᱷᱮᱱ ᱯᱮ ᱜᱮᱞ ᱜᱚᱴᱟᱝ ᱠᱚᱯᱷᱤ ᱢᱮᱱᱟᱜᱼᱟ ᱠᱚᱣᱟ।
मेरे पास चालीस तीन मुर्गी हैं।	ᱤᱧ ᱴᱷᱮᱱ ᱯᱩᱱ ᱜᱮᱞ ᱯᱮ ᱜᱚᱴᱟᱝ ᱢᱩᱠᱨᱤ ᱢᱮᱱᱟᱜᱼᱟ ᱠᱚᱣᱟ।
मेरे पास छः चाय हैं।	ᱤᱧ ᱴᱷᱮᱱ ᱛᱩᱨᱩᱭ ᱜᱚᱴᱟᱝ ᱪᱟ ᱢᱮᱱᱟᱜᱼᱟ ᱠᱚᱣᱟ।
अस्पताल कहाँ है?	ᱦᱚᱥᱯᱤᱴᱟᱞ ᱚᱠᱟᱨᱮ ᱢᱮᱱᱟᱜᱼᱟ?
ᱜᱮᱞ	दस
ᱱᱤᱛᱚᱜ	अभी
सुबह में	ᱥᱮᱛᱟᱜ ᱨᱮ
खुला	ᱡᱷᱤᱡᱽ ᱢᱮ
मेरे पास छः पेंसिल हैं।	ᱤᱧ ᱴᱷᱮᱱ ᱛᱩᱨᱩᱭ ᱜᱚᱴᱟᱝ ᱯᱮᱱᱥᱤᱞ ᱢᱮᱱᱟᱜᱼᱟ ᱠᱚᱣᱟ।
ᱤᱧ ᱱᱚᱸᱰᱮ ᱪᱷᱩᱴᱤ ᱨᱮ ᱢᱤᱱᱟᱹᱧᱟ	मैं यहां छुट्टी पर हूँ
दस	ᱜᱮᱞ
कल	ᱦᱚᱞᱟ
मेरे पास पंद्रह केला हैं।	ᱤᱧ ᱴᱷᱮᱱ ᱜᱮᱞ ᱢᱚᱬᱮ ᱜᱚᱴᱟᱝ ᱠᱮᱞᱟ ᱢᱮᱱᱟᱜᱼᱟ ᱠᱚᱣᱟ।
मेरे पास सात किताब हैं।	ᱤᱧ ᱴᱷᱮᱱ ᱮᱭᱟᱭ ᱜᱚᱴᱟᱝ ᱯᱚᱛᱚᱢ ᱢᱮᱱᱟᱜᱼᱟ ᱠᱚᱣᱟ।
मेरे पास दस अक्षर हैं।	ᱤᱧ ᱴᱷᱮᱱ ᱜᱮᱞ ᱜᱚᱴᱟᱝ ᱚᱠᱷᱚᱨ ᱢᱮᱱᱟᱜᱼᱟ ᱠᱚᱣᱟ।
ᱤᱨᱟᱹᱞ	आठ
मेरे पास सात पानी हैं।	ᱤᱧ ᱴᱷᱮᱱ ᱮᱭᱟᱭ ᱜᱚᱴᱟᱝ ᱫᱟᱜ ᱢᱮᱱᱟᱜᱼᱟ ᱠᱚᱣᱟ।
मेरे पास आठ पानी हैं।	ᱤᱧ ᱴᱷᱮᱱ ᱤᱨᱟᱹᱞ ᱜᱚᱴᱟᱝ ᱫᱟᱜ ᱢᱮᱱᱟᱜᱼᱟ ᱠᱚᱣᱟ।
मेरे पास पाँच नारियल हैं।	ᱤᱧ ᱴᱷᱮᱱ ᱢᱚᱬᱮ ᱜᱚᱴᱟᱝ ᱱᱟᱨᱤᱭᱟᱞ ᱢᱮᱱᱟᱜᱼᱟ ᱠᱚᱣᱟ।
मेरे पास सात भेड़ हैं।	ᱤᱧ ᱴᱷᱮᱱ ᱮᱭᱟᱭ ᱜᱚᱴᱟᱝ ᱵᱷᱮᱲ ᱢᱮᱱᱟᱜᱼᱟ ᱠᱚᱣᱟ।
मेरे पास पंद्रह कुर्सी हैं।	ᱤᱧ ᱴᱷᱮᱱ ᱜᱮᱞ ᱢᱚᱬᱮ ᱜᱚᱴᱟᱝ ᱠᱩᱨᱥᱤ ᱢᱮᱱᱟᱜᱼᱟ ᱠᱚᱣᱟ।
यह मेरा दोस्त है	ᱱᱩᱭ ᱫᱚ ᱤᱧ ᱨᱮᱱ ᱜᱟᱛᱮ ᱠᱟᱱᱟᱭ
मेरे पास चौदह मुर्गी हैं।	ᱤᱧ ᱴᱷᱮᱱ ᱜᱮᱞ ᱯᱩᱱ ᱜᱚᱴᱟᱝ ᱢᱩᱠᱨᱤ ᱢᱮᱱᱟᱜᱼᱟ ᱠᱚᱣᱟ।
मेरे पास तीस तीन पेंसिल हैं।	ᱤᱧ ᱴᱷᱮᱱ ᱯᱮ ᱜᱮᱞ ᱯᱮ ᱜᱚᱴᱟᱝ ᱯᱮᱱᱥᱤᱞ ᱢᱮᱱᱟᱜᱼᱟ ᱠᱚᱣᱟ।
प्रवेश	ᱵᱚᱞᱚᱱ ᱰᱟᱦᱟᱨ
क्या यह भाषा अच्छा है?	ᱪᱮᱫ ᱱᱚᱣᱟ ᱯᱟᱹᱨᱥᱤ ᱱᱟᱯᱟᱭ ᱠᱟᱱᱟ?
मेरे पास पंद्रह पानी हैं।	ᱤᱧ ᱴᱷᱮᱱ ᱜᱮᱞ ᱢᱚᱬᱮ ᱜᱚᱴᱟᱝ ᱫᱟᱜ ᱢᱮᱱᱟᱜᱼᱟ ᱠᱚᱣᱟ।
मेरे पास दस अमरूद हैं।	ᱤᱧ ᱴᱷᱮᱱ ᱜᱮᱞ ᱜᱚᱴᱟᱝ ᱟᱢᱨᱩᱫ ᱢᱮᱱᱟᱜᱼᱟ ᱠᱚᱣᱟ।
ᱫᱟᱜ, ᱫᱟᱭᱟ ᱠᱟᱛᱮ	पानी, कृपया
मेरे पास पंद्रह दाल हैं।	ᱤᱧ ᱴᱷᱮᱱ ᱜᱮᱞ ᱢᱚᱬᱮ ᱜᱚᱴᱟᱝ ᱫᱟᱞ ᱢᱮᱱᱟᱜᱼᱟ ᱠᱚᱣᱟ।
बाज़ार कहाँ है?	ᱵᱟᱡᱟᱨ ᱚᱠᱟᱨᱮ ᱢᱮᱱᱟᱜᱼᱟ?
ᱯᱷᱟᱨᱢᱟᱥᱭ ᱚᱠᱟᱨᱮ ᱢᱮᱱᱟᱜᱼᱟ?	औषधालय कहां है?
ᱛᱟᱭᱚᱢ ᱛᱮ	बाद में
ᱥᱟᱹᱜᱩᱱ ᱥᱮᱛᱟᱜ	सुप्रभात
ᱮᱭᱟᱭ	सात
मेरे पास पंद्रह हाथी हैं।	ᱤᱧ ᱴᱷᱮᱱ ᱜᱮᱞ ᱢᱚᱬᱮ ᱜᱚᱴᱟᱝ ᱦᱟᱛᱤ ᱢᱮᱱᱟᱜᱼᱟ ᱠᱚᱣᱟ।
मेरे पास पंद्रह अमरूद हैं।	ᱤᱧ ᱴᱷᱮᱱ ᱜᱮᱞ ᱢᱚᱬᱮ ᱜᱚᱴᱟᱝ ᱟᱢᱨᱩᱫ ᱢᱮᱱᱟᱜᱼᱟ ᱠᱚᱣᱟ।
मेरे पास सात मुर्गी हैं।	ᱤᱧ ᱴᱷᱮᱱ ᱮᱭᱟᱭ ᱜᱚᱴᱟᱝ ᱢᱩᱠᱨᱤ ᱢᱮᱱᱟᱜᱼᱟ ᱠᱚᱣᱟ।
मेरे पास उन्नीस पानी हैं।	ᱤᱧ ᱴᱷᱮᱱ ᱜᱮᱞ ᱟᱨᱮ ᱜᱚᱴᱟᱝ ᱫᱟᱜ ᱢᱮᱱᱟᱜᱼᱟ ᱠᱚᱣᱟ।
ᱞᱮᱸᱜᱟ ᱥᱮᱫ ᱟᱹᱪᱩᱨᱚᱜ ᱢᱮ	बाएँ मुड़ें
मेरे पास सोलह पानी हैं।	ᱤᱧ ᱴᱷᱮᱱ ᱜᱮᱞ ᱛᱩᱨᱩᱭ ᱜᱚᱴᱟᱝ ᱫᱟᱜ ᱢᱮᱱᱟᱜᱼᱟ ᱠᱚᱣᱟ।
मेरे पास पाँच पेन हैं।	ᱤᱧ ᱴᱷᱮᱱ ᱢᱚᱬᱮ ᱜᱚᱴᱟᱝ ᱯᱮᱱ ᱢᱮᱱᱟᱜᱼᱟ ᱠᱚᱣᱟ।
मैं यहां काम के लिए हूँ	ᱤᱧ ᱱᱚᱸᱰᱮ ᱠᱟᱹᱢᱤ ᱞᱟᱹᱜᱤᱫ ᱢᱤᱱᱟᱹᱧᱟ
ᱵᱚᱱᱫᱚ	बंद
मेरे पास दस चीनी हैं।	ᱤᱧ ᱴᱷᱮᱱ ᱜᱮᱞ ᱜᱚᱴᱟᱝ ᱪᱤᱱᱤ ᱢᱮᱱᱟᱜᱼᱟ ᱠᱚᱣᱟ।
ᱤᱧ ᱱᱟᱥᱮ ᱨᱚᱲ ᱮᱫᱟᱹᱧ	मैं थोड़ा बोलता हूँ
बहुत बहुत धन्यवाद	ᱟᱭᱢᱟ ᱥᱟᱨᱦᱟᱣ
मेरे पास पाँच अंडा हैं।	ᱤᱧ ᱴᱷᱮᱱ ᱢᱚᱬᱮ ᱜᱚᱴᱟᱝ ᱟᱱᱫᱟ ᱢᱮᱱᱟᱜᱼᱟ ᱠᱚᱣᱟ।
आपसे मिलकर अच्छा लगा	ᱟᱢ ᱥᱟᱶ ᱧᱟᱯᱟᱢ ᱠᱟᱛᱮ ᱠᱩᱥᱤ ᱮᱱᱟᱹᱧ
क्या यह आदमी अच्छा है?	ᱪᱮᱫ ᱱᱚᱣᱟ ᱦᱚᱲ ᱱᱟᱯᱟᱭ ᱠᱟᱱᱟ?
ᱫᱟᱭᱟ ᱠᱟᱛᱮ ᱵᱟᱹᱭ ᱵᱟᱹᱭ ᱛᱮ ᱨᱚᱲ ᱢᱮ	कृपया धीरे बोलें
मेरे पास चालीस सात पानी हैं।	ᱤᱧ ᱴᱷᱮᱱ ᱯᱩᱱ ᱜᱮᱞ ᱮᱭᱟᱭ ᱜᱚᱴᱟᱝ ᱫᱟᱜ ᱢᱮᱱᱟᱜᱼᱟ ᱠᱚᱣᱟ।
मेरे पास पंद्रह ब्लैकबोर्ड हैं।	ᱤᱧ ᱴᱷᱮᱱ ᱜᱮᱞ ᱢᱚᱬᱮ ᱜᱚᱴᱟᱝ ᱵᱞᱟᱠᱵᱚᱨᱰ ᱢᱮᱱᱟᱜᱼᱟ ᱠᱚᱣᱟ।
ᱪᱟ	चाय
मेरे पास पाँच सेब हैं।	ᱤᱧ ᱴᱷᱮᱱ ᱢᱚᱬᱮ ᱜᱚᱴᱟᱝ ᱥᱮᱯ ᱢᱮᱱᱟᱜᱼᱟ ᱠᱚᱣᱟ।
मैं खो गया हूँ	ᱤᱧ ᱟᱫ ᱟᱠᱟᱱᱟᱹᱧ
मैं एक विद्यार्थी हूँ	ᱤᱧ ᱫᱚ ᱢᱤᱫ ᱯᱟᱹᱴᱷᱩᱣᱟᱹ ᱠᱟᱱᱟᱹᱧ
ᱱᱚᱣᱟ ᱨᱮᱭᱟᱜ ᱢᱮᱱᱮᱛ ᱪᱮᱫ ᱠᱟᱱᱟ?	इसका क्या मतलब है?
मेरे पास सात सेब हैं।	ᱤᱧ ᱴᱷᱮᱱ ᱮᱭᱟᱭ ᱜᱚᱴᱟᱝ ᱥᱮᱯ ᱢᱮᱱᱟᱜᱼᱟ ᱠᱚᱣᱟ।
मेरे पास सौ मुर्गी हैं।	ᱤᱧ ᱴᱷᱮᱱ ᱢᱤᱫ ᱥᱟᱭ ᱜᱚᱴᱟᱝ ᱢᱩᱠᱨᱤ ᱢᱮᱱᱟᱜᱼᱟ ᱠᱚᱣᱟ।
मेरे पास दस मछली हैं।	ᱤᱧ ᱴᱷᱮᱱ ᱜᱮᱞ ᱜᱚᱴᱟᱝ ᱢᱟᱪᱷᱤ ᱢᱮᱱᱟᱜᱼᱟ ᱠᱚᱣᱟ।
ᱢᱤᱫ ᱥᱟᱭ	एक सौ
ᱡᱚᱦᱟᱨ	नमस्ते
मेरे पास पाँच अक्षर हैं।	ᱤᱧ ᱴᱷᱮᱱ ᱢᱚᱬᱮ ᱜᱚᱴᱟᱝ ᱚᱠᱷᱚᱨ ᱢᱮᱱᱟᱜᱼᱟ ᱠᱚᱣᱟ।
ᱥᱟᱹᱜᱩᱱ ᱛᱟᱨᱟᱥᱤᱧ	शुभ दोपहर
ᱟᱢᱟᱜ ᱛᱤᱱᱮᱜ ᱵᱚᱭᱮᱥ ᱦᱩᱭᱩᱜ ᱠᱟᱱ ᱛᱟᱢᱟ?	आपकी आयु कितनी है?
बाहर निकलें	ᱚᱰᱚᱠᱚᱜ ᱢᱮ
ᱟᱢᱟᱜ ᱧᱩᱛᱩᱢ ᱪᱮᱫ?	आपका नाम क्या है?
मेरे पास सोलह पेन हैं।	ᱤᱧ ᱴᱷᱮᱱ ᱜᱮᱞ ᱛᱩᱨᱩᱭ ᱜᱚᱴᱟᱝ ᱯᱮᱱ ᱢᱮᱱᱟᱜᱼᱟ ᱠᱚᱣᱟ।
मेरे पास बारह मुर्गी हैं।	ᱤᱧ ᱴᱷᱮᱱ ᱜᱮᱞ ᱵᱟᱨ ᱜᱚᱴᱟᱝ ᱢᱩᱠᱨᱤ ᱢᱮᱱᱟᱜᱼᱟ ᱠᱚᱣᱟ।
ᱯᱮ	तीन
मेरे पास दस नारियल हैं।	ᱤᱧ ᱴᱷᱮᱱ ᱜᱮᱞ ᱜᱚᱴᱟᱝ ᱱᱟᱨᱤᱭᱟᱞ ᱢᱮᱱᱟᱜᱼᱟ ᱠᱚᱣᱟ।
ᱡᱟᱹᱨᱩᱢ ᱢᱟᱦᱟᱸ	शुक्रवार
ᱱᱚᱣᱟ ᱫᱚ ᱥᱤᱵᱤᱞ ᱜᱮᱭᱟ	यह स्वादिष्ट है
मेरे पास पाँच बकरी हैं।	ᱤᱧ ᱴᱷᱮᱱ ᱢᱚᱬᱮ ᱜᱚᱴᱟᱝ ᱵᱚᱠᱨᱟ ᱢᱮᱱᱟᱜᱼᱟ ᱠᱚᱣᱟ।
सात	ᱮᱭᱟᱭ
मेरे पास दस पेन हैं।	ᱤᱧ ᱴᱷᱮᱱ ᱜᱮᱞ ᱜᱚᱴᱟᱝ ᱯᱮᱱ ᱢᱮᱱᱟᱜᱼᱟ ᱠᱚᱣᱟ।
क्या यह नाम अच्छा है?	ᱪᱮᱫ ᱱᱚᱣᱟ ᱧᱩᱛᱩᱢ ᱱᱟᱯᱟᱭ ᱠᱟᱱᱟ?
एक	ᱢᱤᱫ
मेरे पास सौ पेंसिल हैं।	ᱤᱧ ᱴᱷᱮᱱ ᱢᱤᱫ ᱥᱟᱭ ᱜᱚᱴᱟᱝ ᱯᱮᱱᱥᱤᱞ ᱢᱮᱱᱟᱜᱼᱟ ᱠᱚᱣᱟ।
मेरे पास पाँच चीनी हैं।	ᱤᱧ ᱴᱷᱮᱱ ᱢᱚᱬᱮ ᱜᱚᱴᱟᱝ ᱪᱤᱱᱤ ᱢᱮᱱᱟᱜᱼᱟ ᱠᱚᱣᱟ।
आज	ᱛᱮᱦᱮᱧ
मेरे पास पचास पेंसिल हैं।	ᱤᱧ ᱴᱷᱮᱱ ᱢᱚᱬᱮ ᱜᱮᱞ ᱜᱚᱴᱟᱝ ᱯᱮᱱᱥᱤᱞ ᱢᱮᱱᱟᱜᱼᱟ ᱠᱚᱣᱟ।
बिल, कृपया	ᱵᱤᱞ, ᱫᱟᱭᱟ ᱠᱟᱛᱮ
मेरे पास आठ पेंसिल हैं।	ᱤᱧ ᱴᱷᱮᱱ ᱤᱨᱟᱹᱞ ᱜᱚᱴᱟᱝ ᱯᱮᱱᱥᱤᱞ ᱢᱮᱱᱟᱜᱼᱟ ᱠᱚᱣᱟ।
ᱟᱢ ᱚᱠᱟ ᱨᱮᱱ ᱠᱟᱱᱟᱢ?	आप कहाँ से हैं?
ᱢᱚᱬᱮ	पांच
औषधालय कहां है?	ᱯᱷᱟᱨᱢᱟᱥᱭ ᱚᱠᱟᱨᱮ ᱢᱮᱱᱟᱜᱼᱟ?
मेरे पास सौ पानी हैं।	ᱤᱧ ᱴᱷᱮᱱ ᱢᱤᱫ ᱥᱟᱭ ᱜᱚᱴᱟᱝ ᱫᱟᱜ ᱢᱮᱱᱟᱜᱼᱟ ᱠᱚᱣᱟ।
मेरे पास पाँच नमक हैं।	ᱤᱧ ᱴᱷᱮᱱ ᱢᱚᱬᱮ ᱜᱚᱴᱟᱝ ᱱᱩᱱ ᱢᱮᱱᱟᱜᱼᱟ ᱠᱚᱣᱟ।
क्या यह मुर्गी अच्छा है?	ᱪᱮᱫ ᱱᱚᱣᱟ ᱢᱩᱠᱨᱤ ᱱᱟᱯᱟᱭ ᱠᱟᱱᱟ?
मेरे पास सत्रह पेंसिल हैं।	ᱤᱧ ᱴᱷᱮᱱ ᱜᱮᱞ ᱮᱭᱟᱭ ᱜᱚᱴᱟᱝ ᱯᱮᱱᱥᱤᱞ ᱢᱮᱱᱟᱜᱼᱟ ᱠᱚᱣᱟ।
मुझे खाने से एलर्जी है	ᱤᱧ ᱫᱚ ᱡᱚᱢᱟᱜ ᱠᱷᱚᱱ ᱮᱞᱟᱨᱡᱤ ᱢᱮᱱᱟᱜ ᱛᱤᱧᱟ
मेरे पास सोलह कॉफ़ी हैं।	ᱤᱧ ᱴᱷᱮᱱ ᱜᱮᱞ ᱛᱩᱨᱩᱭ ᱜᱚᱴᱟᱝ ᱠᱚᱯᱷᱤ ᱢᱮᱱᱟᱜᱼᱟ ᱠᱚᱣᱟ।
कृपया	ᱫᱟᱭᱟ ᱠᱟᱛᱮ
मेरे पास पंद्रह बकरी हैं।	ᱤᱧ ᱴᱷᱮᱱ ᱜᱮᱞ ᱢᱚᱬᱮ ᱜᱚᱴᱟᱝ ᱵᱚᱠᱨᱟ ᱢᱮᱱᱟᱜᱼᱟ ᱠᱚᱣᱟ।
मेरे पास पाँच तेल हैं।	ᱤᱧ ᱴᱷᱮᱱ ᱢᱚᱬᱮ ᱜᱚᱴᱟᱝ ᱛᱮᱞ ᱢᱮᱱᱟᱜᱼᱟ ᱠᱚᱣᱟ।
ᱜᱚᱲᱚ	मदद
मैं बस देख रहा हूँ	ᱤᱧ ᱫᱚ ᱱᱤᱛ ᱜᱮ ᱠᱚᱭᱚᱜ ᱠᱟᱱᱟᱹᱧ
नौ	ᱟᱨᱮ
ᱱᱚᱣᱟ ᱨᱮᱭᱟᱜ ᱜᱚᱱᱚᱝ ᱛᱤᱱᱟᱹᱜ ?	इसकी लागत कितनी है?
ᱤᱧ ᱨᱮᱸᱜᱮᱡ ᱢᱤᱱᱟᱹᱧᱟ	मुझे भूख लगी है
रोटी	ᱯᱤᱴᱷᱟᱹ
मेरे पास दस शब्द हैं।	ᱤᱧ ᱴᱷᱮᱱ ᱜᱮᱞ ᱜᱚᱴᱟᱝ ᱥᱚᱵᱚᱫ ᱢᱮᱱᱟᱜᱼᱟ ᱠᱚᱣᱟ।
ᱛᱩᱨᱩᱭ	छह
मेरे पास दस दूध हैं।	ᱤᱧ ᱴᱷᱮᱱ ᱜᱮᱞ ᱜᱚᱴᱟᱝ ᱫᱩᱫᱷ ᱢᱮᱱᱟᱜᱼᱟ ᱠᱚᱣᱟ।
मेरे पास नौ पेंसिल हैं।	ᱤᱧ ᱴᱷᱮᱱ ᱟᱨᱮ ᱜᱚᱴᱟᱝ ᱯᱮᱱᱥᱤᱞ ᱢᱮᱱᱟᱜᱼᱟ ᱠᱚᱣᱟ।
मेरे पास साठ पेंसिल हैं।	ᱤᱧ ᱴᱷᱮᱱ ᱛᱩᱨᱩᱭ ᱜᱮᱞ ᱜᱚᱴᱟᱝ ᱯᱮᱱᱥᱤᱞ ᱢᱮᱱᱟᱜᱼᱟ ᱠᱚᱣᱟ।
ᱤᱧ ᱫᱚ ᱢᱤᱫ ᱯᱟᱹᱴᱷᱩᱣᱟᱹ ᱠᱟᱱᱟᱹᱧ	मैं एक विद्यार्थी हूँ
मेरे पास सात आम हैं।	ᱤᱧ ᱴᱷᱮᱱ ᱮᱭᱟᱭ ᱜᱚᱴᱟᱝ ᱟᱢ ᱢᱮᱱᱟᱜᱼᱟ ᱠᱚᱣᱟ।
मुझे प्यास लगी है	ᱤᱧ ᱛᱮᱛᱟᱝ ᱟᱠᱟᱱᱟᱹᱧ
बाएँ मुड़ें	ᱞᱮᱸᱜᱟ ᱥᱮᱫ ᱟᱹᱪᱩᱨᱚᱜ ᱢᱮ
ᱤᱧ ᱚᱠᱟ ᱠᱷᱚᱱ ᱴᱤᱠᱤᱴ ᱠᱤᱨᱤᱧ ᱫᱟᱲᱮᱭᱟᱜᱼᱟᱹᱧ?	मैं टिकट कहाँ से खरीद सकता हूँ?
आपका दिन शुभ हो	ᱟᱢᱟᱜ ᱫᱤᱱ ᱱᱟᱯᱟᱭ ᱛᱟᱦᱮᱱ ᱢᱟ
मेरे पास सात हाथी हैं।	ᱤᱧ ᱴᱷᱮᱱ ᱮᱭᱟᱭ ᱜᱚᱴᱟᱝ ᱦᱟᱛᱤ ᱢᱮᱱᱟᱜᱼᱟ ᱠᱚᱣᱟ।
ᱤᱧ ᱱᱚᱸᱰᱮ ᱠᱟᱹᱢᱤ ᱞᱟᱹᱜᱤᱫ ᱢᱤᱱᱟᱹᱧᱟ	मैं यहां काम के लिए हूँ
ᱫᱚᱥᱟᱨ ᱦᱟᱯᱛᱟ	अगले सप्ताह
मेरे पास पंद्रह पेंसिल हैं।	ᱤᱧ ᱴᱷᱮᱱ ᱜᱮᱞ ᱢᱚᱬᱮ ᱜᱚᱴᱟᱝ ᱯᱮᱱᱥᱤᱞ ᱢᱮᱱᱟᱜᱼᱟ ᱠᱚᱣᱟ।
